{
  "staked_sol": 5377986.197198266,
  "staked_usd": 909630795.2776291,
  "msol_directed_stake_sol": 1075597.2394396532,
  "msol_directed_stake_msol": 705693.4868805452,
  "liquidity_sol": 18274.868219174,
  "liquidity_usd": 3091005.127618455,
  "total_sol": 7868912.015686051,
  "total_usd": 1330945159.087085,
  "self_staked_sol": 1214034.725192254,
  "self_staked_usd": 205341429.3154192,
  "standard_staked_sol": 4163951.472006012,
  "standard_staked_usd": 704289365.9622099,
  "total_virtual_staked_sol": 5334827.070006677,
  "total_virtual_staked_usd": 902330874.8703908,
  "marinade_native_stake_sol": 2472650.950268611,
  "marinade_native_stake_usd": 418223358.68183756
}