{
  "staked_sol": 5358620.88350063,
  "staked_usd": 1196549361.2693393,
  "msol_directed_stake_sol": 1071724.1767001261,
  "msol_directed_stake_msol": 443822.5058913831,
  "liquidity_sol": 14044.6768654,
  "liquidity_usd": 3136095.9280161513,
  "total_sol": 8073576.928331732,
  "total_usd": 1802783500.9748497,
  "self_staked_sol": 1214034.725192254,
  "self_staked_usd": 271087002.90038323,
  "standard_staked_sol": 4144586.158308376,
  "standard_staked_usd": 925462358.3689561,
  "total_virtual_staked_sol": 5281994.515255078,
  "total_virtual_staked_usd": 1179439131.982003,
  "marinade_native_stake_sol": 2700911.367965702,
  "marinade_native_stake_usd": 603098043.7774943
}