{
  "staked_sol": 5421045.887615789,
  "staked_usd": 757234948.9590274,
  "msol_directed_stake_sol": 1084209.1775231578,
  "msol_directed_stake_msol": 713466.7274994544,
  "liquidity_sol": 18325.266571463,
  "liquidity_usd": 2559751.860540945,
  "total_sol": 7973400.129848044,
  "total_usd": 1113758740.56857,
  "self_staked_sol": 1214034.725192254,
  "self_staked_usd": 169581579.3158249,
  "standard_staked_sol": 4207011.162423535,
  "standard_staked_usd": 587653369.6432025,
  "total_virtual_staked_sol": 5379617.743209846,
  "total_virtual_staked_usd": 751448087.9980519,
  "marinade_native_stake_sol": 2534028.975660792,
  "marinade_native_stake_usd": 353964039.74900156
}