{
  "staked_sol": 6123545.741528954,
  "staked_usd": 863285307.2975297,
  "msol_directed_stake_sol": 1224709.148305791,
  "msol_directed_stake_msol": 956381.4732762144,
  "liquidity_sol": 20741.746570713,
  "liquidity_usd": 2924130.204621382,
  "total_sol": 10062048.71498364,
  "total_usd": 1418527628.208506,
  "self_staked_sol": 1214034.725192254,
  "self_staked_usd": 171152202.5057631,
  "standard_staked_sol": 4909511.0163367,
  "standard_staked_usd": 692133104.7917665,
  "total_virtual_staked_sol": 6087255.775684482,
  "total_virtual_staked_usd": 858169220.0438008,
  "marinade_native_stake_sol": 3917761.226883974,
  "marinade_native_stake_usd": 552318190.7063552
}