{
  "rewards_mev": [
    [
      607,
      14549.06539991
    ],
    [
      606,
      16395.95588117
    ],
    [
      605,
      12083.909544404
    ],
    [
      604,
      12192.481925364
    ],
    [
      603,
      11315.79274592
    ],
    [
      602,
      14604.172742834
    ],
    [
      601,
      18343.098709165
    ],
    [
      600,
      19630.470685094
    ],
    [
      599,
      21270.19739627
    ],
    [
      598,
      19048.910428837
    ],
    [
      597,
      19935.014774566
    ],
    [
      596,
      17749.733203603
    ],
    [
      595,
      14641.215565999
    ],
    [
      594,
      11755.885548015
    ]
  ],
  "rewards_inflation_est": [
    [
      608,
      167290.53658517924
    ],
    [
      607,
      167393.2836081496
    ],
    [
      606,
      167495.9154928518
    ],
    [
      605,
      167600.09398734823
    ],
    [
      604,
      167703.13042948293
    ],
    [
      603,
      167805.88633008383
    ],
    [
      602,
      167908.7666618694
    ],
    [
      601,
      168012.3251331933
    ],
    [
      600,
      168115.8923917844
    ],
    [
      599,
      168220.82184032633
    ],
    [
      598,
      168326.441800426
    ],
    [
      597,
      168431.85727275268
    ],
    [
      596,
      168537.30520762995
    ],
    [
      595,
      168642.48351851854
    ]
  ]
}