{
  "staked_sol": 6199643.414489159,
  "staked_usd": 791403172.2965215,
  "msol_directed_stake_sol": 1239928.682897832,
  "msol_directed_stake_msol": 956810.490535556,
  "liquidity_sol": 20689.73427937,
  "liquidity_usd": 2641106.9553448968,
  "total_sol": 10216175.379349299,
  "total_usd": 1304125586.4908247,
  "self_staked_sol": 1214034.725192254,
  "self_staked_usd": 154975192.69411933,
  "standard_staked_sol": 4985608.689296905,
  "standard_staked_usd": 636427979.6024021,
  "total_virtual_staked_sol": 6164498.291072155,
  "total_virtual_staked_usd": 786916791.3382287,
  "marinade_native_stake_sol": 3995842.230580769,
  "marinade_native_stake_usd": 510081307.23895824
}