{
  "staked_sol": 6482257.142918173,
  "staked_usd": 1224544556.3603868,
  "msol_directed_stake_sol": 1296451.4285836348,
  "msol_directed_stake_msol": 923692.8340144084,
  "liquidity_sol": 20975.30654208,
  "liquidity_usd": 3962384.8418533346,
  "total_sol": 10384336.678741433,
  "total_usd": 1961675180.5748038,
  "self_staked_sol": 1214034.725192254,
  "self_staked_usd": 229339808.83353224,
  "standard_staked_sol": 5268222.417725919,
  "standard_staked_usd": 995204747.5268545,
  "total_virtual_staked_sol": 6451634.661015637,
  "total_virtual_staked_usd": 1218759751.3628001,
  "marinade_native_stake_sol": 3881104.229281179,
  "marinade_native_stake_usd": 733168239.3725637
}