{
  "staked_sol": 6741317.919025888,
  "staked_usd": 1224877846.96653,
  "msol_directed_stake_sol": 1348263.5838051776,
  "msol_directed_stake_msol": 1280149.1669762249,
  "liquidity_sol": 20466.431334954,
  "liquidity_usd": 3718691.011129349,
  "total_sol": 10439178.404735573,
  "total_usd": 1896768335.5215013,
  "self_staked_sol": 1214034.725192254,
  "self_staked_usd": 220586576.42287356,
  "standard_staked_sol": 5527283.193833634,
  "standard_staked_usd": 1004291270.5436565,
  "total_virtual_staked_sol": 6659443.436968668,
  "total_virtual_staked_usd": 1210001491.8519447,
  "marinade_native_stake_sol": 3677394.05437473,
  "marinade_native_stake_usd": 668171797.5438417
}