{
  "staked_sol": 5015040.11797972,
  "staked_usd": 671026206.3876889,
  "msol_directed_stake_sol": 1003008.023595944,
  "msol_directed_stake_msol": 521302.3844635255,
  "liquidity_sol": 16395.245105188,
  "liquidity_usd": 2193729.036441403,
  "total_sol": 7546560.593084961,
  "total_usd": 1009750631.4849995,
  "self_staked_sol": 1214034.725192254,
  "self_staked_usd": 162441196.26242498,
  "standard_staked_sol": 3801005.392787466,
  "standard_staked_usd": 508585010.12526387,
  "total_virtual_staked_sol": 4973424.128813357,
  "total_virtual_staked_usd": 665457872.2012367,
  "marinade_native_stake_sol": 2515125.230000053,
  "marinade_native_stake_usd": 336530696.0608693
}