{
  "staked_sol": 5317504.20488078,
  "staked_usd": 767450815.3932416,
  "msol_directed_stake_sol": 1063500.840976156,
  "msol_directed_stake_msol": 502332.90961223963,
  "liquidity_sol": 14823.533997423,
  "liquidity_usd": 2139412.178158641,
  "total_sol": 7928863.723439356,
  "total_usd": 1144336270.4086204,
  "self_staked_sol": 1214034.725192254,
  "self_staked_usd": 175216023.13155004,
  "standard_staked_sol": 4103469.479688526,
  "standard_staked_usd": 592234792.2616917,
  "total_virtual_staked_sol": 5268577.999085552,
  "total_virtual_staked_usd": 760389522.1464624,
  "marinade_native_stake_sol": 2596535.984561153,
  "marinade_native_stake_usd": 374746042.8372201
}