{
  "staked_sol": 4974931.028380762,
  "staked_usd": 644774674.6887742,
  "msol_directed_stake_sol": 994986.2056761524,
  "msol_directed_stake_msol": 521860.8997284807,
  "liquidity_sol": 16403.23661154,
  "liquidity_usd": 2125937.3224900956,
  "total_sol": 7499806.310982504,
  "total_usd": 972010495.5839914,
  "self_staked_sol": 1214034.725192254,
  "self_staked_usd": 157344662.77645853,
  "standard_staked_sol": 3760896.303188508,
  "standard_staked_usd": 487430011.9123157,
  "total_virtual_staked_sol": 4942732.882584915,
  "total_virtual_staked_usd": 640601642.1657774,
  "marinade_native_stake_sol": 2508472.045990202,
  "marinade_native_stake_usd": 325109883.572727
}