{
  "staked_sol": 6210288.182217977,
  "staked_usd": 862874590.4313126,
  "msol_directed_stake_sol": 1242057.6364435954,
  "msol_directed_stake_msol": 982127.3286635351,
  "liquidity_sol": 20528.332132445,
  "liquidity_usd": 2852263.1577292085,
  "total_sol": 10227922.842320891,
  "total_usd": 1421095845.2460651,
  "self_staked_sol": 1214034.725192254,
  "self_staked_usd": 168681337.40864918,
  "standard_staked_sol": 4996253.457025723,
  "standard_staked_usd": 694193253.0226634,
  "total_virtual_staked_sol": 6160319.756326037,
  "total_virtual_staked_usd": 855931839.3445818,
  "marinade_native_stake_sol": 3997106.327970469,
  "marinade_native_stake_usd": 555368991.6570233
}