{
  "staked_sol": 5663863.062436781,
  "staked_usd": 1191814335.704279,
  "msol_directed_stake_sol": 1132772.6124873562,
  "msol_directed_stake_msol": 247308.9081781423,
  "liquidity_sol": 13934.589903646,
  "liquidity_usd": 2932176.1183576956,
  "total_sol": 8764191.122876523,
  "total_usd": 1844198651.335775,
  "self_staked_sol": 1214034.725192254,
  "self_staked_usd": 255462389.1108743,
  "standard_staked_sol": 4449828.337244527,
  "standard_staked_usd": 936351946.5934049,
  "total_virtual_staked_sol": 5591476.780032195,
  "total_virtual_staked_usd": 1176582503.979695,
  "marinade_native_stake_sol": 3086393.470536096,
  "marinade_native_stake_usd": 649452139.513138
}