{
  "staked_sol": 5314654.202438779,
  "staked_usd": 896772030.0259508,
  "msol_directed_stake_sol": 1062930.8404877558,
  "msol_directed_stake_msol": 488019.84451132035,
  "liquidity_sol": 14831.857584467,
  "liquidity_usd": 2502664.2427601065,
  "total_sol": 8045885.655088622,
  "total_usd": 1357628349.3589375,
  "self_staked_sol": 1214034.725192254,
  "self_staked_usd": 204851029.5426311,
  "standard_staked_sol": 4100619.477246525,
  "standard_staked_usd": 691921000.4833196,
  "total_virtual_staked_sol": 5249511.055746831,
  "total_virtual_staked_usd": 885780053.939452,
  "marinade_native_stake_sol": 2716399.595065376,
  "marinade_native_stake_usd": 458353655.09022665
}