{
  "staked_sol": 6331686.943231981,
  "staked_usd": 1245502694.0388322,
  "msol_directed_stake_sol": 1266337.3886463963,
  "msol_directed_stake_msol": 923692.8340144085,
  "liquidity_sol": 20976.419193943,
  "liquidity_usd": 4126260.008048957,
  "total_sol": 10236601.713854805,
  "total_usd": 2013636354.2163143,
  "self_staked_sol": 1214034.725192254,
  "self_staked_usd": 238812110.3333971,
  "standard_staked_sol": 5117652.218039727,
  "standard_staked_usd": 1006690583.705435,
  "total_virtual_staked_sol": 6301303.146626739,
  "total_virtual_staked_usd": 1239525913.938008,
  "marinade_native_stake_sol": 3883938.351428881,
  "marinade_native_stake_usd": 764007400.1694332
}