{
  "staked_sol": 5407899.181827591,
  "staked_usd": 958300746.1142242,
  "msol_directed_stake_sol": 1081579.8363655182,
  "msol_directed_stake_msol": 480964.96465040935,
  "liquidity_sol": 14718.871603637,
  "liquidity_usd": 2608241.234807563,
  "total_sol": 8211197.281503063,
  "total_usd": 1455056060.9186926,
  "self_staked_sol": 1214034.725192254,
  "self_staked_usd": 215131670.1446238,
  "standard_staked_sol": 4193864.456635337,
  "standard_staked_usd": 743169075.9696004,
  "total_virtual_staked_sol": 5370977.727248455,
  "total_virtual_staked_usd": 951758120.9133508,
  "marinade_native_stake_sol": 2788579.228071835,
  "marinade_native_stake_usd": 494147073.5696608
}