{
  "staked_sol": 5367588.676681139,
  "staked_usd": 1267909709.7392418,
  "msol_directed_stake_sol": 1073517.7353362278,
  "msol_directed_stake_msol": 449956.9569244087,
  "liquidity_sol": 14060.16333678,
  "liquidity_usd": 3321233.926263846,
  "total_sol": 8053725.386106867,
  "total_usd": 1902417869.8678122,
  "self_staked_sol": 1214034.725192254,
  "self_staked_usd": 286774287.0684411,
  "standard_staked_sol": 4153553.951488885,
  "standard_staked_usd": 981135422.6708007,
  "total_virtual_staked_sol": 5297855.696888136,
  "total_virtual_staked_usd": 1251437672.2016585,
  "marinade_native_stake_sol": 2672076.546088948,
  "marinade_native_stake_usd": 631186926.2023064
}