{
  "staked_sol": 6058863.952454261,
  "staked_usd": 1080422516.1245105,
  "msol_directed_stake_sol": 1211772.7904908522,
  "msol_directed_stake_msol": 979930.4490073182,
  "liquidity_sol": 18976.940564185,
  "liquidity_usd": 3383986.5086254096,
  "total_sol": 8799552.170751106,
  "total_usd": 1569144706.2845368,
  "self_staked_sol": 1214034.725192254,
  "self_staked_usd": 216487853.6220352,
  "standard_staked_sol": 4844829.227262007,
  "standard_staked_usd": 863934662.5024754,
  "total_virtual_staked_sol": 6007757.696281102,
  "total_virtual_staked_usd": 1071309198.7901707,
  "marinade_native_stake_sol": 2721711.27773266,
  "marinade_native_stake_usd": 485338203.65140074
}