{
  "staked_sol": 5297248.528102948,
  "staked_usd": 787232151.977013,
  "msol_directed_stake_sol": 1059449.7056205897,
  "msol_directed_stake_msol": 501908.961013892,
  "liquidity_sol": 14822.86853978,
  "liquidity_usd": 2202849.014377336,
  "total_sol": 7932553.656499846,
  "total_usd": 1178868850.9798636,
  "self_staked_sol": 1214034.725192254,
  "self_staked_usd": 180419545.01805955,
  "standard_staked_sol": 4083213.802910694,
  "standard_staked_usd": 606812606.9589533,
  "total_virtual_staked_sol": 5249850.110970846,
  "total_virtual_staked_usd": 780188201.1936481,
  "marinade_native_stake_sol": 2620482.259857118,
  "marinade_native_stake_usd": 389433849.9884734
}