{
  "staked_sol": 5363259.803345976,
  "staked_usd": 1287921572.56434,
  "msol_directed_stake_sol": 1072651.9606691953,
  "msol_directed_stake_msol": 448491.2638818235,
  "liquidity_sol": 14029.672826804,
  "liquidity_usd": 3369055.192587877,
  "total_sol": 8054111.115737257,
  "total_usd": 1934096768.408798,
  "self_staked_sol": 1214034.725192254,
  "self_staked_usd": 291535664.82866496,
  "standard_staked_sol": 4149225.078153722,
  "standard_staked_usd": 996385907.735675,
  "total_virtual_staked_sol": 5308704.207003328,
  "total_virtual_staked_usd": 1274820710.0273483,
  "marinade_native_stake_sol": 2676821.639564477,
  "marinade_native_stake_usd": 642806140.6518704
}