{
  "staked_sol": 6112859.279683384,
  "staked_usd": 888291045.6121769,
  "msol_directed_stake_sol": 1222571.855936677,
  "msol_directed_stake_msol": 954866.6303979349,
  "liquidity_sol": 20715.132972139,
  "liquidity_usd": 3010222.595663893,
  "total_sol": 10045261.421853857,
  "total_usd": 1459728641.4760063,
  "self_staked_sol": 1214034.725192254,
  "self_staked_usd": 176417634.71224153,
  "standard_staked_sol": 4898824.55449113,
  "standard_staked_usd": 711873410.8999352,
  "total_virtual_staked_sol": 6067780.931499777,
  "total_virtual_staked_usd": 881740478.8134987,
  "marinade_native_stake_sol": 3911687.009198335,
  "marinade_native_stake_usd": 568427373.2681658
}