{
  "staked_sol": 5460677.329751724,
  "staked_usd": 906801840.7951015,
  "msol_directed_stake_sol": 1092135.465950345,
  "msol_directed_stake_msol": 479668.10576848075,
  "liquidity_sol": 14725.736068924,
  "liquidity_usd": 2445360.4869874683,
  "total_sol": 8364271.878027576,
  "total_usd": 1388973689.139577,
  "self_staked_sol": 1214034.725192254,
  "self_staked_usd": 201602998.5136595,
  "standard_staked_sol": 4246642.60455947,
  "standard_staked_usd": 705198842.2814419,
  "total_virtual_staked_sol": 5406960.774457749,
  "total_virtual_staked_usd": 897881652.2762967,
  "marinade_native_stake_sol": 2888868.812206928,
  "marinade_native_stake_usd": 479726487.85748804
}