{
  "staked_sol": 5372977.079737232,
  "staked_usd": 643698455.0572462,
  "msol_directed_stake_sol": 1074595.4159474464,
  "msol_directed_stake_msol": 651417.140916906,
  "liquidity_sol": 17652.948086351,
  "liquidity_usd": 2114875.0947111114,
  "total_sol": 7899298.874027993,
  "total_usd": 946359235.4456753,
  "self_staked_sol": 1214034.725192254,
  "self_staked_usd": 145444930.3234922,
  "standard_staked_sol": 4158942.354544978,
  "standard_staked_usd": 498253524.73375404,
  "total_virtual_staked_sol": 5269070.903693461,
  "total_virtual_staked_usd": 631250189.5988809,
  "marinade_native_stake_sol": 2508668.84620441,
  "marinade_native_stake_usd": 300545905.2937179
}