{
  "staked_sol": 5492380.967674476,
  "staked_usd": 730631818.5438048,
  "msol_directed_stake_sol": 1098476.1935348953,
  "msol_directed_stake_msol": 759830.4321232535,
  "liquidity_sol": 18417.333640331,
  "liquidity_usd": 2449992.0980646294,
  "total_sol": 8191798.671956927,
  "total_usd": 1089725712.0477564,
  "self_staked_sol": 1214034.725192254,
  "self_staked_usd": 161498702.34112945,
  "standard_staked_sol": 4278346.242482222,
  "standard_staked_usd": 569133116.2026752,
  "total_virtual_staked_sol": 5450579.857006504,
  "total_virtual_staked_usd": 725071166.1265303,
  "marinade_native_stake_sol": 2681000.37064212,
  "marinade_native_stake_usd": 356643901.4058871
}