{
  "staked_sol": 5316613.596842575,
  "staked_usd": 822058233.7143009,
  "msol_directed_stake_sol": 1063322.719368515,
  "msol_directed_stake_msol": 491990.35985498584,
  "liquidity_sol": 14837.054093066,
  "liquidity_usd": 2294114.9021085287,
  "total_sol": 8024223.34811925,
  "total_usd": 1240710605.0365245,
  "self_staked_sol": 1214034.725192254,
  "self_staked_usd": 187714834.5804304,
  "standard_staked_sol": 4102578.871650321,
  "standard_staked_usd": 634343399.1338705,
  "total_virtual_staked_sol": 5229156.295112727,
  "total_virtual_staked_usd": 808535529.1438287,
  "marinade_native_stake_sol": 2692772.697183609,
  "marinade_native_stake_usd": 416358256.4201152
}