{
  "staked_sol": 6359860.464593086,
  "staked_usd": 1103531851.338527,
  "msol_directed_stake_sol": 1271972.0929186174,
  "msol_directed_stake_msol": 931308.6129716893,
  "liquidity_sol": 20839.287237867,
  "liquidity_usd": 3615931.0969490088,
  "total_sol": 10451832.339624278,
  "total_usd": 1813550777.6998732,
  "self_staked_sol": 1214034.725192254,
  "self_staked_usd": 210653361.86843303,
  "standard_staked_sol": 5145825.739400832,
  "standard_staked_usd": 892878489.470094,
  "total_virtual_staked_sol": 6294690.424009394,
  "total_virtual_staked_usd": 1092223864.954626,
  "marinade_native_stake_sol": 4071132.587793325,
  "marinade_native_stake_usd": 706402995.2643971
}