{
  "staked_sol": 5411104.34866339,
  "staked_usd": 920441633.4957774,
  "msol_directed_stake_sol": 1082220.869732678,
  "msol_directed_stake_msol": 697515.5644736635,
  "liquidity_sol": 17714.204417065,
  "liquidity_usd": 3013228.021327834,
  "total_sol": 7935617.855358157,
  "total_usd": 1349867345.172962,
  "self_staked_sol": 1214034.725192254,
  "self_staked_usd": 206510174.92438102,
  "standard_staked_sol": 4197069.623471136,
  "standard_staked_usd": 713931458.5713965,
  "total_virtual_staked_sol": 5368384.592753926,
  "total_virtual_staked_usd": 913174902.0897272,
  "marinade_native_stake_sol": 2506799.302277702,
  "marinade_native_stake_usd": 426412483.6558567
}