{
  "staked_sol": 5175570.476548515,
  "staked_usd": 770628245.8673413,
  "msol_directed_stake_sol": 1035114.0953097031,
  "msol_directed_stake_msol": 631402.4870271342,
  "liquidity_sol": 17592.106225667,
  "liquidity_usd": 2619416.3567527286,
  "total_sol": 7666142.457356782,
  "total_usd": 1141467581.448483,
  "self_staked_sol": 1214034.725192254,
  "self_staked_usd": 180766440.13180533,
  "standard_staked_sol": 3961535.751356261,
  "standard_staked_usd": 589861805.7355359,
  "total_virtual_staked_sol": 5076011.885514399,
  "total_virtual_staked_usd": 755804244.7804486,
  "marinade_native_stake_sol": 2472979.8745826,
  "marinade_native_stake_usd": 368219919.22438896
}