{
  "staked_sol": 6735348.612290643,
  "staked_usd": 1142521311.244775,
  "msol_directed_stake_sol": 1347069.7224581288,
  "msol_directed_stake_msol": 1280149.1669762246,
  "liquidity_sol": 20555.331448684,
  "liquidity_usd": 3486813.4660418653,
  "total_sol": 10429582.172962328,
  "total_usd": 1769176413.2659347,
  "self_staked_sol": 1214034.725192254,
  "self_staked_usd": 205937454.16417503,
  "standard_staked_sol": 5521313.887098389,
  "standard_staked_usd": 936583857.0806,
  "total_virtual_staked_sol": 6684719.382499401,
  "total_virtual_staked_usd": 1133933043.9793143,
  "marinade_native_stake_sol": 3673678.229223,
  "marinade_native_stake_usd": 623168288.5551174
}