{
  "rewards_mev": [
    [
      622,
      21342.728516212
    ],
    [
      621,
      25633.596030223
    ],
    [
      620,
      16208.938623818
    ],
    [
      619,
      15746.139873275
    ],
    [
      618,
      16536.297265371
    ],
    [
      617,
      15868.451141337
    ],
    [
      616,
      15869.76478048
    ],
    [
      615,
      20744.366298085
    ],
    [
      614,
      18828.971938915
    ],
    [
      613,
      14551.314259653
    ],
    [
      612,
      18026.725261728
    ],
    [
      611,
      18800.638030164
    ],
    [
      610,
      19572.252696687
    ],
    [
      609,
      14523.137212456
    ]
  ],
  "rewards_inflation_est": [
    [
      623,
      165742.90238060209
    ],
    [
      622,
      165845.72260262643
    ],
    [
      621,
      165949.22961629415
    ],
    [
      620,
      166053.36545935512
    ],
    [
      619,
      166156.19360511177
    ],
    [
      618,
      166259.28349238072
    ],
    [
      617,
      166362.254789262
    ],
    [
      616,
      166465.11144083645
    ],
    [
      615,
      166568.10934811973
    ],
    [
      614,
      166671.76307720327
    ],
    [
      613,
      166775.24535435665
    ],
    [
      612,
      166878.38341285376
    ],
    [
      611,
      166981.88824150577
    ],
    [
      610,
      167084.98923076663
    ]
  ]
}