{
  "staked_sol": 5530547.138489303,
  "staked_usd": 909854917.2587023,
  "msol_directed_stake_sol": 1106109.4276978606,
  "msol_directed_stake_msol": 918713.9887292952,
  "liquidity_sol": 18901.541042519,
  "liquidity_usd": 3109576.6170434845,
  "total_sol": 8391460.728620538,
  "total_usd": 1380516541.2629015,
  "self_staked_sol": 1214034.725192254,
  "self_staked_usd": 199726254.34320328,
  "standard_staked_sol": 4316512.413297049,
  "standard_staked_usd": 710128662.915499,
  "total_virtual_staked_sol": 5490803.699141826,
  "total_virtual_staked_usd": 903316547.2179847,
  "marinade_native_stake_sol": 2842012.049088716,
  "marinade_native_stake_usd": 467552047.38715565
}