{
  "rewards_mev": [
    [
      593,
      11850.304184604
    ],
    [
      592,
      10467.377168367
    ],
    [
      591,
      13369.486318175
    ],
    [
      590,
      14708.495218102
    ],
    [
      589,
      11378.664813421
    ],
    [
      588,
      9397.954079278
    ],
    [
      587,
      6504.103583216
    ],
    [
      586,
      5804.921731273
    ],
    [
      585,
      13900.207420315
    ],
    [
      584,
      16586.118829987
    ],
    [
      583,
      10732.963379397
    ],
    [
      582,
      7825.209135461001
    ],
    [
      581,
      5709.192112448
    ],
    [
      580,
      6059.806310825
    ]
  ],
  "rewards_inflation_est": [
    [
      593,
      168853.18096033554
    ],
    [
      592,
      168958.30063628728
    ],
    [
      591,
      169062.86515510277
    ],
    [
      590,
      169169.7628634335
    ],
    [
      589,
      169277.90955814606
    ],
    [
      588,
      169384.98785319988
    ],
    [
      587,
      169490.80845108072
    ],
    [
      586,
      169594.71494172607
    ],
    [
      585,
      169698.43366325184
    ],
    [
      584,
      169801.0722829515
    ],
    [
      583,
      169903.82363286827
    ],
    [
      582,
      170005.79785687503
    ],
    [
      581,
      170107.45322368323
    ],
    [
      580,
      170209.13118332563
    ]
  ]
}