{
  "staked_sol": 6266332.421906278,
  "staked_usd": 1171126247.493662,
  "msol_directed_stake_sol": 1253266.4843812555,
  "msol_directed_stake_msol": 901686.103977113,
  "liquidity_sol": 20971.921183211,
  "liquidity_usd": 3919480.4399724337,
  "total_sol": 10114320.779411448,
  "total_usd": 1890283780.498178,
  "self_staked_sol": 1214034.725192254,
  "self_staked_usd": 226893154.76960963,
  "standard_staked_sol": 5052297.696714024,
  "standard_staked_usd": 944233092.7240527,
  "total_virtual_staked_sol": 6236032.195799085,
  "total_virtual_staked_usd": 1165463383.2040064,
  "marinade_native_stake_sol": 3827016.43632196,
  "marinade_native_stake_usd": 715238052.5645434
}