{
  "rewards_mev": [
    [
      595,
      14641.215565999
    ],
    [
      594,
      11755.885548015
    ],
    [
      593,
      11850.304184604
    ],
    [
      592,
      10467.377168367
    ],
    [
      591,
      13369.486318175
    ],
    [
      590,
      14708.495218102
    ],
    [
      589,
      11378.664813421
    ],
    [
      588,
      9397.954079278
    ],
    [
      587,
      6504.103583216
    ],
    [
      586,
      5804.921731273
    ],
    [
      585,
      13900.207420315
    ],
    [
      584,
      16586.118829987
    ],
    [
      583,
      10732.963379397
    ],
    [
      582,
      7825.209135461001
    ]
  ],
  "rewards_inflation_est": [
    [
      596,
      168537.30520762995
    ],
    [
      595,
      168642.48351851854
    ],
    [
      594,
      168748.26681246902
    ],
    [
      593,
      168853.18096033554
    ],
    [
      592,
      168958.30063628728
    ],
    [
      591,
      169062.86515510277
    ],
    [
      590,
      169169.7628634335
    ],
    [
      589,
      169277.90955814606
    ],
    [
      588,
      169384.98785319988
    ],
    [
      587,
      169490.80845108072
    ],
    [
      586,
      169594.71494172607
    ],
    [
      585,
      169698.43366325184
    ],
    [
      584,
      169801.0722829515
    ],
    [
      583,
      169903.82363286827
    ]
  ]
}