{
  "staked_sol": 6482891.065092131,
  "staked_usd": 1170730238.7263062,
  "msol_directed_stake_sol": 1296578.2130184262,
  "msol_directed_stake_msol": 923692.8340144084,
  "liquidity_sol": 20976.381261096,
  "liquidity_usd": 3788075.9671638785,
  "total_sol": 10363132.042582873,
  "total_usd": 1871453943.6724074,
  "self_staked_sol": 1214034.725192254,
  "self_staked_usd": 219239711.01404807,
  "standard_staked_sol": 5268856.339899877,
  "standard_staked_usd": 951490527.7122582,
  "total_virtual_staked_sol": 6452264.722892925,
  "total_virtual_staked_usd": 1165199498.7286444,
  "marinade_native_stake_sol": 3859264.596229647,
  "marinade_native_stake_usd": 696935628.9789371
}