{
  "staked_sol": 5350848.945450945,
  "staked_usd": 1367305149.1553273,
  "msol_directed_stake_sol": 1070169.789090189,
  "msol_directed_stake_msol": 456801.5089892485,
  "liquidity_sol": 14069.092051124,
  "liquidity_usd": 3595082.238641096,
  "total_sol": 8021519.593985311,
  "total_usd": 2049742976.6225898,
  "self_staked_sol": 1214034.725192254,
  "self_staked_usd": 310222910.03373635,
  "standard_staked_sol": 4136814.220258691,
  "standard_staked_usd": 1057082239.121591,
  "total_virtual_staked_sol": 5284115.939278575,
  "total_virtual_staked_usd": 1350252830.189069,
  "marinade_native_stake_sol": 2656601.556483242,
  "marinade_native_stake_usd": 678842745.2286216
}