{
  "staked_sol": 5424126.179095525,
  "staked_usd": 775763950.3146623,
  "msol_directed_stake_sol": 1084825.235819105,
  "msol_directed_stake_msol": 718669.9927314265,
  "liquidity_sol": 18369.943724202,
  "liquidity_usd": 2627287.7215627935,
  "total_sol": 7996627.041814149,
  "total_usd": 1143685596.2272677,
  "self_staked_sol": 1214034.725192254,
  "self_staked_usd": 173632460.4438617,
  "standard_staked_sol": 4210091.453903271,
  "standard_staked_usd": 602131489.8708006,
  "total_virtual_staked_sol": 5379509.196044763,
  "total_virtual_staked_usd": 769382784.7813131,
  "marinade_native_stake_sol": 2554130.918994422,
  "marinade_native_stake_usd": 365294358.19104254
}