{
  "staked_sol": 5287967.45680864,
  "staked_usd": 803496441.4586893,
  "msol_directed_stake_sol": 1057593.491361728,
  "msol_directed_stake_msol": 639235.6741942497,
  "liquidity_sol": 17589.60941684,
  "liquidity_usd": 2672707.176910042,
  "total_sol": 7782949.785784362,
  "total_usd": 1182604187.3380816,
  "self_staked_sol": 1214034.725192254,
  "self_staked_usd": 184470231.60917196,
  "standard_staked_sol": 4073932.731616386,
  "standard_staked_usd": 619026209.8495173,
  "total_virtual_staked_sol": 5223399.918097437,
  "total_virtual_staked_usd": 793685528.6624317,
  "marinade_native_stake_sol": 2477392.719558882,
  "marinade_native_stake_usd": 376435038.70248216
}