{
  "staked_sol": 5282650.674017165,
  "staked_usd": 746077419.2422533,
  "msol_directed_stake_sol": 1056530.134803433,
  "msol_directed_stake_msol": 499633.88306764996,
  "liquidity_sol": 14793.70111197,
  "liquidity_usd": 2089338.67252415,
  "total_sol": 7923505.199927363,
  "total_usd": 1119049635.4397354,
  "self_staked_sol": 1214034.725192254,
  "self_staked_usd": 171460115.48651794,
  "standard_staked_sol": 4068615.948824911,
  "standard_staked_usd": 574617303.7557353,
  "total_virtual_staked_sol": 5232953.64677141,
  "total_virtual_staked_usd": 739058626.5717682,
  "marinade_native_stake_sol": 2626060.824798228,
  "marinade_native_stake_usd": 370882877.524958
}