{
  "staked_sol": 6112509.558931686,
  "staked_usd": 881236061.0282345,
  "msol_directed_stake_sol": 1222501.9117863372,
  "msol_directed_stake_msol": 954866.6303979349,
  "liquidity_sol": 20734.028516567,
  "liquidity_usd": 2989209.823400261,
  "total_sol": 10260552.871788131,
  "total_usd": 1479256450.9767118,
  "self_staked_sol": 1214034.725192254,
  "self_staked_usd": 175026504.06765175,
  "standard_staked_sol": 4898474.833739432,
  "standard_staked_usd": 706209556.9605826,
  "total_virtual_staked_sol": 6076326.787049509,
  "total_virtual_staked_usd": 876019617.1007249,
  "marinade_native_stake_sol": 4127309.28433988,
  "marinade_native_stake_usd": 595031180.1250774
}