{
  "staked_sol": 5470798.669551401,
  "staked_usd": 900736307.5180746,
  "msol_directed_stake_sol": 1094159.7339102803,
  "msol_directed_stake_msol": 480434.6389922129,
  "liquidity_sol": 14726.428381173,
  "liquidity_usd": 2424623.8116590804,
  "total_sol": 8389837.782015884,
  "total_usd": 1381339720.3791249,
  "self_staked_sol": 1214034.725192254,
  "self_staked_usd": 199884006.27034205,
  "standard_staked_sol": 4256763.944359147,
  "standard_staked_usd": 700852301.2477325,
  "total_virtual_staked_sol": 5437300.197020067,
  "total_virtual_staked_usd": 895220971.9559556,
  "marinade_native_stake_sol": 2904312.684083311,
  "marinade_native_stake_usd": 478178789.0493912
}