{
  "staked_sol": 6033868.200053439,
  "staked_usd": 1025891694.0749288,
  "msol_directed_stake_sol": 1206773.6400106878,
  "msol_directed_stake_msol": 962969.9719711296,
  "liquidity_sol": 18925.783847773,
  "liquidity_usd": 3217803.871340082,
  "total_sol": 8730123.37852323,
  "total_usd": 1484314997.4997828,
  "self_staked_sol": 1214034.725192254,
  "self_staked_usd": 206412884.6702753,
  "standard_staked_sol": 4819833.474861185,
  "standard_staked_usd": 819478809.4046535,
  "total_virtual_staked_sol": 5844865.499558415,
  "total_virtual_staked_usd": 993757034.4889176,
  "marinade_native_stake_sol": 2677329.394622019,
  "marinade_native_stake_usd": 455205499.5535138
}