{
  "staked_sol": 6129182.111180486,
  "staked_usd": 993160385.066315,
  "msol_directed_stake_sol": 1225836.4222360973,
  "msol_directed_stake_msol": 981492.9874409982,
  "liquidity_sol": 19491.511938729,
  "liquidity_usd": 3158365.529273589,
  "total_sol": 9972147.55613501,
  "total_usd": 1615866803.618542,
  "self_staked_sol": 1214034.725192254,
  "self_staked_usd": 196719753.6774759,
  "standard_staked_sol": 4915147.385988232,
  "standard_staked_usd": 796440631.3888391,
  "total_virtual_staked_sol": 6067444.008011916,
  "total_virtual_staked_usd": 983156466.565621,
  "marinade_native_stake_sol": 3823473.933015795,
  "marinade_native_stake_usd": 619548053.0229534
}