{
  "staked_sol": 5386764.916067289,
  "staked_usd": 783110228.1603795,
  "msol_directed_stake_sol": 1077352.983213458,
  "msol_directed_stake_msol": 801270.7373761707,
  "liquidity_sol": 18552.126133412,
  "liquidity_usd": 2697047.291939949,
  "total_sol": 8112560.891320973,
  "total_usd": 1179377513.1374192,
  "self_staked_sol": 1214034.725192254,
  "self_staked_usd": 176492389.30107668,
  "standard_staked_sol": 4172730.190875035,
  "standard_staked_usd": 606617838.8593028,
  "total_virtual_staked_sol": 5319544.954099064,
  "total_virtual_staked_usd": 773338010.405553,
  "marinade_native_stake_sol": 2707243.849120272,
  "marinade_native_stake_usd": 393570237.68509984
}