{
  "staked_sol": 5068009.579092079,
  "staked_usd": 697720150.587151,
  "msol_directed_stake_sol": 1013601.9158184158,
  "msol_directed_stake_msol": 522969.52771032864,
  "liquidity_sol": 16415.914261003,
  "liquidity_usd": 2260002.4706868604,
  "total_sol": 7615668.574016601,
  "total_usd": 1048460019.9269189,
  "self_staked_sol": 1214034.725192254,
  "self_staked_usd": 167137902.57494304,
  "standard_staked_sol": 3853974.853899825,
  "standard_staked_usd": 530582248.012208,
  "total_virtual_staked_sol": 4938614.263929902,
  "total_virtual_staked_usd": 679906111.8859061,
  "marinade_native_stake_sol": 2531243.080663519,
  "marinade_native_stake_usd": 348479866.86908096
}