{
  "staked_sol": 5629897.539584575,
  "staked_usd": 1040133790.222357,
  "msol_directed_stake_sol": 1125979.507916915,
  "msol_directed_stake_msol": 243142.70693320228,
  "liquidity_sol": 13955.676500902,
  "liquidity_usd": 2578336.5668625263,
  "total_sol": 8681714.20844313,
  "total_usd": 1603962459.6652193,
  "self_staked_sol": 1214034.725192254,
  "self_staked_usd": 224295119.28008452,
  "standard_staked_sol": 4415862.814392321,
  "standard_staked_usd": 815838670.9422724,
  "total_virtual_staked_sol": 5567946.108081859,
  "total_virtual_staked_usd": 1028688150.793655,
  "marinade_native_stake_sol": 3037860.992357652,
  "marinade_native_stake_usd": 561250332.8759998
}