{
  "staked_sol": 6112544.843635705,
  "staked_usd": 886521074.0131415,
  "msol_directed_stake_sol": 1222508.9687271412,
  "msol_directed_stake_msol": 954866.6303979346,
  "liquidity_sol": 20714.395516321,
  "liquidity_usd": 3004272.137125009,
  "total_sol": 10260573.318164872,
  "total_usd": 1488122330.5021565,
  "self_staked_sol": 1214034.725192254,
  "self_staked_usd": 176075169.3441203,
  "standard_staked_sol": 4898510.118443451,
  "standard_staked_usd": 710445904.6690211,
  "total_virtual_staked_sol": 6076348.997974243,
  "total_virtual_staked_usd": 881271479.8111417,
  "marinade_native_stake_sol": 4127314.079012847,
  "marinade_native_stake_usd": 598596984.3518901
}