{
  "staked_sol": 5076250.262825118,
  "staked_usd": 725920082.7026731,
  "msol_directed_stake_sol": 1015250.0525650238,
  "msol_directed_stake_msol": 529564.8568352313,
  "liquidity_sol": 16483.899926394,
  "liquidity_usd": 2357250.603946978,
  "total_sol": 7586742.032109412,
  "total_usd": 1084928464.564641,
  "self_staked_sol": 1214034.725192254,
  "self_staked_usd": 173610862.83894262,
  "standard_staked_sol": 3862215.537632864,
  "standard_staked_usd": 552309219.8637304,
  "total_virtual_staked_sol": 4946927.319685113,
  "total_virtual_staked_usd": 707426486.6979522,
  "marinade_native_stake_sol": 2494007.8693579,
  "marinade_native_stake_usd": 356651131.25802094
}