{
  "staked_sol": 6741324.071346113,
  "staked_usd": 1224036805.117837,
  "msol_directed_stake_sol": 1348264.8142692228,
  "msol_directed_stake_msol": 1280149.1669762246,
  "liquidity_sol": 20492.628506354,
  "liquidity_usd": 3720890.919931034,
  "total_sol": 10439247.891932003,
  "total_usd": 1895476838.4131453,
  "self_staked_sol": 1214034.725192254,
  "self_staked_usd": 220434913.17124996,
  "standard_staked_sol": 5527289.346153859,
  "standard_staked_usd": 1003601891.946587,
  "total_virtual_staked_sol": 6659449.437916964,
  "total_virtual_staked_usd": 1209170650.6855376,
  "marinade_native_stake_sol": 3677431.192079537,
  "marinade_native_stake_usd": 667719142.3753775
}