{
  "staked_sol": 4953107.065828244,
  "staked_usd": 666303798.1426735,
  "msol_directed_stake_sol": 990621.4131656489,
  "msol_directed_stake_msol": 526954.7585649347,
  "liquidity_sol": 16391.852062351,
  "liquidity_usd": 2205071.108413634,
  "total_sol": 7469591.187850062,
  "total_usd": 1004827255.4765173,
  "self_staked_sol": 1214034.725192254,
  "self_staked_usd": 163314852.21739924,
  "standard_staked_sol": 3739072.34063599,
  "standard_staked_usd": 502988945.9252742,
  "total_virtual_staked_sol": 4901562.121267613,
  "total_virtual_staked_usd": 659369849.0316706,
  "marinade_native_stake_sol": 2500092.269959467,
  "marinade_native_stake_usd": 336318386.22543025
}