{
  "staked_sol": 6741319.270657034,
  "staked_usd": 1214506333.0673432,
  "msol_directed_stake_sol": 1348263.8541314069,
  "msol_directed_stake_msol": 1280149.1669762249,
  "liquidity_sol": 20459.466299356,
  "liquidity_usd": 3685947.8677864126,
  "total_sol": 10439160.376707453,
  "total_usd": 1880704040.320759,
  "self_staked_sol": 1214034.725192254,
  "self_staked_usd": 218718740.8149501,
  "standard_staked_sol": 5527284.54546478,
  "standard_staked_usd": 995787592.2523934,
  "total_virtual_staked_sol": 6689443.436978213,
  "total_virtual_staked_usd": 1205160457.8748848,
  "marinade_native_stake_sol": 3677381.639751064,
  "marinade_native_stake_usd": 662511759.3856294
}