{
  "staked_sol": 6741324.071346113,
  "staked_usd": 1235864960.8341365,
  "msol_directed_stake_sol": 1348264.8142692228,
  "msol_directed_stake_msol": 1280149.166976225,
  "liquidity_sol": 20472.856053952,
  "liquidity_usd": 3753221.945348199,
  "total_sol": 10439165.279738747,
  "total_usd": 1913778132.1658432,
  "self_staked_sol": 1214034.725192254,
  "self_staked_usd": 222565027.61502886,
  "standard_staked_sol": 5527289.346153859,
  "standard_staked_usd": 1013299933.2191075,
  "total_virtual_staked_sol": 6659449.589288893,
  "total_virtual_staked_usd": 1220855179.003435,
  "marinade_native_stake_sol": 3677368.352338681,
  "marinade_native_stake_usd": 674159949.3863586
}