{
  "staked_sol": 5064449.706959285,
  "staked_usd": 749579037.1309934,
  "msol_directed_stake_sol": 1012889.941391857,
  "msol_directed_stake_msol": 526983.7650215721,
  "liquidity_sol": 16297.980334958,
  "liquidity_usd": 2412231.36047146,
  "total_sol": 7595597.119262078,
  "total_usd": 1124209085.7902536,
  "self_staked_sol": 1214034.725192254,
  "self_staked_usd": 179686843.19299448,
  "standard_staked_sol": 3850414.981767031,
  "standard_staked_usd": 569892193.9379989,
  "total_virtual_staked_sol": 4991195.532117382,
  "total_virtual_staked_usd": 738736833.7286444,
  "marinade_native_stake_sol": 2514849.431967835,
  "marinade_native_stake_usd": 372217817.2987887
}