{
  "staked_sol": 5472992.825788447,
  "staked_usd": 1085870677.5959933,
  "msol_directed_stake_sol": 1094598.5651576894,
  "msol_directed_stake_msol": 471654.53740969644,
  "liquidity_sol": 14732.291820375,
  "liquidity_usd": 2922964.493239201,
  "total_sol": 8198670.318715678,
  "total_usd": 1626659485.541609,
  "self_staked_sol": 1214034.725192254,
  "self_staked_usd": 240870900.37061477,
  "standard_staked_sol": 4258958.100596193,
  "standard_staked_usd": 844999777.2253786,
  "total_virtual_staked_sol": 5416742.729749909,
  "total_virtual_staked_usd": 1074710361.5048778,
  "marinade_native_stake_sol": 2710945.201106856,
  "marinade_native_stake_usd": 537865843.4523765
}