{
  "staked_sol": 5561629.810695695,
  "staked_usd": 1213437410.9325519,
  "msol_directed_stake_sol": 1112325.962139139,
  "msol_directed_stake_msol": 254530.21792513228,
  "liquidity_sol": 14034.871801521,
  "liquidity_usd": 3062130.9007040174,
  "total_sol": 8680719.916975435,
  "total_usd": 1893961061.706782,
  "self_staked_sol": 1214034.725192254,
  "self_staked_usd": 264878318.7414673,
  "standard_staked_sol": 4347595.085503441,
  "standard_staked_usd": 948559092.1910846,
  "total_virtual_staked_sol": 5508497.737386011,
  "total_virtual_staked_usd": 1201845045.4445803,
  "marinade_native_stake_sol": 3105055.234478219,
  "marinade_native_stake_usd": 677461519.8735262
}