{
  "staked_sol": 6127284.460241027,
  "staked_usd": 889896709.303433,
  "msol_directed_stake_sol": 1225456.8920482055,
  "msol_directed_stake_msol": 954866.6303979347,
  "liquidity_sol": 20713.849949164,
  "liquidity_usd": 3008377.859127667,
  "total_sol": 10273485.579367751,
  "total_usd": 1492070601.5003593,
  "self_staked_sol": 1214034.725192254,
  "self_staked_usd": 176320442.43073812,
  "standard_staked_sol": 4913249.735048773,
  "standard_staked_usd": 713576266.8726947,
  "total_virtual_staked_sol": 6085091.617655521,
  "total_virtual_staked_usd": 883768828.0182343,
  "marinade_native_stake_sol": 4125487.269177562,
  "marinade_native_stake_usd": 599165514.337799
}