{
  "staked_sol": 5489169.775324903,
  "staked_usd": 1022757036.7128879,
  "msol_directed_stake_sol": 1097833.9550649808,
  "msol_directed_stake_msol": 477380.8535283676,
  "liquidity_sol": 14730.435841203,
  "liquidity_usd": 2744614.855631125,
  "total_sol": 8357281.689143233,
  "total_usd": 1557151446.4329147,
  "self_staked_sol": 1214034.725192254,
  "self_staked_usd": 226202250.763993,
  "standard_staked_sol": 4275135.050132649,
  "standard_staked_usd": 796554785.9488949,
  "total_virtual_staked_sol": 5444536.771094681,
  "total_virtual_staked_usd": 1014440894.0147156,
  "marinade_native_stake_sol": 2853381.477977127,
  "marinade_native_stake_usd": 531649794.86439586
}