{
  "staked_sol": 5579404.057179667,
  "staked_usd": 931676051.290074,
  "msol_directed_stake_sol": 1115880.8114359335,
  "msol_directed_stake_msol": 909415.05142286,
  "liquidity_sol": 18897.689994984,
  "liquidity_usd": 3155628.2736637928,
  "total_sol": 8454696.285772098,
  "total_usd": 1411806345.2043242,
  "self_staked_sol": 1214034.725192254,
  "self_staked_usd": 202725428.61287278,
  "standard_staked_sol": 4365369.331987413,
  "standard_staked_usd": 728950622.6772012,
  "total_virtual_staked_sol": 5513574.189539657,
  "total_virtual_staked_usd": 920683459.5166086,
  "marinade_native_stake_sol": 2856394.538597448,
  "marinade_native_stake_usd": 476974665.64058644
}