{
  "staked_sol": 5969278.840677214,
  "staked_usd": 893919405.6390488,
  "msol_directed_stake_sol": 1193855.7681354429,
  "msol_directed_stake_msol": 983645.6036718069,
  "liquidity_sol": 20400.517292585,
  "liquidity_usd": 3055045.471933055,
  "total_sol": 10000200.375627732,
  "total_usd": 1497563343.018227,
  "self_staked_sol": 1214034.725192254,
  "self_staked_usd": 181805747.21584028,
  "standard_staked_sol": 4755244.11548496,
  "standard_staked_usd": 712113658.4232086,
  "total_virtual_staked_sol": 6129961.781247047,
  "total_virtual_staked_usd": 917982211.6436388,
  "marinade_native_stake_sol": 4010521.017657932,
  "marinade_native_stake_usd": 600588891.9072449
}