{
  "staked_sol": 5023132.058732827,
  "staked_usd": 689523378.1282078,
  "msol_directed_stake_sol": 1004626.4117465655,
  "msol_directed_stake_msol": 535166.3471363573,
  "liquidity_sol": 16395.666096704,
  "liquidity_usd": 2250626.6889812574,
  "total_sol": 7541729.975165179,
  "total_usd": 1035250331.5866435,
  "self_staked_sol": 1214034.725192254,
  "self_staked_usd": 166650073.12005407,
  "standard_staked_sol": 3809097.333540573,
  "standard_staked_usd": 522873305.0081536,
  "total_virtual_staked_sol": 4986667.517199458,
  "total_virtual_staked_usd": 684517904.7371044,
  "marinade_native_stake_sol": 2502202.250335648,
  "marinade_native_stake_usd": 343476326.76945454
}