{
  "staked_sol": 5223977.78634943,
  "staked_usd": 801053502.3544203,
  "msol_directed_stake_sol": 1044795.557269886,
  "msol_directed_stake_msol": 631140.7426090719,
  "liquidity_sol": 17566.886080223,
  "liquidity_usd": 2693735.7308055134,
  "total_sol": 7697515.449310599,
  "total_usd": 1180349910.02641,
  "self_staked_sol": 1214034.725192254,
  "self_staked_usd": 186162117.9049345,
  "standard_staked_sol": 4009943.061157176,
  "standard_staked_usd": 614891384.4494859,
  "total_virtual_staked_sol": 5159510.520180215,
  "total_virtual_staked_usd": 791167983.7967024,
  "marinade_native_stake_sol": 2455970.776880946,
  "marinade_native_stake_usd": 376602671.9411843
}