{
  "staked_sol": 6735373.184355023,
  "staked_usd": 1154934090.7767437,
  "msol_directed_stake_sol": 1347074.6368710047,
  "msol_directed_stake_msol": 1280149.1669762246,
  "liquidity_sol": 20665.997549157,
  "liquidity_usd": 3543658.894041761,
  "total_sol": 10429683.14304537,
  "total_usd": 1788408197.7643404,
  "self_staked_sol": 1214034.725192254,
  "self_staked_usd": 208174076.34786862,
  "standard_staked_sol": 5521338.459162769,
  "standard_staked_usd": 946760014.428875,
  "total_virtual_staked_sol": 6684883.813862234,
  "total_virtual_staked_usd": 1146276531.1125774,
  "marinade_native_stake_sol": 3673643.96114119,
  "marinade_native_stake_usd": 629930448.0935552
}