{
  "staked_sol": 5287347.910586806,
  "staked_usd": 824733717.0700481,
  "msol_directed_stake_sol": 1057469.5821173612,
  "msol_directed_stake_msol": 491390.26636347716,
  "liquidity_sol": 14819.423829265,
  "liquidity_usd": 2311570.6978680217,
  "total_sol": 7984360.287229494,
  "total_usd": 1245420435.6267598,
  "self_staked_sol": 1214034.725192254,
  "self_staked_usd": 189368165.00293428,
  "standard_staked_sol": 4073313.185394552,
  "standard_staked_usd": 635365552.0671139,
  "total_virtual_staked_sol": 5244496.506062582,
  "total_virtual_staked_usd": 818049648.0939604,
  "marinade_native_stake_sol": 2682192.952813423,
  "marinade_native_stake_usd": 418375147.85884356
}