{
  "staked_sol": 5343885.009965155,
  "staked_usd": 753524963.9199789,
  "msol_directed_stake_sol": 1068777.001993031,
  "msol_directed_stake_msol": 508950.13487941754,
  "liquidity_sol": 15635.642240297,
  "liquidity_usd": 2204734.3333576554,
  "total_sol": 7925678.025105829,
  "total_usd": 1117575740.640456,
  "self_staked_sol": 1214034.725192254,
  "self_staked_usd": 171187342.31597164,
  "standard_staked_sol": 4129850.284772901,
  "standard_staked_usd": 582337621.6040071,
  "total_virtual_staked_sol": 5278191.138663829,
  "total_virtual_staked_usd": 744261671.0329154,
  "marinade_native_stake_sol": 2566157.372900377,
  "marinade_native_stake_usd": 361846042.38711953
}