{
  "staked_sol": 5323041.090870481,
  "staked_usd": 884384095.1411167,
  "msol_directed_stake_sol": 1064608.2181740962,
  "msol_directed_stake_msol": 485620.46421689744,
  "liquidity_sol": 14811.398624841,
  "liquidity_usd": 2460804.8570337645,
  "total_sol": 8091334.435178307,
  "total_usd": 1344315657.3057985,
  "self_staked_sol": 1214034.725192254,
  "self_staked_usd": 201702933.26318607,
  "standard_staked_sol": 4109006.365678227,
  "standard_staked_usd": 682681161.8779306,
  "total_virtual_staked_sol": 5209594.478612694,
  "total_virtual_staked_usd": 865535775.5779812,
  "marinade_native_stake_sol": 2753481.945682985,
  "marinade_native_stake_usd": 457470757.30764806
}