{
  "rewards_mev": [
    [
      600,
      19630.470685094
    ],
    [
      599,
      21270.19739627
    ],
    [
      598,
      19048.910428837
    ],
    [
      597,
      19935.014774566
    ],
    [
      596,
      17749.733203603
    ],
    [
      595,
      14641.215565999
    ],
    [
      594,
      11755.885548015
    ],
    [
      593,
      11850.304184604
    ],
    [
      592,
      10467.377168367
    ],
    [
      591,
      13369.486318175
    ],
    [
      590,
      14708.495218102
    ],
    [
      589,
      11378.664813421
    ],
    [
      588,
      9397.954079278
    ],
    [
      587,
      6504.103583216
    ]
  ],
  "rewards_inflation_est": [
    [
      601,
      168012.3251331933
    ],
    [
      600,
      168115.8923917844
    ],
    [
      599,
      168220.82184032633
    ],
    [
      598,
      168326.441800426
    ],
    [
      597,
      168431.85727275268
    ],
    [
      596,
      168537.30520762995
    ],
    [
      595,
      168642.48351851854
    ],
    [
      594,
      168748.26681246902
    ],
    [
      593,
      168853.18096033554
    ],
    [
      592,
      168958.30063628728
    ],
    [
      591,
      169062.86515510277
    ],
    [
      590,
      169169.7628634335
    ],
    [
      589,
      169277.90955814606
    ],
    [
      588,
      169384.98785319988
    ]
  ]
}