{
  "staked_sol": 6286641.321651745,
  "staked_usd": 864725432.1605232,
  "msol_directed_stake_sol": 1257328.264330349,
  "msol_directed_stake_msol": 949220.1798090104,
  "liquidity_sol": 18783.825737473,
  "liquidity_usd": 2583709.010489033,
  "total_sol": 10381695.932214556,
  "total_usd": 1427998837.8889554,
  "self_staked_sol": 1214034.725192254,
  "self_staked_usd": 166990074.45901635,
  "standard_staked_sol": 5072606.596459491,
  "standard_staked_usd": 697735357.7015069,
  "total_virtual_staked_sol": 6251927.067901849,
  "total_virtual_staked_usd": 859950498.0518087,
  "marinade_native_stake_sol": 4076270.784825337,
  "marinade_native_stake_usd": 560689696.717943
}