{
  "staked_sol": 5573863.559276091,
  "staked_usd": 760035185.8222117,
  "msol_directed_stake_sol": 1114772.7118552183,
  "msol_directed_stake_msol": 772921.1853432792,
  "liquidity_sol": 18464.663028773,
  "liquidity_usd": 2517785.63414291,
  "total_sol": 8145872.716264713,
  "total_usd": 1110746579.5941398,
  "self_staked_sol": 1214034.725192254,
  "self_staked_usd": 165542105.24592566,
  "standard_staked_sol": 4359828.834083837,
  "standard_staked_usd": 594493080.5762862,
  "total_virtual_staked_sol": 5508613.094897553,
  "total_virtual_staked_usd": 751137829.7438781,
  "marinade_native_stake_sol": 2553544.493959849,
  "marinade_native_stake_usd": 348193608.1377851
}