{
  "staked_sol": 6181869.423237854,
  "staked_usd": 947900849.0190572,
  "msol_directed_stake_sol": 1236373.8846475708,
  "msol_directed_stake_msol": 983876.0807217057,
  "liquidity_sol": 20398.957836652,
  "liquidity_usd": 3127887.072441388,
  "total_sol": 10196365.651309604,
  "total_usd": 1563466161.4581387,
  "self_staked_sol": 1214034.725192254,
  "self_staked_usd": 186154780.69182727,
  "standard_staked_sol": 4967834.6980456,
  "standard_staked_usd": 761746068.32723,
  "total_virtual_staked_sol": 6138733.982945489,
  "total_virtual_staked_usd": 941286649.0616392,
  "marinade_native_stake_sol": 3994097.270235099,
  "marinade_native_stake_usd": 612437425.3666403
}