{
  "staked_sol": 5321738.004724242,
  "staked_usd": 1244507847.0097008,
  "msol_directed_stake_sol": 1064347.6009448485,
  "msol_directed_stake_msol": 460909.9729510524,
  "liquidity_sol": 14043.109426777,
  "liquidity_usd": 3284032.371102319,
  "total_sol": 7993638.856112159,
  "total_usd": 1869341608.6552942,
  "self_staked_sol": 1214034.725192254,
  "self_staked_usd": 283906449.49127203,
  "standard_staked_sol": 4107703.279531988,
  "standard_staked_usd": 960601397.5184287,
  "total_virtual_staked_sol": 5280412.49447907,
  "total_virtual_staked_usd": 1234843725.6763806,
  "marinade_native_stake_sol": 2657857.74196114,
  "marinade_native_stake_usd": 621549729.2744912
}