{
  "staked_sol": 6266332.421906278,
  "staked_usd": 1189793576.5198686,
  "msol_directed_stake_sol": 1253266.4843812555,
  "msol_directed_stake_msol": 901686.1039771135,
  "liquidity_sol": 20954.608719452,
  "liquidity_usd": 3978668.4098873218,
  "total_sol": 10114395.048162907,
  "total_usd": 1920428322.094621,
  "self_staked_sol": 1214034.725192254,
  "self_staked_usd": 230509749.6354003,
  "standard_staked_sol": 5052297.696714024,
  "standard_staked_usd": 959283826.8844684,
  "total_virtual_staked_sol": 6236032.185799087,
  "total_virtual_staked_usd": 1184040446.3218374,
  "marinade_native_stake_sol": 3827108.017537178,
  "marinade_native_stake_usd": 726656077.1648649
}