{
  "staked_sol": 5378622.514909076,
  "staked_usd": 994736184.9629738,
  "msol_directed_stake_sol": 1075724.5029818153,
  "msol_directed_stake_msol": 698034.7771507613,
  "liquidity_sol": 17633.239536425,
  "liquidity_usd": 3261136.3553365483,
  "total_sol": 7936957.619396701,
  "total_usd": 1467881213.2003555,
  "self_staked_sol": 1214034.725192254,
  "self_staked_usd": 224526682.73388395,
  "standard_staked_sol": 4164587.789716822,
  "standard_staked_usd": 770209502.22909,
  "total_virtual_staked_sol": 5323543.13741929,
  "total_virtual_staked_usd": 984549664.2167319,
  "marinade_native_stake_sol": 2540701.8649512,
  "marinade_native_stake_usd": 469883891.88204503
}