{
  "staked_sol": 5354310.850863462,
  "staked_usd": 1382426865.9517555,
  "msol_directed_stake_sol": 1070862.1701726925,
  "msol_directed_stake_msol": 464453.53310222254,
  "liquidity_sol": 14126.927023067,
  "liquidity_usd": 3647424.289323483,
  "total_sol": 8033796.675533292,
  "total_usd": 2074241983.5523918,
  "self_staked_sol": 1214034.725192254,
  "self_staked_usd": 313451024.24030447,
  "standard_staked_sol": 4140276.125671208,
  "standard_staked_usd": 1068975841.711451,
  "total_virtual_staked_sol": 5306632.236923097,
  "total_virtual_staked_usd": 1370116748.2394316,
  "marinade_native_stake_sol": 2665358.897646763,
  "marinade_native_stake_usd": 688167693.3113127
}