{
  "staked_sol": 5354631.376714326,
  "staked_usd": 838803882.0902798,
  "msol_directed_stake_sol": 1070926.2753428654,
  "msol_directed_stake_msol": 517327.40489255916,
  "liquidity_sol": 15659.02880121,
  "liquidity_usd": 2452989.4261886934,
  "total_sol": 7887199.147162813,
  "total_usd": 1235531038.089659,
  "self_staked_sol": 1214034.725192254,
  "self_staked_usd": 190178738.52383354,
  "standard_staked_sol": 4140596.651522072,
  "standard_staked_usd": 648625143.5664462,
  "total_virtual_staked_sol": 5303275.852708462,
  "total_virtual_staked_usd": 830759030.844267,
  "marinade_native_stake_sol": 2516908.741647277,
  "marinade_native_stake_usd": 394274166.57319057
}