{
  "staked_sol": 5404812.020790082,
  "staked_usd": 859571473.2441108,
  "msol_directed_stake_sol": 1080962.4041580164,
  "msol_directed_stake_msol": 710794.6458930618,
  "liquidity_sol": 18285.859975488,
  "liquidity_usd": 2908149.911265196,
  "total_sol": 7956450.534646426,
  "total_usd": 1265379421.4401128,
  "self_staked_sol": 1214034.725192254,
  "self_staked_usd": 193077874.54751617,
  "standard_staked_sol": 4190777.295597828,
  "standard_staked_usd": 666493598.6965945,
  "total_virtual_staked_sol": 5359897.814133984,
  "total_virtual_staked_usd": 852428399.5097296,
  "marinade_native_stake_sol": 2533352.653880856,
  "marinade_native_stake_usd": 402899798.2847369
}