{
  "staked_sol": 6284581.514183051,
  "staked_usd": 1169822132.34998,
  "msol_directed_stake_sol": 1256916.3028366102,
  "msol_directed_stake_msol": 933890.0345102823,
  "liquidity_sol": 25280.853892971,
  "liquidity_usd": 4705818.890559501,
  "total_sol": 10139055.60669886,
  "total_usd": 1887300152.4565809,
  "self_staked_sol": 1214034.725192254,
  "self_staked_usd": 225982380.49203518,
  "standard_staked_sol": 5070546.788990797,
  "standard_staked_usd": 943839751.857945,
  "total_virtual_staked_sol": 6254718.502277577,
  "total_virtual_staked_usd": 1164263383.1815886,
  "marinade_native_stake_sol": 3829193.238622838,
  "marinade_native_stake_usd": 712772201.2160413
}