{
  "staked_sol": 5611084.024559142,
  "staked_usd": 961427132.9615704,
  "msol_directed_stake_sol": 1122216.8049118284,
  "msol_directed_stake_msol": 908319.1142032507,
  "liquidity_sol": 18935.444486818,
  "liquidity_usd": 3244480.037125225,
  "total_sol": 8424205.064383265,
  "total_usd": 1443439322.4340808,
  "self_staked_sol": 1214034.725192254,
  "self_staked_usd": 208017901.7189255,
  "standard_staked_sol": 4397049.299366888,
  "standard_staked_usd": 753409231.2426448,
  "total_virtual_staked_sol": 5543873.117245404,
  "total_virtual_staked_usd": 949910928.6702846,
  "marinade_native_stake_sol": 2794185.595337304,
  "marinade_native_stake_usd": 478767709.4353851
}