{
  "staked_sol": 6741324.321730875,
  "staked_usd": 1211928409.6422517,
  "msol_directed_stake_sol": 1348264.8643461752,
  "msol_directed_stake_msol": 1280149.1669762249,
  "liquidity_sol": 20437.909966812,
  "liquidity_usd": 3674245.970134594,
  "total_sol": 10436955.507909948,
  "total_usd": 1876314250.2185056,
  "self_staked_sol": 1214034.725192254,
  "self_staked_usd": 218254322.6721579,
  "standard_staked_sol": 5527289.596538621,
  "standard_staked_usd": 993674086.9700937,
  "total_virtual_staked_sol": 6690379.056677117,
  "total_virtual_staked_usd": 1202769673.0040548,
  "marinade_native_stake_sol": 3675193.276212262,
  "marinade_native_stake_usd": 660711594.6061195
}