vote_account,max_commission,marinade_stake,version,score_credits,score_block_production,score_inflation_commission,score_mev_commission,score_country_concentration,score_city_concentration,score_aso_concentration,score_node_concentration,score,ui_hints,blacklisted,eligible_stake_algo,eligible_bonus,in_algo_stake_set,msol_votes,vemnde_votes,rank,target_stake_vemnde,target_stake_msol,target_stake_algo,target_stake
"GuxBSrv5jnSwwPepkqnmkM7YCBSakKanbnw4BKMdda4j","0","0","2.0.19","1","1","1","1","0.9974370034176375","0.9974370034176375","0.9998324966187747","1","0.9995650001149448","","0","1","1","0","391.804982873","2929.15329456","1","0","0","0","0"
"3pBPy27F1Wz3iVydZnGkdvefStrFm8UMCDakYZii8AUZ","0","716.147180436","2.0.19","1","1","1","1","0.9974370034176375","0.9974370034176375","0.9988307121556119","1","0.9994357376035689","","0","1","1","1","0","0","2","0","0","23500","23500"
"FahWJg2PkphJaMUUCzdYhXkD5NngUuuFRFD3YCE3BSwb","0","0","2.0.19","1","1","1","1","0.9994683762702404","0.9994683762702404","0.9995619747263533","0.9819453211269065","0.9986929168551751","","0","1","1","0","0.086625531","0","3","0","0","0","0"
"FxQLh2b8JnBFwPw325tix5x6BEJ7ibmqz2LyKLZWiGAX","0","2335.412608065","2.0.19","1","1","1","1","0.978601504976187","0.9993188725451251","0.999916240217007","1","0.9985427286598637","","0","1","1","1","0","0","4","0","0","50896","50896"
"4jx1b7HCN9nCxygP3hruC85BxcYndhxby4hkNexuHvxT","0","37299.966671132","2.0.19","1","1","1","1","0.9963203137369832","0.9963203137369832","0.9963203137369832","0.9927980774952305","0.9984670638265584","","0","1","1","1","0","0","5","0","0","50609","50609"
"EBGfQMkRqBZ6mj2AJ1UxwKD7MbiuMGJamzKZe2UZrG6B","0","0","2.0.19","1","1","1","1","0.989688851699361","0.999060086382148","0.999060086382148","0.980855148211172","0.9978873743385839","","0","1","1","1","1e-9","1.881343769","6","0","0","48518","48518"
"Dcoj98wWiKhA4iqxcSg7NtuR2miA7tZqtycMdkPo8XDw","0","0","2.0.19","1","1","1","1","0.9941138821138796","0.9943793975079381","0.9987643043344813","0.9818775838019577","0.997747688441723","","0","1","1","0","3.0000000000000004e-9","90.877417603","7","0","0","0","0"
"Atw2Wond9H3DHfgg5NGqi4dxMwF3Nrgdhm39x2oK8MCW","0","0","2.0.19","1","1","1","1","0.989688851699361","0.999060086382148","0.999060086382148","0.9767118186317941","0.9976200627528174","","0","1","1","1","0","0","8","0","0","47615","47615"
"3Xn3K5zeTzs4sURj1PCRaF6rvFg2hPgT49B4SiM998f7","0","0","2.0.19","1","1","1","1","0.9973712053540456","0.9973712053540456","0.9973712053540456","0.971658169518102","0.9974082963620199","","0","1","1","1","0","1572.0811211680002","9","2604","0","46926","49530"
"GFK84uv9cr1d6KnkPERSEYagTvpLKTuwa8W9adx1qMg6","0","5755.093135192","2.0.19","1","1","1","0.95","0.9941138821138796","0.9943793975079381","0.9990755114825549","1","0.9971399355703805","","0","1","1","1","0","0","10","0","0","46086","46086"
"5AC692spnjbegP7ttCXJEzUe8S81sLYsqJd8Ae6Zv1xU","0","79.887413455","2.0.19","1","1","1","1","0.9974370034176375","0.9974370034176375","0.9988307121556119","0.9613859688049889","0.9969445097845359","","0","1","1","1","0","15232.613199621","11","0","0","23","23"
"BK5Km4MyuncoBWKCM9y3zntA1JjhdqNcHd3mxitms4Xo","0","28404.662588925","2.0.19","1","1","1","1","0.9944204589052517","0.9957290101647214","0.9991847012846553","0.9660557774256523","0.9969315583320836","","0","1","1","1","0","0","12","0","0","45457","45457"
"D3DfFvmLBKkX9JJNEpJRXpM1pYTVPQ5dpPQRc9F49xk4","0","0","2.0.19","1","1","1","0.92","0.9992647209161146","0.9992647209161146","0.9994446751600765","1","0.9969023969426091","","0","1","1","1","0","0","13","0","0","45371","45371"
"ATRFbtnsDd9ka3eZooTPixm3AjicHxod1BAhNYBMsj8K","0","0","2.0.19","1","1","1","0.95","0.978601504976187","0.9998627812780371","0.999757358833776","1","0.9967577673910191","","0","1","1","1","0","0","14","0","0","44948","44948"
"5iJDEVRi1nMLwKAWhYbEokZnvBAe15rgFaHGkggVEP9z","0","57.205928133","2.0.19","1","1","1","1","0.9973712053540456","0.9973712053540456","0.9973712053540456","0.9581086005392723","0.9965341306214502","","0","1","1","0","0.001420864","142.408472151","15","0","0","0","0"
"7XTz9RDt9gbckonUUYvzQ8q3Pfdo36oiQsreXsHhNFzj","0","101234.94731343401","2.0.19","1","1","1","1","0.978601504976187","0.9841794655832776","0.9967494563986543","0.997813722424899","0.9965279573273104","","0","1","1","1","0","1.208240393","16","0","0","14777","14777"
"9Gko8QZBbV5SrEvHKtQHcMrGGSfgFP3KJUozEGifu25x","0","0","2.0.19","1","1","1","0.92","0.9963203137369832","0.9963203137369832","0.9963203137369832","1","0.9960243491494467","","0","1","1","0","0","1253.73126047","17","0","0","0","0"
"BUyTfHHrp3HQ4TQXaXrRrNuhLsbz23auKYNrxkQRfViP","0","0","2.0.19","1","1","1","0.9","0.9982214995144065","0.9982214995144065","0.9994929472530547","1","0.9960135253736856","","0","1","1","1","0","0","18","0","0","42922","42922"
"HQbdXrLm3EuFyu66mCpDS4ir9zRkhNHJVnck4vxG7jEo","0","0","2.0.19","1","1","1","0.93","0.978601504976187","0.9997922392941198","0.9995208330371526","1","0.9959935825801078","","0","1","1","1","0","0","19","0","0","42871","42871"
"Cc7UtVq4G25VbC3w6Ccs2XL2xikjc926q1sHp8zfddoL","0","0","2.0.19","1","1","1","0.9","0.9941138821138796","0.999898842114954","0.9997374621067979","1","0.9959423915806391","","0","1","1","1","0","0","20","0","0","42740","42740"
"Fm3YevqrrvwKWEAJVmypyja8JZnanYudvx2ZXV4RogX9","0","1490.902583089","2.0.19","1","1","1","0.98","0.978601504976187","0.9841794655832776","0.9967494563986543","1","0.9959421687837685","","0","1","1","1","0","0","21","0","0","42740","42740"
"9KCBBdzx4cGZg14YaqBuZd1tGUvo9ohYnW7KEqQes1E1","0","0","2.0.19","1","1","1","0.9","0.9941138821138796","0.9998386526478168","0.9997374621067979","1","0.9959365667934968","","0","1","1","1","0","0","22","0","0","12184","12184"
"DnHUCbu4unnxGukqp5hJWZL6a1P5Msb491f6iybbRCF5","0","0","2.0.19","1","1","1","0.9","0.9941138821138796","0.9998386526478168","0.9997374621067979","1","0.9959365667934968","","0","1","1","1","1.1e-8","1.591863269","23","0","0","5489","5489"
"2g2QU1NDRax6i2mKzRwgRfdBFoDkMC6bj7Zp5Q3i8sCq","0","0","2.0.19","1","1","1","0.95","0.9941138821138796","0.9943793975079381","0.9987643043344813","0.9814980020779287","0.9959061025240438","","0","1","1","0","1e-9","1232.0428304020002","24","0","0","0","0"
"HBH2mppWdny8NBgxm61DjDqBzNLymn8fZFkFX6JnSAX6","0","0","2.0.19","1","1","1","0.9","0.9921072360285483","0.9999225352626678","0.9999225352626678","1","0.9958391038353476","","0","1","1","1","0","0","25","0","0","42481","42481"
"g4MMQmzT7182jBvyUebMvsgvNM3RVrVFFJd9tRjWXhf","0","0","2.0.19","1","1","1","0.9","0.9982214995144065","0.9982214995144065","0.9994929472530547","0.99566152102101","0.9957336235040732","","0","1","1","1","0","31373.681388286","26","51906","0","42220","94126"
"B1UaJwhZ9rmB6rUwCikMCkYEPVgpGYgmmrKqfAHCZanw","0","0","2.0.19","1","1","1","0.9","0.9974370034176375","0.9974370034176375","0.9986763248094899","0.9987002988509044","0.9956977714202567","","0","1","1","1","0","0","27","0","0","42132","42132"
"3FLezD8GJgnawEHhZcsjdPxZVar9FzqEdViusQ5ZdSwe","0","5296.344048224","2.0.19","1","1","1","0.91","0.9963203137369832","0.9963203137369832","0.9963203137369832","1","0.995660929794608","","0","1","1","1","0","0","28","0","0","42043","42043"
"GxMWXbj3xLVf9bK4rspJ3yjg7cmaLhZX6325brY8J1wi","0","965.430488615","2.0.19","1","1","1","0.93","0.9974370034176375","0.9974370034176375","0.9988307121556119","0.9785645639821131","0.9955088707637051","","0","1","1","1","0","2.644673327","29","0","0","41679","41679"
"A7uqmajxP3NdzbYDXiGQRGTL8d3dZ5pjS4kR9NTZcxtg","0","26624.768439121","2.0.19","1","1","1","1","0.9936929193540976","0.9936929193540976","0.9907958424202312","0.9645091567573262","0.9955053638698732","","0","1","1","1","2.459410903","17.293399638","30","0","0","23","23"
"FGj3nQTn2Lwe9KkaKnFGm4HcxLSh8B8TjpvP4CinP4iX","0","5094.353959057","2.0.19","1","1","1","0.91","0.9921072360285483","0.9934913899001508","0.9979921945593466","1","0.9953310780643528","","0","1","1","1","0","0","31","0","0","41265","41265"
"9esjPxaUdD7yg4yDrBkP3jLipcAGVjpLDXsddF89avzW","0","5185.369099654","2.0.19","1","1","1","0.91","0.9921072360285483","0.9934913899001508","0.9979921945593466","1","0.9953310780643528","","0","1","1","1","0","0","32","0","0","41265","41265"
"AjdEzodq5LpRA63AtQaiHyTLDfjTkr6csrtYWiSDPjaK","0","124299.78705452799","2.0.19","1","1","1","1","0.9936929193540976","0.9936929193540976","0.9907958424202312","0.96068406233058","0.9952585835842767","","0","1","1","1","0","0","33","0","0","41099","41099"
"GhBWWed6j9tXLEnKiw9CVDHyQCYunAVGnssrbYxbBmFm","0","38683.373619667","2.0.19","1","1","1","0.9","0.9963203137369832","0.9963203137369832","0.9963203137369832","0.9989395229220674","0.9952290925637736","","0","1","1","1","0","0","34","0","0","1288","1288"
"6bb3VS1Mx1UBEiyFbrdh4QeB4FRVCBwreL3C9mWvKWiH","0","114899.733971206","2.0.19","1","1","1","0.95","0.989688851699361","0.9907800562608367","0.9906466236217257","0.9961663861428185","0.9951711980307668","","0","1","1","1","0","0","35","0","0","205","205"
"6JfBwvcz5QUKQJ37BMKTLrf968DDJBtwoZLw19aHwFtQ","0","69677.235487948","2.0.19","1","1","1","1","0.9973712053540456","0.9973712053540456","0.9973712053540456","0.936416563988319","0.9951346443923563","","0","1","1","0","1e-9","354.75466051","36","0","0","0","0"
"EsEtxoyhFTgfvudcy2VwwQJ1qA6BScLUW39PKpYczuxF","0","0","2.0.19","1","1","1","0.9","0.9974370034176375","0.9974370034176375","0.9986763248094899","0.9861957235487531","0.9948910246265695","","0","1","1","1","0","17188.531024289","37","28436","0","40290","68726"
"8XPteKmVNkkAwESc7b68BLKLLfHfBwKrag9jk2JnotqM","0","0","2.0.19","1","1","1","0.92","0.9936929193540976","0.9936929193540976","0.9907958424202312","1","0.9948877408532715","","0","1","1","0","0.002898285","8.795043087","38","0","0","0","0"
"5szskKdH8nfnUuHTvn9hnhH3Xuvo7RVmcDDvD5WD7yNh","0","0","2.0.19","1","1","1","0.93","0.9921072360285483","0.9934913899001508","0.9979921945593466","0.9804051682030718","0.9947937340774542","","0","1","1","1","0","0","39","0","0","40084","40084"
"EKUh585fWD7LeDRHgmYd9EXpQnY6KNbNAhyBi3FuVw6Y","0","0","2.0.19","1","1","1","0.92","0.9944204589052517","0.9957290101647214","0.999493267151301","0.9750947931684836","0.9946471807498981","","0","1","1","0","85.827317708","10751.259068658","40","0","0","0","0"
"DimavhUqvCpWjUZqSFZGLqBiUVUYQ5jZEaCHutKKVs45","0","118959.28751197699","2.0.19","1","1","1","0.95","0.9944204589052517","0.9957290101647214","0.9993269465940091","0.9585156062143438","0.994646353132561","","0","1","1","1","1e-9","17789.209518295","41","276","0","17202","17478"
"5HScvYkTWL9iojhPv26xK7GqB7oBsj9A2qHCeNRFmdyG","0","1072.391643129","2.0.19","1","1","1","0.92","0.9944204589052517","0.9994307529024227","0.9994307529024227","0.9688625925968326","0.9945952701071332","","0","1","1","1","1.5312595320000002","156.19177298","42","255","148","39673","40076"
"MNDE6ueF5uMvyk3ohq7wWZ8H749pbpj1yHj2MvMRCJM","0","0","2.0.19","1","1","1","0.92","0.9944204589052517","0.9957290101647214","0.9994816600863613","0.9739375971282443","0.9945710252550517","","0","1","1","0","1.099448586","67.608695859","43","0","0","0","0"
"HcbE5huUVDgsf7SURsRfQqnFMp3Zz3i49eXMddugPyAP","0","1319.732734605","2.0.19","1","1","1","0.9","0.9944204589052517","0.99951925502604","0.99951925502604","0.9776858182971413","0.9944576561157119","","0","1","1","1","0.24147975700000002","31700.20895535","44","52450","23","39396","91869"
"H5oqciP46Ls3mJZu334niaKMcVWjsC7JKULLCZHxT8hr","0","4537.188466764","2.0.19","1","1","1","0.92","0.989688851699361","0.9907800562608367","0.9906466236217257","1","0.9943282698925204","","0","1","1","1","0","0","45","0","0","39141","39141"
"8F4e1nbeC6hn9jkojtboERZGaafxUUtsqUy3MKJLohkh","0","5446.366245712","2.0.19","1","1","1","0.92","0.989688851699361","0.9907800562608367","0.9906466236217257","1","0.9943282698925204","","0","1","1","1","1e-9","16227.688725375","46","124","0","8348","8472"
"H4QVPxS7napq3NEYxqLhxbKi9nJ8s56dD2EQZGsyZ3sb","0","0","2.0.19","1","1","1","0.9","0.99841112111206","0.9994733546171636","0.9988328215479448","0.9731095786205438","0.9943268628873703","","0","1","1","0","3.29919624","32.753788983","47","0","0","0","0"
"D8aGMETy3q6ymADJs7YS81QY2qTQmptVox3iCfGDgSTA","0","124479.405835015","2.0.19","1","1","1","1","0.978601504976187","0.9967449173335394","0.9967449173335394","0.9424596045168161","0.9941721496877671","","0","1","1","1","8.677250823","3.845768911","48","0","851","38841","39692"
"GNajgJGjkdnmZTRGZzsQ4P4eL54gHRMfDDLyZpnZYmUy","0","2687.090961982","2.0.19","1","1","1","0.9","0.9936929193540976","0.9936929193540976","0.9907958424202312","1","0.9941609021435941","","0","1","1","1","0","0","49","0","0","38820","38820"
"DzQHN1oTdN85Sbku2bc9Fu9yEwrgRMiu2XbRcntZ31yb","0","0","2.0.19","1","1","1","1","0.9982829158431865","0.999704248335863","0.9577441582972839","0.9961337869681774","0.9941587994780469","","0","1","1","1","0","0","50","0","0","38816","38816"
"Fhks5gukimP6vxKYbRY4V1aw888EgHhpdDSscD9V6bub","0","0","2.0.19","1","1","1","0.95","0.989688851699361","0.9907800562608367","0.9906466236217257","0.9797436465485069","0.994111666444037","","0","1","1","0","0","0","51","0","0","0","0"
"HFLsfstZkJeWDgVEA5fmXeea876Ad9f1VxrbXk386bBY","0","106381.470134004","2.0.19","1","1","1","1","0.978601504976187","0.9841794655832776","0.994487345655914","0.964735826489591","0.9941020142679047","","0","1","1","1","0","0","52","0","0","38709","38709"
"9PzBVUpbEGcGxnjxq4WvJMnScwvQTY2wFrfMZv8FEPjC","0","0","2.0.19","1","1","1","0.92","0.978601504976187","0.9841794655832776","0.998486789693879","1","0.9939858246928297","","0","1","1","1","0","0","53","0","0","38493","38493"
"4DcSke272vfn4QQK49RNzPPj9pYasbyjoiY1a5UxLDH1","0","12060.014388586","2.0.19","1","1","1","0.9","0.9973712053540456","0.9973712053540456","0.9973712053540456","0.9747165657922607","0.9939714187022881","","0","1","1","1","2e-9","0","54","0","0","38467","38467"
"q1phrX11VjA2XEPqsTFMYRfrTZiwUeG7HCVz3d6V5Ua","0","0","2.0.18","1","1","1","0.93","0.9741870446378578","0.9942728670132581","0.9898481742117521","1","0.9939265608762097","","0","1","1","1","0","0","55","0","0","38385","38385"
"NikGQUQqSLtsdHGGx7mQopojZcgd3N9uWFaZQ1r5EXn","0","3459.911269986","2.0.19","1","1","1","0.9","0.9944204589052517","0.9957290101647214","0.9987838562186749","0.9762057579012484","0.9939004802897377","","0","1","1","1","0","12868.43329421","56","21289","0","38337","59626"
"DySC6eaUthvVVzu4s8GFupm4PzYLNvq372AYnNrKP4xP","0","0","2.0.19","1","1","1","0.9","0.9944204589052517","0.9957290101647214","0.9994733957495958","0.973113679308029","0.993789964190939","","0","1","1","0","1e-9","0","57","0","0","0","0"
"EUiPhYZ8NoWX5ZzDh2cRR1fAS4su9jjV3YE7veyactzd","0","0","2.0.19","0.9991073977617531","1","1","0.92","0.978601504976187","0.9841794655832776","0.9982899090292938","1","0.9936724845302229","","0","1","1","1","0","0","58","0","0","37931","37931"
"B1w6SZcyvjyp6zEyStcc8u9AxXAh2AbYvNzMmP9rRKE9","0","242.768875798","2.0.19","1","1","1","0.91","0.989688851699361","0.9907800562608367","0.9906466236217257","0.9946125309294418","0.9936172718879682","","0","1","1","0","0.169320433","0","59","0","0","0","0"
"3zxkHtntSzfW2rukRFqhN9SDPzqicvF6WwN6yDwdSvxQ","0","2778.90020465","2.0.19","1","1","1","0.9","0.989688851699361","0.9907800562608367","0.9906466236217257","1","0.993601431182843","","0","1","1","1","0","0","60","0","0","1564","1564"
"J5L2z5rVWQHFeM8PzSSTnDedLrYgnK6WKxU4X8hh4qry","0","0","2.0.19","1","1","1","0.9","0.989688851699361","0.9907800562608367","0.9906466236217257","1","0.993601431182843","","0","1","1","0","0","0","61","0","0","0","0"
"H1ScoL1TosVSRvJgARRnMs9extCdXZRWdKRqY4H7k3ik","0","0","2.0.19","1","1","1","0.9","0.989688851699361","0.9907800562608367","0.9906466236217257","1","0.993601431182843","","0","1","1","0","0","0","62","0","0","0","0"
"HVuzQEZtxQycpfJsLNAeykrqT2vLzKtUyKaAnNsnKy1A","0","0","2.0.19","1","1","1","0.9","0.989688851699361","0.9907800562608367","0.9906466236217257","1","0.993601431182843","","0","1","1","0","0","0","63","0","0","0","0"
"5hxHdAJAJrJ8UYkDU2BboECxJdosCYcQqGYjkqJFuCJi","0","0","2.0.15","1","1","1","0.9","0.989688851699361","0.9907800562608367","0.9906466236217257","1","0.993601431182843","","0","1","1","0","0","0","64","0","0","0","0"
"7Bp6dp5UVhwbDWnrNQhvVBUK3K2poxQSf5we274wYnSF","0","0","2.0.15","1","1","1","0.9","0.989688851699361","0.9907800562608367","0.9906466236217257","1","0.993601431182843","","0","1","1","0","0","0","65","0","0","0","0"
"GVQEm6h2UjDKhSU54kf7kFumJ5NDWddyYUtgy5eLCtBn","0","5618.464231706","2.0.19","1","1","1","0.9","0.989688851699361","0.9907800562608367","0.9906466236217257","1","0.993601431182843","","0","1","1","1","0","0","66","0","0","37808","37808"
"7zFvisPXq7xCFoSAL4oxZhRpDonmf8NxQFuLNGW4UYFh","0","4689.749335588001","2.0.19","1","1","1","0.9","0.989688851699361","0.9907800562608367","0.9906466236217257","1","0.993601431182843","","0","1","1","1","0","0","67","0","0","37808","37808"
"CCknLtNpJWNzq2cBrwqYxXR9oguZmaXtoMQQQDCec2xY","0","0","2.0.19","1","1","1","0.9","0.989688851699361","0.9907800562608367","0.9906466236217257","1","0.993601431182843","","0","1","1","0","0","0","68","0","0","0","0"
"LigajjQqkEj6VwowzP8VjmP85qQmkmvmbM1LUWazaLQ","0","0","2.0.19","1","1","1","0.9","0.989688851699361","0.9907800562608367","0.9906466236217257","1","0.993601431182843","","0","1","1","0","0","0","69","0","0","0","0"
"EsELtZoep4TYcugKyMnB4ZWZYxn99V5Vb1TwexDzFey","0","49120.505388464","2.0.19","1","1","1","0.9","0.99841112111206","0.9993601420687834","0.9988328215479448","0.9618241609915364","0.9935878153743652","","0","1","1","1","0","0","70","0","0","37785","37785"
"NipDoZC37aMQvv2fFq2moUyyiApQxszc7X4mvWHP2pZ","0","18709.909968652","2.0.19","1","1","1","0.9","0.9944204589052517","0.9957290101647214","0.9987838562186749","0.971263657843238","0.9935816351247048","","0","1","1","1","2.025382542","36002.691037443","71","59571","198","37774","97543"
"3M4QYXfFM64wqSpSeQZWA6PJNmR6QQtF64BLzA9SG7ZD","0","32332.691509404","2.0.19","1","1","1","0.91","0.978601504976187","0.9841794655832776","0.9982899090292938","0.998811510287511","0.9935203246256259","","0","1","1","1","0.000424454","1090.876169082","72","1802","0","37669","39471"
"HG574XwiowrjLx8h91KhHUhPeMfmUPBLfC9XrXynj9x","0","6774.81040918","2.0.19","1","1","1","0.91","0.978601504976187","0.9841794655832776","0.997376118970049","1","0.9934790929865291","","0","1","1","1","0","0","73","0","0","103","103"
"9mg9SH69itqkRdy1CudMforH3ju7uR3K8GH8esGx4Mfx","0","0","2.0.19","1","1","1","0.92","0.9452388484454748","0.9992284534600647","0.9997745532996896","1","0.9934559119506422","","0","1","1","1","0","0","74","0","0","30199","30199"
"9G19HT8xqceG7mKQVSrTRS3DGnGqDHErPyQEaEfyWEuW","0","0","2.0.19","1","1","1","1","0.9921072360285483","0.9934913899001508","0.9577441582972839","1","0.9934085572563447","","0","1","1","1","0.485291024","0","75","0","46","37481","37527"
"6p7SQ6D3ACRYDM7x5Pjb9xa6sChaD3ZBoZxXpR2LyUZ7","0","0","2.0.19","1","1","1","1","0.9452388484454748","0.9753564047824665","0.9938552747519105","1","0.9932892906530966","","0","1","1","1","0","0","76","0","0","25167","25167"
"H7CfFGvmUHWvryBKAaVibVxz85SYmWyoECx3CjLHq3zC","0","0","2.0.19","1","1","1","0.9","0.978601504976187","0.9841794655832776","0.9982899090292938","1","0.9932335820264316","","0","1","1","0","0.856847745","7.940640003","77","0","0","0","0"
"o27rnqfNHPwHsRp2xPXXwWzn2q2dGxn6UD4Rt5KMU5h","0","58845.633774621994","2.0.19","1","1","1","0.92","0.9963203137369832","0.9963203137369832","0.9963203137369832","0.9552267348199324","0.9931357513958939","","0","1","1","1","0.108059429","13925.41671057","78","23043","11","37035","60089"
"xnYks8B2TPLRumBHQSocoXqpH6fmDxTStVQvhZNf9D5","0","3068.203242807","2.0.19","1","1","1","0.9","0.978601504976187","0.9841794655832776","0.997376118970049","1","0.9931156736316905","","0","1","1","1","0","0","79","0","0","37003","37003"
"5ni6KoVM62cRJNfFFKGdiyDfYbKWWAGZ21cfGZcj1y66","0","50263.744626075","2.0.19","1","1","1","0.9","0.978601504976187","0.9841794655832776","0.997376118970049","1","0.9931156736316905","","0","1","1","1","0","0","80","0","0","37003","37003"
"P4f3F3VfMhKvpGQXg2MuvLfWmZui41gvcH9XKtYDiFX","0","62136.545793255","2.0.19","1","1","1","0.9","0.978601504976187","0.9841794655832776","0.997376118970049","1","0.9931156736316905","","0","1","1","1","1.000000003","1.722849011","81","0","3","1672","1675"
"5akpkYincAbsTBXVbf2GDCg4KatMnc8BKkXZCh7MWGPK","0","7019.119581905","2.0.19","1","1","1","0.9","0.978601504976187","0.9993188725451251","0.9994710798819111","0.9728827999875895","0.9931015982932442","","0","1","1","1","0","0","82","0","0","36981","36981"
"BSRRvjdKd8SHApi3KtTGbzrdhUojitiwAt4xt4nAxbFh","0","0","2.0.19","1","1","1","0.9","0.9741870446378578","0.9995049416869337","0.9995049416869337","0.9762587429841318","0.9930569731307265","","0","1","1","0","0.000032747000000000003","18.3628423","83","0","0","0","0"
"8guXF5HQVU4g71ZCnn6aEJxQyb59NaEc4XCGjF5arsiH","0","89918.484666542","2.0.19","1","1","1","0.9","0.978601504976187","0.9841794655832776","0.9967494563986543","1","0.9930348139450589","","0","1","1","1","0.129000392","67.575342626","84","1","5","23675","23681"
"5WPxGiB6zBXNJp8JN3WhSKDuTY3ZBX6dBDcbtVMQAJLX","0","83487.686397709","2.0.19","1","1","1","0.9","0.978601504976187","0.9841794655832776","0.9967494563986543","1","0.9930348139450589","","0","1","1","1","0.061162736999999995","36.961209338","85","0","2","12627","12629"
"DM8eVQwKYpFUq4MAC1XEeZMjV4T34LfvGkK9vca55GaY","0","99007.654745012","2.0.19","1","1","1","0.9","0.978601504976187","0.9841794655832776","0.9967494563986543","0.9998886757806705","0.9930276317373602","","0","1","1","1","1.723634614","1195.0569243839998","86","7","16","5685","5708"
"GdVBPczdFaPf1GXvx8ByHeA1ZHAHwwmdQEPihH74SXm9","0","27649.603626486","2.0.19","1","1","1","0.9","0.9963203137369832","0.9963203137369832","0.9963203137369832","0.9641355875957557","0.992983677381431","","0","1","1","1","1e-9","7.692513879","87","0","0","36796","36796"
"8FPz3JG4E3HVXxGbPZVibarva4AGXSZWx3qKLUS5uFtN","0","0","2.0.19","1","1","1","0.9","0.978601504976187","0.9841794655832776","0.9982899090292938","0.9952048166336293","0.9929242153576335","","0","1","1","1","166.95352625","124.09963334100001","88","196","16379","36704","53279"
"GQ8DSRSNCFGEdCEwc6em1ma18qSPc5cXCSDnSPSznWBP","0","22046.910551309","2.0.19","1","1","1","0.92","0.9936929193540976","0.9936929193540976","0.9907958424202312","0.9693050244622008","0.9929074198508329","","0","1","1","1","0","0","89","0","0","36678","36678"
"6xwWwNVXJLGhgPfBpew7UDcSjQr73McXSRK2EhdhcL1u","0","48704.384674125","2.0.19","1","1","1","0.9","0.978601504976187","0.9841794655832776","0.994487345655914","1","0.9927429286879311","","0","1","1","1","0","0","90","0","0","9602","9602"
"5kYPCTLoF2y7cynJEuv5LVaTPpLoPbcxiCYKk3KKcB1C","0","59643.431924801","2.0.19","1","1","1","0.91","0.978601504976187","0.9841794655832776","0.9982899090292938","0.9853133197404108","0.9926494736225873","","0","1","1","1","0","3227.572206415","91","5339","0","36291","41630"
"8StzUMT1Kq33EHPoFx9zYhfuvzAbiqeh5nE3DftLLDPG","0","43528.043680293995","2.0.19","1","1","1","1","0.9921072360285483","0.9934913899001508","0.9577441582972839","0.9867184583225984","0.9925516835997382","","0","1","1","1","0","0","92","0","0","36149","36149"
"vahVByZszdHguLa7U7GLz8UdUFN85mcwdkefiqVjtGt","0","0","2.0.19","0.9971502309518225","1","1","0.92","0.978601504976187","0.9841794655832776","0.994487345655914","1","0.9925504870594867","","0","1","1","1","841.227204752","7.043843076","93","0","33970","24030","58000"
"GFQmJaC2SqTDf2tfAHauiGdaBfBD8tJVpwZTT78SeBCr","0","0","2.0.19","1","1","1","1","0.9741870446378578","0.9961269683050649","0.9577441582972839","1","0.9925074718509693","","0","1","1","0","0","0","94","0","0","0","0"
"CzmqDuqEpfnkptuLAcikmJrhCnhFXo8aUBj6Rto1SPAc","0","68916.747429892","2.0.19","1","1","1","1","0.978601504976187","0.9841794655832776","0.9967494563986543","0.9354417993743387","0.9925039622917903","","0","1","1","1","314.409140784","1450.959355748","95","2399","30848","36080","69327"
"We11J5D4iXcNbdMwCZX2o9RRkwaWBo1AGLADfubmeTb","0","1664.371168718","2.0.15","1","1","1","0.95","0.9970374894787379","0.998983097618835","0.9577441582972839","1","0.9924409969355844","","0","1","1","1","379.66013986400003","266.061145701","96","3","6911","10784","17698"
"8DHFGo3fDB8GudbNLZEyExLzXQPwvY4twybPbxwDnffx","0","57076.255661963","2.0.19","1","1","1","0.9","0.9963203137369832","0.9963203137369832","0.9963203137369832","0.9556099500273812","0.9924336362479875","","0","1","1","1","2.952369811","44.886013055","97","67","291","35980","36338"
"5kAKXkZyBpAncEyYxGcn2peRkkCMZh6ZrhopWQXq78Pe","5","0","2.0.19","0.9965634455711389","1","0.95","1","0.9944204589052517","0.9999320978506728","0.9999320978506728","1","0.9922687115637613","","0","1","1","0","1e-9","0","98","0","0","0","0"
"GiXx1mwSR44Tz96CaDqoadzAhZgZv7e3yZshqUwiEwwh","0","0","2.0.19","1","1","1","0.92","0.978601504976187","0.9841794655832776","0.9967494563986543","0.9742983225240672","0.9921034799143534","","0","1","1","0","0.674978444","3.744519054","99","0","0","0","0"
"5cXLZKeTuRm95ng96K2qCdxB2kSU1ajW291HmEkNpXkM","0","0","2.0.19","1","1","1","0.9495999999999999","0.9921072360285483","0.998711507092641","0.9577441582972839","1","0.9920820963394889","","0","1","1","1","0","0","100","0","0","35497","35497"
"AShjuYEE1bTBar9HGJehw3FgzibJuVwuP846guzbjRPM","0","62394.31574093099","2.0.19","1","1","1","1","0.9921072360285483","0.9934913899001508","0.9577441582972839","0.979343778742461","0.9920758978203744","","0","1","1","1","0","0","101","0","0","35489","35489"
"2w4dcnbJDcGrAh4CFAYYpAaEJiUB2q1rFMGByBuB5Cqz","0","74678.34840796501","2.0.19","0.9974837583740623","1","1","0.92","0.9921072360285483","0.9934913899001508","0.9979921945593466","0.9548913791662079","0.9919725729699347","","0","1","1","1","264.605377896","1486.163092459","102","2458","25961","35353","63772"
"CJznrtFkWvkK91W57btS77cXqRKce3DcoX8KXRp2WzpR","0","87534.674526385","2.0.19","1","1","1","0.9","0.989688851699361","0.9907800562608367","0.9906466236217257","0.9745992267084161","0.9919626716156442","","0","1","1","1","0","0","103","0","0","1065","1065"
"G1juWDqojmp5CWDhgRqtXrtpAFw9xqhjmEQAKr9faf4V","0","0","2.0.19","1","1","1","0.93","0.9452388484454748","0.9992284534600647","0.9994541465671902","0.9711949299562735","0.9919195968855631","","0","1","1","1","0","0","104","0","0","35284","35284"
"6tajb2FFdjiRJLrdwfKQsijHGmeVFcTcXJn6NH3BEoLW","0","0","2.0.19","1","1","1","0.9","0.989688851699361","0.9907800562608367","0.9906466236217257","0.9737858907575775","0.9919101983284933","","0","1","1","1","84.525411476","2596.024318137","105","4302","8291","35272","47865"
"bXr9MyoUAaGusQZ4gaUPmSZByHAV7RRGr1FhCW5tFh8","0","0","2.0.19","0.9902929833597787","1","1","0.92","0.9941138821138796","0.9943793975079381","0.996556891555919","0.989195316976599","0.9918963222750397","","0","1","1","1","1e-9","0","106","0","0","35254","35254"
"tri1cHBy47fPyhCvrCf6FnR7Mz6XdSoSBah2FsZVQeT","0","0","2.0.19","1","1","1","1","0.9921072360285483","0.998711507092641","0.9577441582972839","0.9652057138670739","0.9916689372341387","","0","1","1","1","3.2308574319999996","400070.897584244","107","6667","91","16229","22987"
"masvNDXtxVVMrYSV84RMry97JyHXAFcdfTZJ5VzpSYR","0","0","2.0.19","1","1","1","1","0.9982829158431865","0.9988054362546422","0.9577441582972839","0.9586227569393102","0.9916517512102597","","0","1","1","0","0","0","108","0","0","0","0"
"eondcw2upjH14EuvBzmn6HfGEGo8t9hG9JbXtPj6cym","0","58.137340524","2.0.19","1","1","1","0.9","0.989688851699361","0.9907800562608367","0.9906466236217257","0.9696573769216729","0.9916438425971446","","0","1","1","1","0","0","109","0","0","23","23"
"AAhcGqPdM9WdjhVH6T4vAQLvoDFrYQqirkxCdvxoKhgp","0","24666.476042592","2.0.19","1","1","1","0.9","0.989688851699361","0.9907800562608367","0.9906466236217257","0.9695008381362569","0.9916337433206661","","0","1","1","1","0","0","110","0","0","34923","34923"
"3uvqr8aX2fS3W9XHdud5avRGbUtY9uswBGmr9S2N7uF2","0","24473.362681926","2.0.19","1","1","1","0.9","0.989688851699361","0.9907800562608367","0.9906466236217257","0.9693481204994292","0.9916238905699031","","0","1","1","1","0","0","111","0","0","34911","34911"
"DUCKsGEPEdNv9QeskPNwoJdWgAXjxUFrkNDEKjAnLWyY","0","101466.808573554","2.0.19","1","1","1","0.92","0.978601504976187","0.9967449173335394","0.9967449173335394","0.94761962334863","0.9915976992898197","","0","1","1","1","0","0","112","0","0","34878","34878"
"21wUViiyG1g47VZ39ZZsSkFX9nu6bkyfy6jryHGD2TUB","0","2760.830572409","2.0.19","1","1","1","0.9","0.978601504976187","0.9841794655832776","0.9994625282250654","0.9720302559212544","0.9915803881111284","","0","1","1","1","0","149.877669736","113","0","0","23","23"
"BCRg6hEiLbrdgaTUbUbuz8deDcbyCgP37fCBMGqNhhq7","0","22865.569005669","2.0.19","1","1","1","0.9","0.989688851699361","0.9907800562608367","0.9906466236217257","0.9677412395256164","0.991520220829657","","0","1","1","1","0","0","114","0","0","34784","34784"
"2Gife8andd4BkEbT5CncpriPxmQYqbspDh8cXkN6RUSH","0","115389.194920988","2.0.19","1","1","1","0.92","0.978601504976187","0.9967449173335394","0.9967449173335394","0.9449962870758007","0.9914284517883468","","0","1","1","1","1e-9","0","115","0","0","34674","34674"
"BTquv7QcKQU48GyQEspnpseM7dKjMiXSb2XF1TF8BnfZ","0","2781.922562562","2.0.19","1","1","1","0.9","0.978601504976187","0.9841794655832776","0.994487345655914","0.9786164502934631","0.9913633448358965","","0","1","1","1","0","0","116","0","0","34597","34597"
"H7JJ6aE73ufbUuDCZSQMxguQsj28XHe4VQyMk2hsVGoo","0","120422.77414448801","2.0.19","1","1","1","0.92","0.978601504976187","0.9967449173335394","0.9967449173335394","0.9436881635103282","0.9913440567196067","","0","1","1","1","0","0","117","0","0","34575","34575"
"9xEFsHZt2mbuGQjtVGABxpeQiNeDvj54pfsJrrrUUev6","0","0","2.0.19","1","1","1","0.9","0.989688851699361","0.9907800562608367","0.9906466236217257","0.9639456361312413","0.9912753431913103","","0","1","1","0","222.390392218","5426.724411074","118","0","0","0","0"
"A1taSaBJrLMrqfWsPESYDujnZv5yD7bF35LjXoyNXhzN","0","81959.692483886","2.0.19","1","1","1","0.9","0.978601504976187","0.9841794655832776","0.994487345655914","0.976006529627819","0.9911949628574678","","0","1","1","1","0","0","119","0","0","34402","34402"
"48oxpSHQkM4sdXUY9NQ8KnEtebzZbyk8uUT7JRdVQNuf","0","0","2.0.19","1","1","1","1","0.9921072360285483","0.9934913899001508","0.9577441582972839","0.9644729091747657","0.9911164868805231","","0","1","1","0","0","0","120","0","0","0","0"
"9w3YAf77BSGLQXahTpwAe9U9mNdCXkqmxH17uCyN1wyH","0","49.237939174","2.0.19","1","1","0.95","1","0.978601504976187","0.9841794655832776","0.9998719032960759","1","0.9908244845124681","","0","1","1","1","0","101.463793564","121","1","0","3072","3073"
"Rash24BXgUyy65JJ5KBzpYLrj3pyCqEMEixLVimTcDp","0","17462.049865689998","2.0.19","1","1","1","0.9","0.978601504976187","0.9841794655832776","0.994487345655914","0.9700004389872777","0.9908074731387232","","0","1","1","1","333.102392942","163.04586143199998","122","268","32683","33975","66926"
"6SmEcnuXJ3ZYqJWTqCoPQMhfvey6PfWb1LebLzoH3f7m","0","35333.206669165","2.0.19","1","1","1","0.9","0.978601504976187","0.9841794655832776","0.997376118970049","0.9638889076075889","0.9907859257354058","","0","1","1","1","563.06530317","303.04086663","123","501","55244","33952","89697"
"5vfEHBMSCTkR41GeKLyLb6ua6dd632eCpEXYC4YzG5df","0","116.627068038","2.0.19","1","1","0.95","1","0.978601504976187","0.9841794655832776","0.998486789693879","1","0.9906457601767007","","0","1","1","1","0","0","124","0","0","9157","9157"
"GZgVV7MMweKm11hh8z8Nui9kRo3VxUVr2qgmkDdtJesa","0","0","2.0.19","1","1","1","1","0.9741870446378578","0.9961269683050649","0.9577441582972839","0.9707840808162226","0.9906225738391127","","0","1","1","1","1e-9","0","125","0","0","33781","33781"
"AY271jdvcyo5VzBiWsMGLEjpZFFrarq8FDydJHLmYgCG","0","0","2.0.19","1","1","1","1","0.9741870446378578","0.9961269683050649","0.9577441582972839","0.9707775389255838","0.990622151781652","","0","1","1","1","0","0","126","0","0","11158","11158"
"HAK7iPgQTFwqEzPfVrRDbG5epFdk1dsA9qQexytsDoes","0","109160.995969824","2.0.19","1","1","1","0.9","0.978601504976187","0.9841794655832776","0.994487345655914","0.9652303114730738","0.9904997229765165","","0","1","1","1","0","0","127","0","0","33656","33656"
"2ZuVhyBsUbTh27LBCQH3BkenjPp86gUZiNBKmhPsTRpT","0","159768.884908768","2.0.19","1","1","1","0.91","0.978601504976187","0.9841794655832776","0.997376118970049","0.9530524845004762","0.990450221018818","","0","1","1","1","0.090380208","33411.533071226004","128","262","1","7357","7620"
"FPjq7vB2V3TiseJJSPsp47UWSfT4AwvKjiU7GEro7bX9","0","120484.740557457","2.0.19","1","1","1","0.9","0.978601504976187","0.9841794655832776","0.994487345655914","0.9619136022307349","0.9902857417350753","","0","1","1","1","0","0","129","0","0","33444","33444"
"votem3UdGx5xWFbY9EFbyZ1X2pBuswfR5yd2oB3JAaj","0","0","2.0.19","1","1","1","0.9","0.9944743963228857","0.9952491977448424","0.9577441582972839","1","0.9900971941635303","","0","1","1","1","0","141.2","130","229","0","33264","33493"
"39xF5qkfK5HBaG4Hkq6bjumUB2k4B5ozEAmfZoobhUVw","0","165421.243376192","2.0.19","1","1","1","0.91","0.978601504976187","0.9841794655832776","0.994487345655914","0.9499954187237908","0.9898802460249498","","0","1","1","1","0.043038189000000004","2003.921028062","131","3315","4","33064","36383"
"77hUX7gpQov27qQTBDyJKJXNwm7apatfhEdsStC3YUb8","0","0","2.0.19","1","1","1","0.9","0.9452388484454748","0.9753564047824665","0.9938552747519105","1","0.9896550971047096","","0","1","1","1","1e-9","0","132","0","0","32865","32865"
"5PKBzZEbwGEXhQj47eiwH6RHAPSCxcVhdYcFttW5gLWQ","5","0","2.0.19","1","1","0.95","0.9","0.9974370034176375","0.9974370034176375","0.9986763248094899","1","0.9895342037524564","","0","1","1","1","0","4060.311870951","133","6718","0","32761","39479"
"6ZUCygEHeA1MRgdxZ4V6e6gcAsJz1e2uDA3e3jv1bY7M","0","0","2.0.19","1","1","1","0.9","0.9944743963228857","0.9995373605692838","0.9577441582972839","0.9794910442932585","0.9891890192299766","","0","1","1","1","0","0","134","0","0","32478","32478"
"2Q9mEXrNcJknsDyBjsAieH8XrL4MBePEaLJwmHr3NK3L","5","0","2.0.19","1","1","0.95","0.92","0.9936929193540976","0.9936929193540976","0.9938552747519105","1","0.9890350869605848","","0","1","1","1","0","0","135","0","0","32357","32357"
"J6XZBDuUpuBzgcVGmY8NgHQYKbGZegoYmbpadAKo1qRw","5","0","2.0.19","1","1","0.95","0.9","0.9974370034176375","0.9974370034176375","0.9986763248094899","0.9920494253191188","0.989021263450464","","0","1","1","1","0","15131.181440639","136","25034","0","32346","57380"
"5VocRSwT6cqSTB8qcJ8CsSmHCmGNnohXySHWWQRfmv3a","0","1839.555572096","2.0.19","1","1","0.95","0.9","0.9970374894787379","0.9980583583896033","0.9938552747519105","1","0.9889464888107719","","0","1","1","1","0","0","137","0","0","32289","32289"
"FnAPJkzf19s87sm24Qhv6bHZMZvZ43gjNUBRgjwXpD4v","0","0","2.0.19","1","1","1","0.92","0.9944743963228857","0.9952491977448424","0.9577441582972839","0.9670847239168487","0.9887004666742946","","0","1","1","1","512.672443965","0","138","0","26017","26823","52840"
"C2KtdF4FBNybpJrAW9p57SRxv1cqH7EAFeJPJ9J3biLi","5","0","2.0.19","1","1","0.95","0.9","0.978601504976187","0.999915601512664","0.9995208330371526","1","0.9886678434399669","","0","1","1","0","1e-9","0","139","0","0","0","0"
"i6PZjkPHGYmPfPE8LsJuLn5huZyusXhmysiDiHGPjxb","0","26347.540874546","2.0.19","1","1","1","0.9","0.9970374894787379","0.998983097618835","0.9577441582972839","0.9672664257379325","0.9885120566606124","","0","1","1","1","1e-9","7500","140","12417","0","31971","44388"
"AV2h5iBU1Tkdy8j4rxgJK7nBJYvR11hD3dyvjoyBvbYu","0","0","2.0.19","1","1","1","0.9","0.9944743963228857","0.9952491977448424","0.9577441582972839","0.9748832011898315","0.9884767555306161","","0","1","1","1","0","0","141","0","0","31946","31946"
"5XGMWvqZSBk1fktPtxbwaMF5dhkbrtchpwd4xiXG9q8u","0","0","2.0.19","1","1","1","0.9","0.9921072360285483","0.998711507092641","0.9577441582972839","0.9717986183925659","0.9884600923648157","","0","1","1","0","0","0","142","0","0","0","0"
"2ayMCC4aizr8RGg5ptXYqu8uoxW1whNek1hE1zaAd58z","0","10.162814996","2.0.19","1","1","1","0.9","0.9944743963228857","0.9952491977448424","0.9577441582972839","0.9739556359102369","0.9884169126093519","","0","1","1","1","1199.402871846","599404.238232617","143","334328","117677","31904","483909"
"HeTyhZdUKswQoonJJTXqAnDN48ceyVAeFaKfYKayGPNS","5","0","2.0.19","1","1","0.95","0.9","0.9982214995144065","0.9982214995144065","0.9987298437773418","0.9771025682617618","0.9881903873937071","","0","1","1","0","0","0","144","0","0","0","0"
"7okgo2YWz8fgNLAHSmAFwqPF59GMq9QuTSFSzPkkVcq7","0","2233.811420222","2.0.19","1","1","1","0.95","0.9402435887823499","0.9479844201336193","0.9907958424202312","1","0.988106251859564","","0","1","1","1","0","0","145","0","0","31696","31696"
"indVHvxmQVkK4VsdHiK8kXjLDSjHfHRfP3yvZ947Gn3","5","0","2.0.19","1","1","0.95","0.93","0.978601504976187","0.9841794655832776","0.998486789693879","1","0.9881018246928297","","0","1","1","1","0","0","146","0","0","31693","31693"
"HU4xMHgk192zcjHgyPQ3ZbuNx5Wycg89pFDbeuCKBV3B","5","5755.481221503","2.0.19","0.9971069678985","1","0.95","0.9","0.9970374894787379","0.9980583583896033","0.9938552747519105","1","0.9880132526489975","","0","1","1","1","0","0","147","0","0","31636","31636"
"Node56Cr7y4Udym2vPt9DsRbWcBL29JivsGh2drpbKb","0","0","2.0.19","1","1","1","0.9","0.9921072360285483","0.9934913899001508","0.9577441582972839","0.9725963511270371","0.988006386361315","","0","1","1","0","0","177.5","148","0","0","0","0"
"MENFRm8PpkP2QwFV3iubwiqG6GyJ4LZQ7f9k8DUE9Xy","0","0","2.0.19","1","1","1","0.9","0.9921072360285483","0.9934913899001508","0.9577441582972839","0.9719700630676531","0.9879659806800644","","0","1","1","1","0","0","149","0","0","11162","11162"
"VotESBSkLKU8vebS6wTR2rzWWJsLc6YThYS6tebPxXq","5","0","2.0.19","1","1","0.95","0.9","0.9936929193540976","0.9936929193540976","0.9907958424202312","0.9990269255815992","0.9878507037940197","","0","1","1","1","0","2.632576933","150","0","0","31533","31533"
"3r84fqQnrSLrEDA8p5TStbHB8QFRHB9Frcdmq1AGVDYG","0","0","2.0.19","0.9796558133298386","1","1","0.92","0.978601504976187","0.9841794655832776","0.9999715112092885","1","0.9876147608012177","","0","1","1","1","0","0","151","0","0","1284","1284"
"BXf5pMTSWJdfwaiRYpwJjkTUuUe2sdvcJx7X7UNbyGe1","5","0","2.0.19","1","1","0.95","0.9","0.989688851699361","0.9907800562608367","0.9906466236217257","1","0.9873540118280043","","0","1","1","0","0","42379.592687672","152","0","0","0","0"
"2wUhcnViyzstvWmk7NAboKtjbFbqJPo4BvFBV37dacLc","5","29.794049739","2.0.19","1","1","0.95","0.9","0.989688851699361","0.9907800562608367","0.9906466236217257","1","0.9873540118280043","","0","1","1","0","0","0","153","0","0","0","0"
"AMvyqeuRBxcDuy38MuGtPksvBtpuT3NPyoiVBDbzza6P","5","213.765852929","2.0.19","1","1","0.95","0.9","0.989688851699361","0.9907800562608367","0.9906466236217257","1","0.9873540118280043","","0","1","1","1","0","0","154","0","0","731","731"
"3khMmeupU7B6ZSDSbTX5cYtME9yVqeJ178PQD7mCE7g1","5","0","2.0.19","1","1","0.95","0.9","0.989688851699361","0.9907800562608367","0.9906466236217257","1","0.9873540118280043","","0","1","1","0","0","0","155","0","0","0","0"
"oRAnGeU5h8h2UkvbfnE5cjXnnAa4rBoaxmS4kbFymSe","0","118879.677357609","2.0.19","1","1","1","0.94","0.9956601711806234","0.9956601711806234","0.9920367521575467","0.8632138226257517","0.9872670809608003","","0","1","1","1","1235.1144322539997","2607.301659302001","156","4314","121183","31190","156687"
"DrCcHpAWj8a4JU99QKtwfCynzdhgQeuieAY9WadZD5Ry","5","33403.197845169","2.0.19","1","1","0.95","0.9","0.978601504976187","0.9841794655832776","0.9997612991887311","1","0.9871760194663591","","0","1","1","1","0","0","157","0","0","31140","31140"
"FCvNkHa4U3yh7AXWGGL2jWLWiSRouR8EtzY5WVTHKTHa","0","0","2.0.19","1","1","1","1","0.8404679119581911","0.9993693521194822","0.9993693521194822","0.9627421551001916","0.9871614709339723","","0","1","1","0","0","19.34250967","158","0","0","0","0"
"93cas2LuLsSAGPpFvHdeaWprR34NLQbgiQEeAtizpMmz","5","19164.350443049","2.0.19","1","1","0.95","0.9","0.978601504976187","0.9841794655832776","0.9967494563986543","1","0.9867873945902201","","0","1","1","1","0","0","159","0","0","30935","30935"
"Fxnh7reapaQPZdbLPpFG1svuEGcJvibnT1Q4N8h11g4A","5","926.864840617","2.0.19","0.9991796518289567","1","0.95","0.9","0.978601504976187","0.9841794655832776","0.998486789693879","1","0.9867469381860416","","0","1","1","1","0","0","160","0","0","4178","4178"
"JokeruQoFrVevoPR5QBRPGncPQbtrpq3PJEcY22JefC","0","92322.50540087701","2.0.19","1","1","0.95","0.9","0.9970374894787379","0.9980583583896033","0.9907958424202312","0.9719420836534641","0.9867415351972304","","0","1","1","1","0","0","161","0","0","30912","30912"
"3zEbnWKibg574DaGC1EA3zLNwBK6MGQxEySUgQWKBaYV","0","0","2.0.19","1","1","1","0.9","0.9741870446378578","0.9961269683050649","0.9577441582972839","0.9669218345127","0.9867392031098532","","0","1","1","0","1e-9","0","162","0","0","0","0"
"5m8kTjAZRGppy6Ag5uCfUBzY1Ev4NtLR7fJwoaK3HanP","5","0","2.0.19","1","1","0.95","0.9","0.978601504976187","0.9841794655832776","0.9967494563986543","0.9956088268544061","0.9865040930969561","","0","1","1","1","1e-9","6000","163","9928","0","30795","40723"
"7Eg46UwGgsufXdd9C9kF27UAyD2t4VdmCdVTtPFoqxCy","0","0","2.0.19","1","1","1","0.9","0.8664877804935314","0.9995322791171325","0.9990837008923092","0.9789843879103641","0.9862327734751105","","0","1","1","0","0.000008013","182.168220099","164","0","0","0","0"
"3UmhLuNdgE2NYDSfXmbu5DhPRxWUK8JwiRcG6tXV4JGc","0","10063.421432011","2.0.19","0.9706865307388578","1","1","0.92","0.978601504976187","0.9998670455370693","0.9998670455370693","1","0.9862261172935625","","0","1","1","1","0","0","165","0","0","30665","30665"
"8Y1ghRNu6zyAcrb79uddZeWPfth6arWaaSazbpHES2q7","5","68121.606667035","2.0.19","1","1","0.95","0.9","0.978601504976187","0.9841794655832776","0.998486789693879","0.9843525343443759","0.9860020527150476","","0","1","1","1","0","0","166","0","0","30565","30565"
"4v2os15BGgAnqiy76YvPmAywp5xKh9jfBPfnQGzUVc9c","5","162225.020099157","2.0.19","1","1","0.95","0.9","0.9941138821138796","0.9943793975079381","0.9990755114825549","0.9519761130018675","0.9859771041511461","","0","1","1","1","0.000018982","0","167","0","0","30555","30555"
"8EfUy8zz6DF2iTMQCUe4QAnoq4jVUzfU1yvZMCr2yJ7m","0","43446.264724286","2.0.19","1","1","1","0.9","0.8404679119581911","0.9996635849579194","0.9993046513880273","1","0.9859511349787824","","0","1","1","1","0","21526.695919601","168","220","0","8634","8854"
"HkqCfZFY5Hh8UDSGH6AJqtxpS6CFC2aqqFgqiDYtSPZw","0","1922.933524041","2.0.19","1","1","1","0.9","0.8404679119581911","0.9996635849579194","0.9993046513880273","1","0.9859511349787824","","0","1","1","1","0","11448.457185423","169","255","0","19015","19270"
"3CnKZPQn92W8WXG7KTVaFQRk8LJJ3KZbrVVF4ngUxqkg","0","48381.644482901","2.0.19","0.9717264979907825","1","1","0.9","0.9921072360285483","0.9934913899001508","0.9979921945593466","1","0.9858471741904117","","0","1","1","1","0","0","170","0","0","6092","6092"
"5iZ5PQPy5Z9XDnkfoWPi6nvUgtxWnRFwZ36WaftPuaVM","0","0","2.0.19","1","1","1","0.9","0.8664877804935314","0.9993981380693786","0.9988700026232652","0.9656114484393543","0.9853294478247411","","0","1","1","0","1e-9","100","171","0","0","0","0"
"SoLdWNZvT8f9293cELNBcPL3XLzsKCyG4AFmvqwXbmq","5","75895.36907787","2.0.19","1","1","0.95","0.9","0.978601504976187","0.9841794655832776","0.994487345655914","0.9808703023489533","0.9852613352910894","","0","1","1","1","0","0","172","0","0","30265","30265"
"CrLn7zEBytbmRBUGhkDyyUbGCa6H7bMCnw94Dip8QbcJ","0","0","2.0.19","1","1","1","0.9","0.9402435887823499","0.9479844201336193","0.9907958424202312","0.9803072094082402","0.9850186524665472","","0","1","1","1","133.190436367","0","173","0","13066","30176","43242"
"Ej35PiU6wxfrQeJJwuqoT7s2gYSwCjcxQtEpHvpvWBu2","0","0","2.0.19","1","1","1","1","0.770290516389543","0.9985736603878478","0.9985736603878478","1","0.9848579566288395","","0","1","1","1","0","0","174","0","0","30119","30119"
"GA2t11gJcmuZ4y7pShTzgYDkxVaJaVQJqkVUqojhPPsT","0","17083.003409042","2.0.19","1","1","1","0.95","0.8404679119581911","0.9986478618631232","0.9965895443883762","0.9588273154544","0.9846632973538083","","0","1","1","1","44.600142062","0","175","0","4376","30053","34429"
"Ac8zL56RqrEwZcJa2HL7ZVCBW8py1ehVYj5qmfJXcdFQ","0","0","2.0.19","0.9964127257082972","1","1","0.92","0.9452388484454748","0.9753564047824665","0.9577441582972839","1","0.9845652516616277","","0","1","1","1","0","0","176","0","0","30020","30020"
"HE1zd4TpbDuKzg6cqbk91XjSZELL7F33eqDinxj5hLfG","0","6725.555005672","2.0.19","0.9650361946039978","1","1","0.92","0.9921072360285483","0.9934913899001508","0.9979921945593466","1","0.9844158505172553","","0","1","1","1","0.000393788","0","177","0","0","29972","29972"
"sandyGeU5cX65Hn1dqjxrtmtGFTUgCtxuYzyrghTPYB","5","0","2.0.19","1","1","0.95","0.9","0.9970374894787379","0.998983097618835","0.9577441582972839","1","0.9843764808065522","","0","1","1","1","0","0","178","0","0","10511","10511"
"G1itch7djMvG4vMRToAgs45cVqrLGKFbzrgV4qNDsG1X","5","26326.027955926","2.0.19","1","1","0.95","0.9","0.9944743963228857","0.9998050060698666","0.9577441582972839","1","0.9842906594853067","","0","1","1","1","19.909024136","0","179","0","1951","29933","31884"
"RNXpSdqrJL6eoLrbW69Q9qsFviEwRpfFfk3HiRRRohq","5","0","2.0.18","1","1","0.95","0.92","0.9941138821138796","0.9943793975079381","0.996556891555919","0.9176089009364882","0.9841617201563942","","0","1","1","1","0","0","180","0","0","29893","29893"
"ErvMUdtMC7AX55zKdYSyy4DnWNCrTsWn5GwprSG7ocnx","5","99.599070977","2.0.19","1","1","0.95","0.9","0.9944743963228857","0.9952491977448424","0.9577441582972839","1","0.9838497748086915","","0","1","1","1","0","0","181","0","0","20863","20863"
"8oGhRavfRf13fBdp257nitq8VVgXhRAZxR9fR5Q4oKhH","5","0","2.0.19","1","1","0.95","0.9","0.9944743963228857","0.9952491977448424","0.9577441582972839","1","0.9838497748086915","","0","1","1","0","0","2538.9","182","0","0","0","0"
"8gJCfKzr55gM6DtAaFqoWjBGAmsJ71mpHem6qJAASBU4","0","85884.032887068","2.0.18","0.960408068876257","1","1","1","0.978601504976187","0.9841794655832776","0.994487345655914","0.9998864565070488","0.9835982061645977","","0","1","1","1","0.000626641","685.2","183","21","0","24625","24646"
"5mSBnz3zNSVzXQHxBmrTLESynukH2JHVcCN14GHtVsWD","5","99578.93589618501","2.0.19","1","1","0.95","0.9","0.9251153894613704","0.999407758108177","0.999407758108177","0.9665703806308426","0.9829966402239246","","0","1","1","1","1e-9","0","184","0","0","29581","29581"
"BWkvytz3MAiLkUbMuYK5yV1VYThbBYYQYG3gdef8NLw5","0","0","2.0.19","1","1","1","0.9","0.8404679119581911","0.9986478618631232","0.9965895443883762","0.9576939527632435","0.9827730804059918","","0","1","1","0","0.130081148","1858.1237829820002","185","0","0","0","0"
"AfyTzhTXBRBCxGdTEMc9LNEkVGVGfGA9wHf1VikaNb37","0","8316.069798322","2.0.19","1","1","1","1","0.770290516389543","0.9979528833363119","0.9816713170434049","1","0.9826169339019885","","0","1","1","1","0.084291716","366704.744537219","186","8","0","17","25"
"GB44NXtM7zGm6QnzQjzHZcRKSswkJbox8aJsKiXGbFJr","1","0","2.0.19","1","1","0.99","0.92","0.8664877804935314","0.9989466480464968","0.9989466480464968","0.9206273688051556","0.9818708011265435","","0","1","1","1","2.0969094","8.590076247999999","187","0","205","29343","29548"
"Luck3DN3HhkV6oc7rPQ1hYGgU3b5AhdKW9o1ob6AyU9","0","9.477768387","2.0.19","1","1","1","0.92","0.770290516389543","0.9985736603878478","0.9985736603878478","0.9984293493693531","0.9818492694913783","","0","1","1","0","242.2245964","46551.575532680996","188","0","0","0","0"
"3tjGkvUsNEk8UBUQECCTpeAoo6NovHvEG44MZDPCcZko","5","1066.773547435","2.0.19","0.9758454882069689","1","0.95","0.9","0.9984428099996653","0.9984441262218839","0.9938552747519105","1","0.9812827090239457","","0","1","1","1","0","0","189","0","0","29240","29240"
"3teZKwABvB99bxZc5q8yVWJt5mbhxgUAx4teMdUbzgN4","0","8254.85651132","2.0.18","1","1","1","0.9001","0.770290516389543","0.9985736603878478","0.9985736603878478","1","0.9812273972740008","","0","1","1","1","0","0","190","0","0","24032","24032"
"Ebm1XKkMzaFg2L5rzLPBnFHMtpDPa6SWJ7nVUzZUmXmR","0","0","2.0.19","1","1","1","0.9","0.8664877804935314","0.9989405175100489","0.9577441582972839","0.9809090434594887","0.9809655430201718","","0","1","1","1","0","0","191","0","0","29189","29189"
"NeodymeDFipD7eA1ShrLJAZTBdHWcFsDB9YkoHshZNk","5","0","2.0.19","1","1","0.95","0.9","0.8404679119581911","0.9999271477409787","0.9999271477409787","1","0.9798095438097818","","0","1","1","0","0","0","192","0","0","0","0"
"9V3mbi8z9MHicFQN9n9CGEMfuX4yKaBjJNuzyTUxaWXi","0","10344.957621288","2.0.19","0.978397359049467","1","1","0.9","0.9402435887823499","0.9479844201336193","0.9907958424202312","1","0.9793205612303599","","0","1","1","1","1e-9","0","193","0","0","955","955"
"D4mLBafAJjpRABT5Tyj6UhuwJ8DLRk74JzyuTMUdU9Fz","0","0","2.0.18","1","1","1","1","0.6756731455227554","0.9997901909275767","0.9997901909275767","1","0.9790283105657596","","0","1","1","0","0","0","194","0","0","0","0"
"HC1NSDR9cbBeQ8V1XJ62VNceUAbjGdnCcH7f5wVFVZw3","0","0","2.0.18","1","1","1","0.9","0.770290516389543","0.9979528833363119","0.9816713170434049","1","0.9789827403536014","","0","1","1","0","0","0","195","0","0","0","0"
"cover89z945JotsCRGdbjakJm4rnL5XspFSPgN1mVZj","0","0","2.0.19","1","1","1","0.92","0.9827135933740389","0.9827135933740389","0.8990234197505745","0.963185602685752","0.9789001564917418","","0","1","1","1","0","0","196","0","0","28936","28936"
"1KXz4xKV2viJCGpxqnQqdf2J45vQr5USdmtcJLTaHkm","0","7427.406239236","2.0.19","1","1","1","0.9","0.770290516389543","0.9993463796360265","0.9993463796360265","0.9604524484796605","0.9788467931351805","","0","1","1","1","225.939373473","16366.656209839","197","167","3926","8276","12369"
"49DJjUX3cwFvaZD5rCAwubiz7qdRWDez9xmB381XdHru","0","57727.229489009","2.0.19","1","1","1","0.92","0.770290516389543","0.9992163033154063","0.9992163033154063","0.9474895051218823","0.9787079408461515","","0","1","1","1","0","0","198","0","0","99","99"
"9gANMngbGUmAaLXL1RC3JdiaLjRowJXNbzCTh53ht7mq","0","234.504151413","2.0.19","1","1","1","0.9","0.9741870446378578","0.9896419266535678","0.8899547069118801","0.981380601414181","0.9782974161197517","","0","1","1","1","0","0","199","0","0","28881","28881"
"4gg56BTsCSEXW3CLw7BuT31x3ptEjSz6aeVE1Xjby22R","5","12377.356676727","2.0.19","0.9719662477061578","1","0.95","0.9","0.978601504976187","0.9841794655832776","0.998486789693879","1","0.9779684207270742","","0","1","1","1","0","0","200","0","0","6770","6770"
"ADmLWUm2eQ3KFijFbqa4bVfiLVmW5iqjStE5b8Wbti1y","5","20401.684244156","2.0.19","0.9726262570676404","1","0.95","0.9","0.9741870446378578","0.9942728670132581","0.9898481742117521","1","0.977758643801255","","0","1","1","1","0","0","201","0","0","1051","1051"
"41HgiTYQ3qDWFW8jSDkecH2mEHUqZsmwFGDPndtmyLDR","0","0","2.0.19","1","1","0.96","1","0.770290516389543","0.9979528833363119","0.9816713170434049","1","0.9776189984181175","","0","1","1","0","0","0","202","0","0","0","0"
"DPmsofVJ1UMRZADgwYAHotJnazMwohHzRHSoomL6Qcao","0","6028.579722869001","2.0.18","1","1","1","1","0.8404679119581911","0.8857472340497605","0.9965895443883762","0.9893701914823808","0.9775250350510946","","0","1","1","1","0.260448504","0","203","0","0","23","23"
"RBFvvcGPBpgkBYmJGsphoDQJD8sszSuorM7TorWm12Y","6","0","2.0.18","1","1","0.94","0.92","0.9941138821138796","0.9943793975079381","0.996556891555919","0.8276789739951484","0.9771103055150177","","0","1","1","0","0.251022773","100","204","0","0","0","0"
"5wP5Qm9frQfXY9QadZZHqgy6GEvqtHjpJ6uongxdb5gJ","0","30992.330833483","2.0.18","1","1","1","1","0.6756731455227554","0.9930302624857659","0.9872221309054545","1","0.9767524387782137","","0","1","1","1","0","0","205","0","0","537","537"
"BrRf2kyJEuW8TgdeDjvJcKK4NzTzRtM9RB6WuVKXHxkN","5","100129.943221496","2.0.19","1","1","0.95","0.9","0.9452388484454748","0.9753564047824665","0.9577441582972839","0.9661033234568706","0.9765612964948783","","0","1","1","1","0","0","206","0","0","28762","28762"
"7DCb5VuNx9XFqsaEgERyb5mwwRunDNtLRudCEoqhcz6N","0","0","2.0.19","0.9556366224838355","1","1","0.92","0.9944743963228857","0.9952491977448424","0.9577441582972839","1","0.9765132659325093","","0","1","1","1","0","0","207","0","0","27371","27371"
"NoRDTy8jpkpjPR7yxahVdoEUPngbojPhFU5jb8TtY4m","0","0","2.0.19","1","1","1","1","0.6756731455227554","0.9930302624857659","0.9872221309054545","0.9941875604925233","0.9763774426809572","","0","1","1","0","0","0","208","0","0","0","0"
"2PEyBgsPYBQ8pMdXQtEaPGNqWQHE9GCnmV2tTVN4GMru","0","0","2.0.19","0.9651317378613973","1","1","0.9","0.9741870446378578","0.9961269683050649","0.9577441582972839","0.9795388770330415","0.9763053793567774","","0","1","1","0","0","0","209","0","0","0","0"
"FgiteGaHbA22Wt4Quzv3muscQtvX7gzVwvUHbFnb3rTJ","0","0","2.0.19","1","1","1","0.92","0.6756731455227554","0.999264601014267","0.9999232874092753","1","0.9760872659266261","","0","1","1","1","0","0","210","0","0","28738","28738"
"FJ7sKbuXR28w4K5EChBbi9tXYfCfrdpF4EaKnRvLPzL8","0","0","2.0.19","1","1","1","1","0.8404679119581911","0.8857472340497605","0.9898481742117521","0.9786564679982526","0.9759639728680379","","0","1","1","1","0","0","211","0","0","28732","28732"
"Luna8BkZNpZ9DKmszrZYPvFpTr4eJJfxxTnGDwTrYkv","0","0","2.0.19","1","1","1","1","0.8404679119581911","0.8857472340497605","0.9961574589701774","0.9638915223351872","0.975825496987637","","0","1","1","0","3.6e-8","2213.930536035","212","0","0","0","0"
"9Lp7PzvKVMhjqyQfJwxyha5P6thNWMmVDuVVyqqSaK7b","0","0","2.0.19","1","1","1","0.92","0.6756731455227554","0.9973538783901003","0.9973538783901003","1","0.9755708206379423","","0","1","1","0","0.008211243","2954.912290463","213","0","0","0","0"
"4VgntoyhaZ9TFXCJ73xNSon3sL4ieV2yrACRFSCnzf6i","0","0","2.0.19","1","1","1","0.91","0.6756731455227554","0.9998030466572602","0.9958603066688011","1","0.9752516986352417","","0","1","1","1","0","0","214","0","0","28701","28701"
"HwcVgFSgmfeeF7zGFUBLoVA8Hpx8rtwyfCrJ1npBaSVC","0","0","2.0.19","1","1","1","0.95","0.8404679119581911","0.8857472340497605","0.9965895443883762","0.9820737560614495","0.9752372005078087","","0","1","1","0","0","0","215","0","0","0","0"
"Ac1beBKixfNdrTAac7GRaTsJTxLyvgGvJjvy4qQfvyfc","3","1245.852574869","2.0.19","1","1","0.97","0.9","0.770290516389543","0.9985736603878478","0.9985736603878478","0.9639500094435385","0.9751495056251968","","0","1","1","1","0","0","216","0","0","28697","28697"
"HnkhL3JYBSmb3s9thcVWzAQA9NqJb5m9U2d7mdDxprGo","5","0","2.0.19","0.9606708876858823","1","0.95","0.92","0.978601504976187","0.9841794655832776","0.9983271443994975","1","0.9750309955212587","","0","1","1","1","0","0","217","0","0","1935","1935"
"EwtnPXAgJsN8GVpX4GiJc1pSKcMGnCVmwwDiXrjuC3fP","0","0","2.0.19","1","1","1","0.9","0.6756731455227554","0.9985497933157806","0.9958603066688011","1","0.9747669966989696","","0","1","1","1","0","0","218","0","0","28683","28683"
"4K4qpgksvHbKnk8mpMNncHxihMN1ayidQ8odqJKaN7mH","5","0","2.0.19","0.9544264242478142","1","0.95","0.92","0.978601504976187","0.999926628719376","0.999926628719376","1","0.974746956563424","","0","1","1","1","0","0","219","0","0","28682","28682"
"BeSov1og3sEYyH9JY3ap7QcQDvVX8f4sugfNPf9YLkcV","0","1027.906944148","2.0.19","1","1","1","0.9","0.6756731455227554","0.9995971083678388","0.9995971083678388","0.9854487048281159","0.974411724492794","","0","1","1","1","0.870773764","0","220","0","84","28671","28755"
"8D8XL6ovqx15RKwC1XtFyTz6H8JYF2fUsxTnsY4b123P","0","24621.259539604","2.0.19","1","1","1","0.96","0.8404679119581911","0.8857472340497605","0.9965895443883762","0.9632732239118457","0.9743876823046085","","0","1","1","1","0","0","221","0","0","28670","28670"
"GNZ1PAAS33davY4Q1BMEpZEpVBtRtGvSpcTH5wYVkkVt","0","0","2.0.19","1","1","1","0.98","0.6756731455227554","0.9842597944565771","0.9814884080332837","0.9987569593288735","0.9743568137163267","","0","1","1","1","1.757810439","42.84747479","222","59","173","28669","28901"
"Ck2rHWiP22YzrMgwVSe9ngyRW81JXLRot2CUo1Bf5RFh","0","0","2.0.19","1","1","1","0.92","0.6756731455227554","0.9973538783901003","0.9973538783901003","0.9799967455265426","0.9742802880912677","","0","1","1","0","0","0","223","0","0","0","0"
"BXNW9ysAB9ksEDidcNWraaFkMeA88q6xzFRSyNnGvQYC","0","51970.785653281","2.0.19","1","1","1","0.9","0.8404679119581911","0.8857472340497605","0.9993046513880273","0.9898564640937444","0.9742725503162989","","0","1","1","1","0","0","224","0","0","6372","6372"
"mnde2ZW5LdekuDB9ywYsKeZvpNUqRXACnGks8d6TShC","0","0","2.0.19","1","1","1","0.92","0.6756731455227554","0.9985497933157806","0.9958603066688011","0.9801287154663049","0.9742118170516344","","0","1","1","0","0","0","225","0","0","0","0"
"Azc2uttGtHsRLorfQzd7tsMNtfaEg7LyvVEMVtckPCNN","0","0","2.0.19","1","1","1","0.9","0.8664877804935314","0.8740145471054379","0.9990837008923092","0.9809349305931284","0.9742117376470605","","0","1","1","0","0","50","226","0","0","0","0"
"1eufsJbqNgMProke17FLSw7JrD97fYhGggrnH9zyWnG","0","0","2.0.19","1","1","1","0.92","0.6756731455227554","0.9973538783901003","0.9973538783901003","0.9776604900692456","0.9741295619327324","","0","1","1","1","0","0","227","0","0","28662","28662"
"FkK9cat6c8zhLXeYFn4UTvy6fnSLB4p6SCbRQQfdFkkP","5","0","2.0.19","1","1","0.95","0.9","0.9741870446378578","0.9966944858885509","0.8899547069118801","1","0.9739337540189964","","0","1","1","1","0","0","228","0","0","28656","28656"
"6hkfqeNAbURk7CmAQsP4Qm6WwHVF4LxHupEvQf7Tkrf1","0","57531.77965112","2.0.19","1","1","1","0.9","0.6756731455227554","0.9985497933157806","0.9958603066688011","0.9849560580006574","0.9737964197957861","","0","1","1","1","0","0","229","0","0","28653","28653"
"CaraHZBReeNNYAJ326DFsvy41M2p1KWTEoBAwBL6bmWZ","0","120867.11623265801","2.0.19","1","1","1","0.92","0.6756731455227554","0.9981173405726453","0.9947251182393645","0.9752422697906364","0.9737082363000702","","0","1","1","1","0","0","230","0","0","28650","28650"
"EreifamaYZ1cAtegv5hJFgRSqDQg3i6uRamWXfYuJeC8","5","83111.85235708501","2.0.19","1","1","0.95","0.9","0.770290516389543","0.9995125138814642","0.9995125138814642","0.9770137044168603","0.9737053560897762","","0","1","1","1","0","3.921486464","231","0","0","28650","28650"
"9wQQnnnkk5b5GkQWTW9L4kEA3CjFv6CqsQd5gt6tRsHK","5","0","2.0.19","1","1","0.95","0.9","0.9741870446378578","0.9942728670132581","0.8899547069118801","1","0.9736994038052585","","0","1","1","1","0","0","232","0","0","28650","28650"
"DLMhVf7xXa8R2D2y1fZSRVQwXdup7EfwBFbttzn5ppnC","5","0","2.0.19","1","1","0.95","0.9","0.9741870446378578","0.9942728670132581","0.8899547069118801","1","0.9736994038052585","","0","1","1","1","0","18345.221010291","233","30356","0","28650","59006"
"55d6G3qVzKfZ5ZWQxaExw7rJSZ1sRg5EQfXaJAo6vwwZ","5","0","2.0.19","1","1","0.95","0.9","0.9741870446378578","0.9942728670132581","0.8899547069118801","1","0.9736994038052585","","0","1","1","1","0","0","234","0","0","28650","28650"
"78QvBqfkWbDbyo1DMb2ku42r1UfxecwptjbPWJqxkX6E","5","0","2.0.19","1","1","0.95","0.9","0.9741870446378578","0.9942728670132581","0.8899547069118801","1","0.9736994038052585","","0","1","1","1","0","17708.474762005","235","29302","0","28650","57952"
"2AWVgdBDNhUjkfvueyoL5BPBycJavMwTGC9wEtqh5QwV","5","0","2.0.19","1","1","0.95","0.9","0.9741870446378578","0.9942728670132581","0.8899547069118801","1","0.9736994038052585","","0","1","1","1","0","0","236","0","0","28650","28650"
"8vyuJTHSDkx7k1zymea4TMsgvixf3rCYBXHPDQajePkE","0","0","2.0.19","1","1","1","0.9","0.8664877804935314","0.8740145471054379","0.9988700026232652","0.9730244371910087","0.9736738092638213","","0","1","1","0","0","33.738216972000004","237","0","0","0","0"
"ASfKFAKz6fH4eip1jdLGt5Ym954kU9KYnwq2Csn9ogSz","0","0","2.0.19","1","1","1","1","0.6756731455227554","0.9988367445298785","0.9577441582972839","1","0.9735107470265897","","0","1","1","1","0.000051707","0","238","0","0","14399","14399"
"Ccd7Sbwz18cHZ24uYomhc7JHhXKHZxyb9Nvyf5DncbTh","0","0","2.0.15","1","1","1","0.9","0.6756731455227554","0.9962928467327955","0.9872221309054545","1","0.9734339791892166","","0","1","1","0","0","0","239","0","0","0","0"
"53fAQnWfTPoTQUb3AwPsUZsTTe4djRHmW8U8yztvVF8G","5","22373.999436085","2.0.19","0.9681708565511014","1","0.95","1","0.9402435887823499","0.9479844201336193","0.9907958424202312","1","0.9734084636502417","","0","1","1","1","0","0","240","0","0","16041","16041"
"34yvUa2fxfm2tUqxFEj9PHrVNwCcdzd51eo9hntWpZRs","0","0","2.0.19","1","1","1","0.92","0.6756731455227554","0.9973538783901003","0.9973538783901003","0.9664744309699234","0.973407880700518","","0","1","1","0","1.3122450850000003","1.732969143","241","0","0","0","0"
"2BGBakG9kjmZAaygVmAuUrBSqBZt8p5FVabbStxHEXUj","5","0","2.0.19","1","1","0.95","0.9","0.9741870446378578","0.9896419266535678","0.8899547069118801","1","0.9732512482865787","","0","1","1","1","0","0","242","0","0","28639","28639"
"AYSvheimgwhpRHXossLqrTBDPwo4jHDQJ1UhMeAArTwH","0","2075.094458319","2.0.19","1","1","1","0.93","0.6756731455227554","0.9962928467327955","0.9872221309054545","0.9792382685201759","0.9731847707066472","","0","1","1","1","0","0","243","0","0","28637","28637"
"9vNLTLdwAdHw8EdiZrLzDtUpm3hp7E2MGaNi6SmdfBGz","0","21161.595775424","2.0.19","1","1","1","0.9","0.6756731455227554","0.9994545167822383","0.9968902208238075","0.9712315808831075","0.973131415692054","","0","1","1","1","0","0","244","0","0","28636","28636"
"ET5johBaPyWugD2Mx1zbTCvvbedxZFURembUHng1rzfZ","0","0","2.0.18","1","1","1","0.9","0.6756731455227554","0.9930302624857659","0.9872221309054545","1","0.9731182452298267","","0","1","1","1","0","0","245","0","0","549","549"
"QodirbUG8AZQBWpHhPJPfjj1xg4AaQUZCVVtwT8YfPi","0","743.929868147","2.0.19","1","1","1","0.9","0.6756731455227554","0.9930302624857659","0.9872221309054545","0.99863054686833","0.9730298934148803","","0","1","1","0","0","0","246","0","0","0","0"
"5wYHvcKbCHPsT9dhEZaVZzoVY1qA7bosKRzKczpcaXpq","5","12361.648022763999","2.0.19","0.9510281511435672","1","0.95","0.9","0.978601504976187","0.9995164604843749","0.9995164604843749","1","0.9728312820896344","","0","1","1","1","0.09807831","0","247","0","4","17831","17835"
"DvFTFLrEQSfEadPQdesvf5bpYWYqXK9iaJAjq95piQBs","0","0","2.0.19","1","1","1","0.93","0.6756731455227554","0.9962928467327955","0.9872221309054545","0.9733766145087585","0.9728065994801042","","0","1","1","1","0","0","248","0","0","28629","28629"
"Rhob5aKMhFYqwn26o2zvApzwAWmagtW1ShLmWSPxhKX","0","456.659385629","2.0.19","1","1","1","0.9","0.6756731455227554","0.9916892361917717","0.9958603066688011","0.9791568340622123","0.972758351432918","","0","1","1","1","0","0","249","0","0","28628","28628"
"sShosKd6uA5c1ZpVMxdsE6do13TLRWSMYsXbSMmNC77","0","0","2.0.19","1","1","1","1","0.8404679119581911","0.968035363249348","0.8899547069118801","1","0.972414862622966","","0","1","1","1","0.042781362","0","250","0","2","13381","13383"
"De4k4hrdkxFHmAx4nVRA3g5ukdg4YqmDLdwuYUcrjjud","0","153811.595007452","2.0.19","1","1","1","0.9","0.6756731455227554","0.9977880029182914","0.9947251182393645","0.9665827830190515","0.9723908496385789","","0","1","1","1","0","18999.18026888","251","31437","0","28621","60058"
"6GoijNiK3JZVAY96ykCfPhcJnrQfrQMLvrQaX5HyMVhu","0","155840.05819960102","2.0.19","1","1","1","0.9","0.6756731455227554","0.9981173405726453","0.9947251182393645","0.9656078406348564","0.9723598215158265","","0","1","1","1","0","18999.112008603","252","31437","0","28620","60057"
"A9YmK82uhCXieM9Cw9gN7W1F2KCxa8U1ArA6qxnyYcXQ","0","67240.427962997","2.0.19","1","1","1","1","0.6756731455227554","0.9992621630882464","0.9577441582972839","0.9810878505723523","0.9723317778917449","","0","1","1","1","0","0","253","0","0","28620","28620"
"AuBB9st3RqhHBkzZgBSm6SVnHZNJQSHeBWCSkik4bzdA","0","5385.378749546","2.0.19","1","1","1","0.92","0.6756731455227554","0.9842597944565771","0.9814884080332837","0.9973931385702007","0.9720883091512509","","0","1","1","1","0","0","254","0","0","23","23"
"BXaSsyrvY5o19AoRDovjzVyZU9nXHixuDfNjBH8pfbjd","5","0","2.0.19","1","1","0.95","0.9","0.9452388484454748","0.9960499464099887","0.8899547069118801","1","0.9720037536699496","","0","1","1","1","0","0","255","0","0","28614","28614"
"H9p8zGs56CnL4b7RrbwQ6htc6V4K8PUtKvqH2m7hYAtL","0","0","2.0.19","0.9141770817924815","1","1","1","0.9974370034176375","0.9974370034176375","0.9998612051416952","1","0.9718838921154769","","0","1","1","1","8e-9","1.487262738","256","0","0","28612","28612"
"5evi7HwSeD95YbvwMpA7cfz6uDFmovHXpcGYAwZbKsoz","0","0","2.0.19","1","1","1","0.95","0.9251153894613704","0.9258064652774458","0.8990234197505745","0.9803893899423908","0.9718771817303922","","0","1","1","0","0","0","257","0","0","0","0"
"BfBPPqzYcqEQK9hF7AnQEJojzMtzQzB926qcPc4Y1v3L","0","0","2.0.19","1","1","1","0.95","0.9251153894613704","0.9258064652774458","0.8990234197505745","0.9802806193685528","0.9718701642740156","","0","1","1","0","0","0","258","0","0","0","0"
"DHoZJqvvMGvAXw85Lmsob7YwQzFVisYg8HY4rt5BAj6M","0","0","2.0.19","1","1","1","0.95","0.9251153894613704","0.9258064652774458","0.8990234197505745","0.9789416832566251","0.9717837812990525","","0","1","1","0","0","0","259","0","0","0","0"
"yrfQfUfsZechz1zqQyTRRz43czTZQidcrm4SNVWiDPi","0","80200.228984481","2.0.19","1","1","1","0.9","0.6756731455227554","0.9936599168777814","0.9971238386632094","0.9526556696902787","0.9714023463132984","","0","1","1","1","9.347927951","34772.827449126","260","57529","916","8992","67437"
"HD9FwkthKMAFzT3zsPfsZuELUN7pW71KkDR1EczuX8t5","5","0","2.0.19","0.9465297727743194","1","0.95","0.9","0.978601504976187","0.9995164604843749","0.9995164604843749","1","0.971380192293103","","0","1","1","0","0","0","261","0","0","0","0"
"8BbpzqTUCUa4oR71AMgcBiTQvd6Gta3xJHCG4xK9mKBp","5","0","2.0.19","0.9485645105404258","1","0.95","0.9","0.9982214995144065","0.9982214995144065","0.9987298437773418","0.9698953924057774","0.9711333149321681","","0","1","1","0","0","0","262","0","0","0","0"
"Gvt8s5Bwnhg4G27VbnT1Zkfh7Jsztq6CNvZcc5anPonS","4","0","2.0.19","0.95714078714624","1","0.96","0.92","0.9741870446378578","0.9961269683050649","0.9577441582972839","1","0.9707766289949177","","0","1","1","0","0","0","263","0","0","0","0"
"A11pGbZDE8fPNZgiqDjoST6v3QMdhzZ3r8W5YahCKtS5","0","35672.260463047","2.0.19","0.996003666732894","1","1","1","0.9827135933740389","0.9827135933740389","0.8035455061174237","1","0.9705737631828654","","0","1","1","0","0","0","264","0","0","0","0"
"DTDvrj1mKFv453DMAGRuFwg77DuLjsfVHnbLe5BJPL9D","0","141261.69949579402","2.0.19","1","1","1","0.9","0.8404679119581911","0.8857472340497605","0.9961574589701774","0.9371108865487846","0.9704635204852886","","0","1","1","0","1e-9","0","265","0","0","0","0"
"91413b9eEvG6UofpSgwdUgH9Lz4QBF1G3J325Bw7JwGR","0","4941.154942081","2.0.19","1","1","0.99","0.958","0.6756731455227554","0.9618615531937618","0.9816713170434049","1","0.9702440328645294","","0","1","1","1","0","4127.100830676","266","6827","0","0","6827"
"4jEHuQZTNTRYAhxRYEjV3HJ1b4wqdQjnBRdPzFWzkCft","0","0","2.0.19","1","1","1","0.9","0.6756731455227554","0.9618615531937618","0.9968902208238075","0.9821183910107695","0.9701957618046312","","0","1","1","0","0","0","267","0","0","0","0"
"9o4Y8WvRisPxEpuo4sZBq1CtfNsYanzp87bSgeYuGf3R","0","0","2.0.19","1","1","1","0.9","0.6756731455227554","0.9618615531937618","0.9968902208238075","0.981856810251219","0.9701788856265956","","0","1","1","0","0","0","268","0","0","0","0"
"7LtXiFCXqxwntUkTfzMAmS8TTehK8m3cbzx7BgvYFTiP","5","0","2.0.19","1","1","0.95","0.9","0.9452388484454748","0.9763758892609269","0.8899547069118801","1","0.9700998126555241","","0","1","1","0","0","0","269","0","0","0","0"
"6UgxzgqkEyXMwPtgyDZSn8WGzJ5GdSWG1bSPvy7V6QwV","5","0","2.0.19","1","1","0.95","0.9","0.9452388484454748","0.9763758892609269","0.8899547069118801","1","0.9700998126555241","","0","1","1","0","0","0","270","0","0","0","0"
"8rP6iyELBNkHabaNXvMJKEt7tgNSKeExT1w6AQUJbyz","0","129729.758415456","2.0.18","0.9790482452988734","1","1","1","0.8404679119581911","0.8857472340497605","0.9898481742117521","0.9923413847451323","0.9700882401739249","","0","1","1","0","0","0","271","0","0","0","0"
"HgovzvawYMRPY6Go2kaQF1vLR4rNixooHKrUWSH6aW4C","5","0","2.0.19","1","1","0.95","0.9","0.9452388484454748","0.9753564047824665","0.8899547069118801","1","0.9700011528672862","","0","1","1","0","0","0","272","0","0","0","0"
"C9YVc5dBPRbmyi8tPJKnrBuVwXeULby1eGXWvUVv866a","0","2913.323863631","2.0.19","1","1","1","0.9","0.6756731455227554","0.999264601014267","0.9577441582972839","1","0.9699179589444337","","0","1","1","1","1e-9","51.859517033","273","93","0","0","93"
"qjUuLxWo29QCBr7ZQw4EPLkAtmjHS2ZdZpZcH9g7fRb","0","2006.649328899","2.0.19","1","1","1","0.93","0.6756731455227554","0.9618615531937618","0.9872221309054545","0.9796812516118129","0.9698812895958786","","0","1","1","0","0","0","274","0","0","0","0"
"4BVYjw1ztUzUPsxsaCheWWwThT2X4rjogZytGnuWPUGg","0","0","2.0.19","1","1","1","0.92","0.6756731455227554","0.9536987878467417","0.9958603066688011","0.9800868565415626","0.9698686965917439","","0","1","1","0","0","0","275","0","0","0","0"
"D7ZCDE1PHe8duMjNpxwHrYbrRzcnsS7p4nD2daLzWwtr","0","77743.90151889401","2.0.19","1","1","1","0.9001","0.6756731455227554","0.9842597944565771","0.9938552747519105","0.948874615971773","0.9698306021085944","","0","1","1","0","0","0","276","0","0","0","0"
"AduRf23soau1sxTo1eyAoV11RyrtbyeF1fjj48jX9vYh","0","0","2.0.19","0.91498891697305","1","1","1","0.989688851699361","0.9907800562608367","0.9906466236217257","1","0.9698126947225366","","0","1","1","0","0","0","277","0","0","0","0"
"EogKVYgic8LKAuV1kR9nRqJaS5zpwCvSMfqoehzmAMpK","0","0","2.0.19","1","1","0.95","0.95","0.8404679119581911","0.8857472340497605","0.9920367521575467","1","0.9695588559579307","","0","1","1","1","0","3450.607434388","278","5710","0","0","5710"
"EARNynHRWg6GfyJCmrrizcZxARB3HVzcaasvNa8kBS72","5","2785.982343504","2.0.19","1","1","0.95","0.9","0.9944743963228857","0.9952491977448424","0.9577441582972839","0.7771503957078923","0.9694723809833942","","0","1","1","1","3189.1342139689987","7744.634040370001","279","12813","312908","0","325721"
"4tuMshQNpAFpy1YtEHnSsE5EPN1mAT8FevWvn2UPJHNM","0","23218.557201391","2.0.19","1","1","1","0.9","0.6756731455227554","0.9618615531937618","0.9968902208238075","0.9699913758989156","0.9694133737328986","","0","1","1","1","0","76895.636921179","280","127238","0","0","127238"
"AddV9GtVTtepbNa7MBNDx81wTMRgnXf8nzhRuyinVab5","0","21519.350739185","2.0.19","1","1","1","0.9","0.6756731455227554","0.9618615531937618","0.9968902208238075","0.9699268920813064","0.9694092134866011","","0","1","1","0","0","0","281","0","0","0","0"
"HiLaiF6HAUL2kYBsHcVb3CDws9c3dEphtfPbzDnKYFYB","0","21377.383872295","2.0.19","1","1","1","0.9","0.6756731455227554","0.9618615531937618","0.9968902208238075","0.9693297922745092","0.9693706909184208","","0","1","1","0","0","0","282","0","0","0","0"
"FGtsnE1HB4bBi6g4xAt5mvWtuC3qBPWPBgWVrnRmUiVH","0","0","2.0.19","1","1","1","0.91","0.6756731455227554","0.9618615531937618","0.9872221309054545","0.9818028123674877","0.9692913257736641","","0","1","1","0","0","0","283","0","0","0","0"
"DzCirYWNsCECVHgSaMVg1mqMzKwtGuN2Pqm2a4HqVpTE","5","0","2.0.19","1","1","0.95","0.9","0.8664877804935314","0.8740145471054379","0.9995475840115993","1","0.9692541786564443","","0","1","1","0","0","0","284","0","0","0","0"
"DTwEEF6VSrmTBYkDcj3BKAc52qhvP8CEQUEAMMT1cG3","0","0","2.0.19","1","1","1","0.9","0.6756731455227554","0.9618615531937618","0.9816713170434049","0.9959835790839349","0.969126560547364","","0","1","1","0","0","0","285","0","0","0","0"
"EARTHZeTM64X3UMYf5rcWonQkTCn3uifEwutBx6e656K","0","149591.613546756","2.0.18","1","1","1","0.9","0.6756731455227554","0.9977138119816803","0.9577441582972839","0.9872499196287859","0.9689452967560406","","0","1","1","0","0","0","286","0","0","0","0"
"FXRu5NA4ouLGFuZNNWZFwwnvQz9zE7JCX3D23RJTc2NU","5","0","2.0.19","1","1","0.95","0.92","0.6756731455227554","0.9881122335093074","0.9998691336825243","1","0.9687535976226945","","0","1","1","0","0","0","287","0","0","0","0"
"DTWh2VQuUJmskHuZWy1KLNvzKqk7PeMkCoaNvZy415U7","5","0","2.0.19","1","1","0.95","0.9","0.6756731455227554","0.9973538783901003","0.9973538783901003","1","0.9685965625734264","","0","1","1","0","0","0","288","0","0","0","0"
"LunaFpQkZsZVJL2P2BUqNDJqyVYqrw9buQnjQtMLXdK","5","10.362918221","2.0.19","1","1","0.95","0.9","0.8664877804935314","0.8740145471054379","0.9995475840115993","0.9864874177373497","0.9683823991556281","","0","1","1","0","0","0","289","0","0","0","0"
"GstRMuD8ZU61k7x33rSsp2J84S8bQMjK17pmJyXCdh7b","5","3638.072375302","2.0.19","1","1","0.95","0.9","0.6756731455227554","0.999264601014267","0.9938552747519105","1","0.9683300384869663","","0","1","1","0","0","0","290","0","0","0","0"
"DD7NQUKUex26GEsM8jpcx36MoGykbdUHJ3LbcD6Lzrfn","0","11447.752923702","2.0.19","0.9847445184514563","1","1","1","0.8404679119581911","0.8857472340497605","0.9577441582972839","1","0.9682773981861084","","0","1","1","0","0","0","291","0","0","0","0"
"8inoRcYLtHdDL1qHWvGph7pkJKuJdrE2kNkFpjcYaYHf","0","82018.415177652","2.0.19","1","1","1","0.9","0.9251153894613704","0.9258064652774458","0.8990234197505745","0.9525216222007077","0.9682621644567352","","0","1","1","1","346.07647633799996","406.542564609","292","670","33954","0","34624"
"3P2Fq9v1NwtrVTnwPGj2qVdVwnSvuNovZJWGS7nRvoin","0","0","2.0.19","1","1","1","0.9","0.9827135933740389","0.9827135933740389","0.8035455061174237","1","0.968228709398061","","0","1","1","0","0","0","293","0","0","0","0"
"DepooLoEUsBurWjv2xXnb4qfVFnExRCvAma94mcRzcmc","0","160341.980047241","2.0.19","1","1","1","0.9","0.6756731455227554","0.9618615531937618","0.9947251182393645","0.952975069331471","0.9680361794273289","","0","1","1","0","0","0","294","0","0","0","0"
"4BwKbV3ViY9huwhxRrbYWC5GgRUCwEe9k1YpFqFC7kQa","5","0","2.0.19","0.9830011783098367","1","0.95","0.9","0.9741870446378578","0.9896419266535678","0.8899547069118801","1","0.9677677574187842","","0","1","1","0","0","0","295","0","0","0","0"
"74UYnazXV25u3SCTsx6AHfPak8nennsxYTMhaeHbvuE6","0","0","2.0.19","0.9868109935194685","1","1","0.9","0.6756731455227554","0.9641362692070283","0.9994787838653839","1","0.9676490377200909","","0","1","1","0","0","0","296","0","0","0","0"
"CV7uvPY1Hk5Avb2NvkGJoUzGnipZrEZK27j5rQJoUae9","0","0","2.0.19","0.9676037877380652","1","1","1","0.6756731455227554","0.9973538783901003","0.9973538783901003","0.9938631001703838","0.9676318554031496","","0","1","1","1","291.124140621","138.776464266","297","225","28563","0","28788"
"5TkFPZf79rezPXzCTP6DjH4NLb7Hw3jRsAme1fv431oz","5","0","2.0.19","0.9810301989825799","1","0.95","0.9","0.9741870446378578","0.9942728670132581","0.8899547069118801","1","0.9675801131544778","","0","1","1","0","0","0","298","0","0","0","0"
"7X7oVv6K6wawMNzVriczSAEk18GzqyrYrvqyJbwLAY3s","0","0","2.0.19","1","1","1","0.9","0.8404679119581911","0.8857472340497605","0.9577441582972839","0.9689690210956887","0.9675623290789089","","0","1","1","0","0","0","299","0","0","0","0"
"scanjszMg2p4pXCZJWNUY8gEN6sCqY2oThXV58NPbWd","5","0","2.0.19","1","1","0.95","0.92","0.6756731455227554","0.9999037421426982","0.9816713170434049","1","0.9675466059886202","","0","1","1","0","0","0","300","0","0","0","0"
"GaxxAn5335dA4U3772MCFeqdyqCVEfmsQTQ47YXfC2Xi","0","12456.929182218","2.0.19","1","1","1","0.9","0.6756731455227554","0.9977138119816803","0.9577441582972839","0.9648769810798167","0.9675018813657845","","0","1","1","0","0","0","301","0","0","0","0"
"DggvF7asrbjrqvcvPPRKovy3VVvjCgvc2GnWVusxq2MP","0","0","2.0.19","1","1","1","0.9","0.6756731455227554","0.9936599168777814","0.9577441582972839","0.9680781146732103","0.9673160936843358","","0","1","1","0","0","0","302","0","0","0","0"
"7r1g7s6UjYuosRCHwedpGRCbJhZqM2LhUPxgoayRE6Rm","0","0","2.0.19","1","1","1","0.9","0.6756731455227554","0.9936599168777814","0.9577441582972839","0.9680439462323813","0.9673138892687985","","0","1","1","0","0","0","303","0","0","0","0"
"8HKqT579dAjdTy86zKUs8kAaGDHXY11wDC3ohGCkLSQH","5","0","2.0.19","1","1","0.95","0.9","0.6756731455227554","0.9962928467327955","0.9872221309054545","1","0.967186559834378","","0","1","1","0","0","0","304","0","0","0","0"
"AnodeNCzJGQ7QwheFqJr6EknKGa72m6XHiLtDQiXcmEc","0","10745.428661857","2.0.19","1","1","1","0.9","0.6756731455227554","0.9936599168777814","0.9577441582972839","0.9652357611147141","0.9671327160354006","","0","1","1","0","0","0","305","0","0","0","0"
"BBGumW2W9u8NEpkKeK4Gq1dCL2dUzAcLVPoPFYHwHHjm","0","11174.228607691","2.0.19","1","1","1","0.9","0.6756731455227554","0.9936599168777814","0.9577441582972839","0.9650138743812967","0.967118400762277","","0","1","1","0","0","0","306","0","0","0","0"
"2iWXwF2Q5W6o7yntV2mkbxncB4rYHnX61y3NU8a8EFMJ","0","0","2.0.19","1","1","1","0.9","0.6756731455227554","0.9641362692070283","0.9816713170434049","0.9590452639670582","0.9669635772507849","","0","1","1","0","0.011005925","0","307","0","0","0","0"
"686JcEJ98r8fMtUiVuKiz4WRoBpJ2Sm9zMhdc2b6H4bu","5","0","2.0.19","1","1","0.95","0.9","0.8404679119581911","0.8857472340497605","0.9965895443883762","0.9776363429602336","0.966886399662569","","0","1","1","0","0","0","308","0","0","0","0"
"EbTAFfpPzoHYAbj4HoSbiJ9nYtZjwPULi6y2TxummJcw","5","0","2.0.19","1","1","0.95","0.9","0.6756731455227554","0.9930302624857659","0.9872221309054545","1","0.9668708258749881","","0","1","1","0","0","0","309","0","0","0","0"
"8iLE53Y9k4sccy4gxrT936BHbhYS6J13kQT5vRXhXFMX","5","0","2.0.19","1","1","0.95","0.9","0.6756731455227554","0.9930302624857659","0.9872221309054545","1","0.9668708258749881","","0","1","1","0","0","0","310","0","0","0","0"
"2QE9X9X4tdDUTYic1DgBBJjU7cWUNPbKYGerCb9KqDQN","0","0","2.0.19","1","1","1","0.9","0.6756731455227554","0.9881122335093074","0.9577441582972839","0.9679701563843038","0.9667722560493928","","0","1","1","0","0","0","311","0","0","0","0"
"1234LB7uvDC23rdCQoK8C3jNwnovUNyeKxz8wC3dghJ5","0","35785.320971354","2.0.19","1","1","0.95","0.9","0.8404679119581911","0.8857472340497605","0.9961574589701774","0.9761204748153385","0.9667328487605501","","0","1","1","0","0","0","312","0","0","0","0"
"A2MtELFxn9wAiUrobrZ6vsypQtGHdH3ZesEnvAogvuFZ","0","29264.651260468","2.0.19","0.9889550495936932","1","1","0.92","0.6756731455227554","0.9936599168777814","0.9577441582972839","1","0.9665395216388686","","0","1","1","1","0.100049303","35.641466134000005","313","30","9","0","39"
"EX3g83pPDBzmqhR3Butivqobds4Mx547REXycx4jAJe4","0","0","2.0.19","0.9710152543202645","1","1","0.92","0.6756731455227554","0.9981173405726453","0.9947251182393645","1","0.9659555912555985","","0","1","1","0","0","0","314","0","0","0","0"
"D6HbUn4FeyZWiY5ftTAxK1TXmvCLjBoPG9nRsr8z8y5g","0","0","2.0.15","0.9812280775448399","1","1","0.9","0.6756731455227554","0.9881122335093074","0.9814884080332837","1","0.9658470128759667","","0","1","1","1","1004.37175945","0","315","0","96607","0","96607"
"76j8TGM73QzGLd2KATNsCwewPVESCkVpkePQdm5PwQXT","5","0","2.0.19","0.9347275031299057","1","0.95","0.9","0.978601504976187","0.9841794655832776","0.997376118970049","1","0.9658126101252085","","0","1","1","0","0","0","316","0","0","0","0"
"phz34EcgWRCT9otPzRS2JtSzVHxQJk4SovqJvV1TQk8","0","157.347945887","2.0.19","1","1","0.95","0.9","0.6756731455227554","0.9881122335093074","0.9814884080332837","1","0.9656550523776314","","0","1","1","1","2e-9","265.92491596","317","432","0","0","432"
"6gNdKvKUXLsmGnhYHAa6BRtcirMEM6orhZfikoFVXen9","5","0","2.0.19","1","1","0.95","0.9","0.6756731455227554","0.9881122335093074","0.9814884080332837","1","0.9656550523776314","","0","1","1","0","0","0","318","0","0","0","0"
"4aFj9VyXDrqU4TnKWnMVuPaAVTaF4GZLLKZN2iZivW29","5","3876.94310103","2.0.19","1","1","0.95","1","0.9827135933740389","0.9827135933740389","0.8035455061174237","1","0.9656154835916092","","0","1","1","0","0","0","319","0","0","0","0"
"Simpj3KyRQmpRkXuBvCQFS7DBBG6vqw93SkZb9UD1hp","0","151076.54931592802","2.0.19","1","1","0.95","0.9","0.8404679119581911","0.8857472340497605","0.9961574589701774","0.952017357893859","0.9651778089591643","","0","1","1","0","0","0","320","0","0","0","0"
"8Rs4wJJVFaRmARmwSvsVSAcSsUb9ZJD4USejuHm974hH","5","700.064323798","2.0.19","1","1","0.95","0.9","0.9251153894613704","0.9258064652774458","0.8990234197505745","1","0.965077866250238","","0","1","1","0","0","0","321","0","0","0","0"
"7K8DVxtNJGnMtUY1CQJT5jcs8sFGSZTDiG7kowvFpECh","5","9817.611035649","2.0.19","0.9480101638155761","1","0.95","0.9","0.999431005932556","0.999431005932556","0.9499491437909161","0.9688878162272284","0.9647902863044086","","0","1","1","0","134.70434386099998","15926755.297688767","322","0","0","0","0"
"AZUYzQX7nrbN1iE25YsSCSZAywZcyr1C1anMnwZtaqX9","5","0","2.0.19","0.9931984893479242","1","0.95","0.9","0.6756731455227554","0.9930302624857659","0.9872221309054545","1","0.96467679018077","","0","1","1","0","80.301970876","56.300087278","323","0","0","0","0"
"8ge8UzG9FyW4NDZ6zzZiUypnbcNQ3nUfTBKndxsmWqSB","5","0","2.0.19","0.9738285922232299","1","0.95","0.9","0.9741870446378578","0.9987643701492915","0.8899547069118801","0.9820240699844424","0.9645319383732999","","0","1","1","0","0","0","324","0","0","0","0"
"uTnZDhnbiSV3TX2obj71nFPAm2aXy83mFTFYzaBRk34","5","0","2.0.19","0.9826009313850723","1","0.95","0.9","0.9452388484454748","0.9763758892609269","0.8899547069118801","1","0.9644872098765154","","0","1","1","0","0","0","325","0","0","0","0"
"4ysUQbvWDjUdRprcjaBEH4V2VqPJgrPSwRsS6ATTMbiB","0","49199.620238171","2.0.19","1","1","0.95","0.9","0.9251153894613704","0.9258064652774458","0.8990234197505745","0.9905267639273084","0.9644666897294192","","0","1","1","0","0","0","326","0","0","0","0"
"DiYFYCDVurwZPVWieFsDNjG6iS2nSfBb5JQg3huY5eEu","5","0","2.0.19","1","1","0.95","0.9","0.8664877804935314","0.8740145471054379","0.9577441582972839","1","0.9638601882416938","","0","1","1","0","0","0","327","0","0","0","0"
"6F4gdYb1sqHGMeFaeEcqt8N6S2anHre2BkZM7QWo8r6N","0","134376.389657905","2.0.18","0.9709626796292278","1","1","1","0.6756731455227554","0.9641362692070283","0.9872221309054545","0.9854479157597872","0.9636505241967829","","0","1","1","0","0","0","328","0","0","0","0"
"2bm3fmyLq12943jC1UePUcvFho7y1bUik8PisvsRc2yq","5","0","2.0.19","1","1","0.95","0.9","0.6756731455227554","0.9536987878467417","0.9907958424202312","1","0.9635256782021503","","0","1","1","0","0.007000002","1.005142668","329","0","0","0","0"
"4CaonBV9LeqJ2oGhTdbNMWKFcHMbLmCnpCyvrRZtLkz3","5","94208.888344635","2.0.19","0.9543661707429247","1","0.95","0.9","0.9402435887823499","0.9479844201336193","0.9907958424202312","0.9714971173444459","0.9634822499924072","","0","1","1","0","0","0","330","0","0","0","0"
"DQRqi1v2un5eSoWxCkheGyVvcxm5LiMnxmSRUXazdGVX","5","0","2.0.19","0.984087834067682","1","0.95","0.9","0.6756731455227554","0.9977880029182914","0.9947251182393645","1","0.9631664230140214","","0","1","1","0","0","0","331","0","0","0","0"
"FACqsS19VScz8oo2YhdMg35EsAy6xsCZ9Y58eJXGv8QJ","5","153.51452573","2.0.19","1","1","0.95","0.92","0.6756731455227554","0.9536987878467417","0.9958603066688011","0.9725185577625908","0.9631329998963265","","0","1","1","0","0.000001549","0","332","0","0","0","0"
"sw222BfVDABppvydacSCj3JVaPSC83RoRtyvLmr6pNx","5","0","2.0.19","1","1","0.95","0.9","0.6756731455227554","0.9936599168777814","0.9577441582972839","1","0.9631281508021934","","0","1","1","0","0","0","333","0","0","0","0"
"8EKcbqKnQT9SV7hFUmfpJixZ63GL5btf74umgPQWsMUH","0","0","2.0.19","0.9725660101588094","1","1","0.9","0.6756731455227554","0.9641362692070283","0.9994787838653839","1","0.9630538817972977","","0","1","1","0","0","0","334","0","0","0","0"
"CAf8jfgqhia5VNrEF4A7Y9VLD3numMq9DVSceq7cPhNY","5","0","2.0.18","1","1","0.95","0.92","0.9251153894613704","0.9258064652774458","0.8990234197505745","0.9503125190903977","0.9625990610302636","","0","1","1","0","0","0","335","0","0","0","0"
"ErqEyaojEmRu8bhJz74mJy5MgQcyLN1rCQ5frrusAb8A","5","0","2.0.19","1","1","0.95","0.9","0.6756731455227554","0.9881122335093074","0.9577441582972839","1","0.9625912782181475","","0","1","1","0","0","0","336","0","0","0","0"
"4PsiLMyoUQ7QRn1FFiFCvej4hsUTFzfvJnyN4bj1tmSN","5","75.841418782","2.0.19","1","1","0.95","0.95","0.6756731455227554","0.9842597944565771","0.9814884080332837","0.9291884151092302","0.9625308431215108","","0","1","1","0","0","0","337","0","0","0","0"
"BH7asDZbKkTmT3UWiNfmMVRgQEEpXoVThGPmQfgWwDhg","0","81.534599965","2.0.19","0.8851414037658907","1","1","0.99","0.9992647209161146","0.9992647209161146","0.9998202456205694","1","0.9624436330555407","","0","1","1","1","0.189170647","0","338","0","18","0","18"
"5m3oE8X1HokEpjXJv9eES98JiNuD9yp1T9TDCuxvZZDR","5","0","2.0.19","0.9616276320321715","1","0.95","0.9","0.9921072360285483","0.9934913899001508","0.8899547069118801","1","0.962401735152477","","0","1","1","0","0","0","339","0","0","0","0"
"8PMeDKfxUKv4KJBBQJYPmfyZfoYYnMju6fnokRR9uT2w","0","0","2.0.19","0.9022365396462064","1","1","1","0.9944743963228857","0.9952491977448424","0.9577441582972839","1","0.9621947875977903","","0","1","1","0","0","0","340","0","0","0","0"
"2het6nBRLq9LLZER8fqUEk7j5pbLxq2mVGqSse2nS3tf","5","0","2.0.19","0.9887557167132718","1","0.95","0.95","0.9251153894613704","0.9258064652774458","0.8990234197505745","0.9790988313575941","0.9619193123743639","","0","1","1","0","1e-9","0","341","0","0","0","0"
"8CKQeLWLkFXD9kg2U4y238i4eQrAxsoVtNA1dAtysbfJ","0","4626.197229708","2.0.19","1","1","1","0.98","0.770290516389543","0.7793746850774765","0.9907958424202312","1","0.9619147244416917","","0","1","1","0","0","0","342","0","0","0","0"
"He4AUUbyUciqmWuAga11ucr2tM64GA3NqFXYEPmHPv6t","0","16198.604574363","2.0.19","1","1","1","0.98","0.770290516389543","0.7793746850774765","0.9907958424202312","0.9998426754917239","0.9619045744734158","","0","1","1","0","0","0","343","0","0","0","0"
"ACE2rAgt842mfSjaB4YYzxony4F2AogTPDNCYtCoRh2Q","0","0","2.0.19","1","1","1","0","0.989688851699361","0.9998690169845051","0.9906466236217257","1","0.9617732660915851","","0","1","1","0","0","18.485776135","344","0","0","0","0"
"LAKEuKJQYVFpf4vyjX7iuf9ajHo3k9FiyewYKf6VxPV","0","2685.588273523","2.0.19","0.9908584154008375","1","1","1","0.6756731455227554","0.9842597944565771","0.8990234197505745","1","0.9615743066911586","","0","1","1","1","0","686.44113901","345","1135","0","0","1135"
"3Grtx7bvWU7FPZDWZRdUUmigXBSfkJUzwdZqgfAapcgz","0","51664.178895297","2.0.18","0.9524233500643673","1","1","1","0.6756731455227554","0.9930302624857659","0.9872221309054545","1","0.9614051323473646","","0","1","1","0","0","0","346","0","0","0","0"
"GbC2vzt6S2HsUAJ46Qfh3aoG6oB9y3V4T7XD7914K5na","0","63044.665001124","2.0.19","1","1","1","0.98","0.770290516389543","0.7793746850774765","0.9907958424202312","0.9869096042783495","0.9610701827822303","","0","1","1","0","0","0","347","0","0","0","0"
"3Rk99suwAvvJgyLpDYEJeC2YPPLw1enc5T1r6J8ZoRSr","0","0","2.0.19","1","1","1","0.9","0.9402435887823499","0.9479844201336193","0.8035455061174237","0.9825237854970605","0.9610003236590121","","0","1","1","0","0","0","348","0","0","0","0"
"2qsJLygBZ2XoYkRtkngH4fH4CtFmzfnjARbtMSWkZAQs","0","23545.023024906","2.0.19","1","1","1","0.9","0.770290516389543","0.7793746850774765","0.9983271443994975","1","0.9599791505035326","","0","1","1","1","326.800839861","1309.960255672","349","2165","32064","0","34229"
"VoteMYitKq7mruk9QPJRUgryYbSkyZKBuvnL1VTgoMq","0","42.673538053","2.0.19","1","1","1","0.9","0.770290516389543","0.7793746850774765","0.9983271443994975","1","0.9599791505035326","","0","1","1","0","0","0","350","0","0","0","0"
"juicQdAnksqZ5Yb8NQwCLjLWhykvXGktxnQCDvMe6Nx","4","237.102135762","2.0.19","1","1","0.96","0.92","0.6756731455227554","0.9980266110053082","0.9980266110053082","0.8290855213336923","0.959698051959679","","0","1","1","1","429.6959973819996","106087.40193504198","351","7149","33423","0","40572"
"QUANT7qKUEW4PS4eP9jq4K35rDHpgWkWcgjbW1CwnGJ","0","0","2.0.18","1","1","1","1","0.770290516389543","0.7793746850774765","0.9983393221549312","0.9392552891231561","0.9596959017702437","","0","1","1","0","97.88306299700011","433.397099635","352","0","0","0","0"
"2oxQJ1qpgUZU9JU84BHaoM1GzHkYfRDgDQY9dpH5mgGn","5","0","2.0.19","0.9549239973135331","1","0.95","0.9","0.9741870446378578","0.9966944858885509","0.8899547069118801","1","0.959393107991104","","0","1","1","0","0","0","353","0","0","0","0"
"6hZL2FZim27WkQccMfygvvXH2eow5u3wR6XUJHbMoeWP","5","0","2.0.19","0.9711202021508571","1","0.95","0.9","0.6756731455227554","0.9985497933157806","0.9996555683005596","0.9912786371673126","0.9591305561302673","","0","1","1","1","0.8976667819999999","62.395568474","354","129","86","0","215"
"G2Qvt31y3wQDqLvnZTf1Lj91JrZ8rKUhtCP5kVJxXS9","5","0","2.0.19","0.983395136788151","1","0.95","0.92","0.6756731455227554","0.9999109613093244","0.9577441582972839","1","0.9591035218078752","","0","1","1","0","0","0","355","0","0","0","0"
"42XzJdJvr1qE7zdEnPQhV5PsN9eyAcR45SWpTrifW1JB","0","0","2.0.19","1","1","1","0.9","0.770290516389543","0.7793746850774765","0.9907958424202312","1","0.959007369602982","","0","1","1","0","0","0","356","0","0","0","0"
"7miZ2ZoXwS3YDzBRCbWcEtNVyuxk8WbbcyQwq7i5btvZ","0","0","2.0.19","1","1","1","0.9","0.770290516389543","0.7793746850774765","0.9907958424202312","1","0.959007369602982","","0","1","1","0","0","0","357","0","0","0","0"
"QXmsTYFK7YT2BpP2AnvXwuRpfwmsJZpovLcUqdSjoK1","0","0","2.0.19","1","1","1","0.9","0.770290516389543","0.7793746850774765","0.9907958424202312","1","0.959007369602982","","0","1","1","0","0","0","358","0","0","0","0"
"9H7v1rB2tkPUaFmW6BMNV47Qpj63crPTzmhVgpQAmz9Y","5","0","2.0.19","0.9509738424316596","1","0.95","0.9","0.9921072360285483","0.9934913899001508","0.8899547069118801","1","0.9589650288297313","","0","1","1","0","0","0","359","0","0","0","0"
"2ZiMfQaT59j86HVWCvspuMtBotnVBeTc3BKk3kKpwgKP","0","0","2.0.19","1","1","1","0.93","0.770290516389543","0.7793746850774765","0.9907958424202312","0.9740876135700428","0.9584258608010493","","0","1","1","0","0","0","360","0","0","0","0"
"4gGhS4PaKHsg5GWEpo4tHhMibdHMeRa5567NVubMEBiB","0","87.590083612","2.0.19","0.9518132951132046","1","1","0.95","0.9251153894613704","0.9258064652774458","0.8990234197505745","1","0.9575982840286911","","0","1","1","0","0","0","361","0","0","0","0"
"5K8qgC9nHzKHSSyo9fKLsMfYmavYdMgEaYx86cMmVKVv","0","0","2.0.19","1","1","1","0","0.9994421951704728","0.9995585776362744","0.9577441582972839","0.9816065901911146","0.9569403205426171","","0","1","1","0","0","0","362","0","0","0","0"
"FVhMWs3bbayWpUqDAbWUPH813gzFzJEo8fzhLhhkGstp","0","122267.217287598","2.0.19","1","1","1","0.91","0.770290516389543","0.7793746850774765","0.9907958424202312","0.96104031959291","0.9568572611896214","","0","1","1","1","1e-9","15263.871174379","363","25264","0","0","25264"
"GAnbgkZq584QAdfZZzX8aCiKvDYcqszY3jGCiwqm3a9h","5","0","2.0.19","0.9003983459018128","1","0.95","0.9","0.9921072360285483","0.9934913899001508","0.9979921945593466","1","0.9565906735165506","","0","1","1","1","0","382.221522217","364","631","0","0","631"
"4n4KiUuRwgAqdTh6ag8WRy3ibL2gbWTVJPfEGw3SAsHx","5","0","2.0.19","0.9183965676922687","1","0.95","0.9","0.9741870446378578","0.9961269683050649","0.9577441582972839","1","0.9563021711065398","","0","1","1","0","0","0","365","0","0","0","0"
"Cn9bZCGSYN57GsTfJ5YLCy8HMejHZqrBQkv99eusJtEH","0","90127.323046312","2.0.19","1","1","1","0.9","0.770290516389543","0.7793746850774765","0.9907958424202312","0.9520577012349534","0.9559143180697531","","0","1","1","0","0","0","366","0","0","0","0"
"WiFKWdvXypmu9nk4RwuMDh28YbVAp66TigPHUxH5iYY","0","0","2.0.15","0.9448143547609269","0.8463521530450058","1","0.96","0.9970374894787379","0.9980583583896033","0.9999996352536018","1","0.9555835131604835","","0","1","1","1","0","4923.432944702","367","780","0","0","780"
"EHhxJpoAZXSSmUBhUXUMNd29verm4WdmaHQ2eZtU7fWR","5","0","2.0.19","1","1","0.95","0.9","0.8664877804935314","0.8740145471054379","0.8899547069118801","0.9999154470090672","0.9551077072248075","","0","1","1","0","0","0","368","0","0","0","0"
"EtkzFbZak1QuZUTK6woX41dhjtguoeQsh9Xh1VRVNeGv","5","1072.317333687","2.0.19","0.9604745544482182","1","0.95","0.9","0.6756731455227554","0.9916892361917717","0.9938552747519105","1","0.9548467949390532","","0","1","1","0","0","0","369","0","0","0","0"
"F8vL85h6Je7XQYZBwwQPy7fbHd4rf81pTVE47Y2VpjNS","0","0","2.0.18","1","1","1","0.9","0.770290516389543","0.7793746850774765","0.9577441582972839","1","0.954742636167763","","0","1","1","0","1e-9","1320.591107665","370","0","0","0","0"
"91ciyr81FJnZaoWcDT4PHwwdzgNp21cgH354JbCuxnwR","5","0","2.0.19","1","1","0.95","0.9","0.6756731455227554","0.9842597944565771","0.8990234197505745","1","0.9546415920457272","","0","1","1","0","0","0","371","0","0","0","0"
"pgbB8erEYkTBKxyuXJRB4HrwtgyKYqeGCQnuPAH8yVw","5","990.247167221","2.0.19","1","1","0.95","0.9","0.6756731455227554","0.9842597944565771","0.8990234197505745","1","0.9546415920457272","","0","1","1","0","0","0","372","0","0","0","0"
"8ztfVJM7Yf7CMXqTGMGBkXmTkGCiJTgVfh1CYDZZND5b","5","1109.151697331","2.0.19","1","1","0.95","0.92","0.770290516389543","0.7793746850774765","0.9983271443994975","1","0.9544585698583712","","0","1","1","0","0","0","373","0","0","0","0"
"8mu3JHHF1Qkcrbqjo6KWxyWvTxarZjqptJTokR2jrDFo","0","0","2.0.19","0.8741631493472725","1","1","0.9","0.978601504976187","0.9998627812780371","0.999757358833776","1","0.9543481381482037","","0","1","1","1","0.016638614","0","374","0","1","0","1"
"3xjfK9C9YNcta8MvK1US4sQ3bc6DEjoJoR3qLExGf9xE","5","2499.304358793","2.0.19","0.9741210587348763","1","0.95","0.9","0.6756731455227554","0.9881122335093074","0.9814884080332837","0.9520124613560126","0.9542110365731407","","0","1","1","1","2506.672833424","4246.544442971","375","49","49760","0","49809"
"ESjX2jRuvdr2a47JfEKjP24gNsgreE9PvSpkw4t5Xn2M","5","0","2.0.19","1","1","0.95","0.9","0.770290516389543","0.7793746850774765","0.9998489695033037","1","0.9539280956782172","","0","1","1","0","0","0","376","0","0","0","0"
"DSRnpPkLWLA5V2TZo3AJwe2eGfkZ4ZaCwRf2v7e4aXg7","0","36.875236825","2.0.19","0.9080790367470651","1","0.95","0.9","0.9921072360285483","0.9934913899001508","0.9577441582972839","1","0.9538750207231399","","0","1","1","0","0","0","377","0","0","0","0"
"6wrzzX8hhhwY8NVtZWJqYJJfqnkDiFq6qTZEKLv3SjZk","0","23888.746074634","2.0.19","1","1","1","1","0.8664877804935314","0.8740145471054379","0.8035455061174237","1","0.9538452008636475","","0","1","1","0","0","0","378","0","0","0","0"
"7YCDRyGNn8g3WgZg25JLB9wKuERMkj99AFc8zHAQVwSt","0","10290.669908358","2.0.19","1","1","1","1","0.8664877804935314","0.8740145471054379","0.8035455061174237","1","0.9538452008636475","","0","1","1","0","0","0","379","0","0","0","0"
"HMLfMHdETcGSqPGAr38rSiwewsSZvLPMMPALc5pggtiW","5","2630.325419546","2.0.19","1","1","0.95","0.9","0.770290516389543","0.7793746850774765","0.9983271443994975","1","0.9537317311486938","","0","1","1","0","0","0","380","0","0","0","0"
"23utbQdXgsucDPTVcaRQiTZMrKPhQ1nmg4iRNdHDNwTb","0","0","2.0.19","1","1","1","0.9","0.770290516389543","0.7793746850774765","0.9577441582972839","0.9803406460997446","0.9534742907548434","","0","1","1","0","0","0","381","0","0","0","0"
"Va1idkzkB6LEmVFmxWbWU8Ao9qehC62Tjmf68L3uYKj","5","64.46208323","2.0.19","1","1","0.95","0.92","0.9827135933740389","0.9827135933740389","0.8035455061174237","0.8560342090077284","0.953420013205011","","0","1","1","1","1.3776350410000004","260409.43248019202","382","144541","135","0","144676"
"HWeDLvzf8PhbYCuNFXB9E3fiCaz8RCtHW8b52iPAboCJ","0","88601.303937441","2.0.19","0.954093161154898","1","1","0.92","0.9827135933740389","0.9827135933740389","0.8035455061174237","0.9872645071970474","0.9533252457188052","","0","1","1","0","0","0","383","0","0","0","0"
"9jYFwBfbjYmvasFbJyES9apLJDTkwtbgSDRWanHEvcRw","0","0","2.0.19","1","1","1","1","0.8404679119581911","0.8857472340497605","0.8035455061174237","1","0.9533019209850115","","0","1","1","0","0","0","384","0","0","0","0"
"9ymU1ayh9mZVyDL4dUUtXKtX1wCaFNzZPGutLJgqzuC1","0","10529.200262273","2.0.19","1","1","1","1","0.8404679119581911","0.8857472340497605","0.8035455061174237","1","0.9533019209850115","","0","1","1","0","0","0","385","0","0","0","0"
"FqavJAnX2ioPssR7NkZnSU65fVLCr3AgnghuBKfSnePE","0","3785.44062301","2.0.19","1","1","1","1","0.8404679119581911","0.8857472340497605","0.8035455061174237","1","0.9533019209850115","","0","1","1","0","0","0","386","0","0","0","0"
"8wEfU2LDRFTJf57fv1FutTkp8LEW7cR2m5L7ZNNXXMCT","0","4360.462012463","2.0.19","1","1","1","1","0.8404679119581911","0.8857472340497605","0.8035455061174237","1","0.9533019209850115","","0","1","1","0","0","0","387","0","0","0","0"
"abc1zP7ihWsgQW8z5YmfQNqMckJE5Dfx8fwUNMNVNkY","5","0","2.0.19","1","1","0.95","0.9","0.770290516389543","0.7793746850774765","0.9983393221549312","0.9932551436272292","0.9532981504479258","","0","1","1","0","271.104779236","0","388","0","0","0","0"
"Fbnesg4kSDDoFbjaSiDQJ3GXHHAnNb1CJCgLQp4dxj4C","5","54747.757189207","2.0.19","1","1","0.95","0.9","0.770290516389543","0.7793746850774765","0.9983271443994975","0.9915558371115953","0.9531869464462162","","0","1","1","0","0","0","389","0","0","0","0"
"5frYQSynysBe1akCVK9tNBJ5j8jgBgUsjAXAgqHxvykJ","0","0","2.0.19","1","1","1","0.9","0.770290516389543","0.7793746850774765","0.9577441582972839","0.9709143330386982","0.9528661415250984","","0","1","1","0","0","0","390","0","0","0","0"
"HM5H6FAYWEMcm9PCXFbbiUFfFVLTN9UGy9AqmMQjdMRA","0","160697.290822141","2.0.18","1","1","1","1","0.6756731455227554","0.9842597944565771","0.8990234197505745","0.8181342911314762","0.952789933409048","","0","1","1","0","0","0","391","0","0","0","0"
"J6hFEnGhsGxTyss6DNW9aNQskPZ98gD8P6Wo1F5MBsCK","5","0","2.0.19","1","1","0.95","0.9","0.770290516389543","0.7793746850774765","0.9907958424202312","1","0.9527599502481434","","0","1","1","0","0","0","392","0","0","0","0"
"74DQRGa4oqepMGcz96obZvw5gJPEPwaPa9MTqbAfBi9F","5","0","2.0.19","0.9314479285513969","1","0.95","0.9","0.9921072360285483","0.9934913899001508","0.8899547069118801","1","0.9526663469328722","","0","1","1","0","0","0","393","0","0","0","0"
"EBVj3uwSKZpqEb1K267JaPxDQhULVqCy6hYeQqjsPh81","0","0","2.0.19","1","1","1","0.9","0.770290516389543","0.7793746850774765","0.9577441582972839","0.9677824113397169","0.952664082060648","","0","1","1","0","0","0","394","0","0","0","0"
"4mUZWLYoo16fe2S2xZ1DdXZHBxynRWBAf3prokBQsxac","0","16499.797526018","2.0.19","1","1","1","0.98","0.8404679119581911","0.8857472340497605","0.8035455061174237","1","0.9525750822753342","","0","1","1","0","0","0","395","0","0","0","0"
"C6o1toH7rriz2DocmgTw6JzFbJdLpQ9w2QsjeKQQinfZ","0","14721.226884996","2.0.19","1","1","1","0.98","0.8404679119581911","0.8857472340497605","0.8035455061174237","1","0.9525750822753342","","0","1","1","0","0","0","396","0","0","0","0"
"1Dadio3JRvpEjY6iSmXmhbGy9RiU8Nxh2GmoVbNusbE","0","43299.180638468","2.0.19","1","1","1","0.9","0.770290516389543","0.7793746850774765","0.9577441582972839","0.9607002055052354","0.9522071655551976","","0","1","1","0","0","0","397","0","0","0","0"
"4hZueUrKETMSg3k94JihgbyCdc8nma3GcvdeKBrtWamQ","5","0","2.0.19","0.8841318336354513","1","0.95","0.9","0.978601504976187","0.9998946064901946","0.999757358833776","1","0.951319503261696","","0","1","1","0","0","0","398","0","0","0","0"
"D3QPJm7BDzzPeRG51YZSEz3LfV7GvFNu9NkcibzURxuj","0","23921.467741171","2.0.19","1","1","1","1","0.8664877804935314","0.8740145471054379","0.8035455061174237","0.9497905090649454","0.9506058788678375","","0","1","1","0","0","0","399","0","0","0","0"
"9mB171rzHzYFJTSoLBEDTX4ZvzzyWW2mtBBJovy1qD2E","0","1500.327973402","2.0.18","1","1","1","1","0.6756731455227554","0.9641362692070283","0.8035455061174237","1","0.9502560362302029","","0","1","1","0","0","0","400","0","0","0","0"
"SUN1nYpPJVjd3gKnDACdaUVL53LJaXR9u8e9i1jkZ3a","0","21374.586644732","2.0.19","1","1","1","0.9","0.8664877804935314","0.8740145471054379","0.8035455061174237","1","0.9502110073152605","","0","1","1","1","0","24.519676287","401","7","0","0","7"
"BLX5PkLh7GsHaqCpLDxiW3UjxfT2GMyteVAhRZBYhCts","0","6665.368408613","2.0.19","1","1","1","0.9","0.8664877804935314","0.8740145471054379","0.8035455061174237","1","0.9502110073152605","","0","1","1","0","0","0","402","0","0","0","0"
"GRWCUtxwiSLtLGERyNyZymr77NJdko2HdDHxpVcJz6E9","0","0","2.0.19","1","1","1","0.9","0.8664877804935314","0.8740145471054379","0.8035455061174237","1","0.9502110073152605","","0","1","1","0","0","0","403","0","0","0","0"
"FSDKGroWxgBf7VmV6X1NLDhnncrWW2ekztwRWiJrPf3k","0","0","2.0.19","1","1","1","0.93","0.8664877804935314","0.8740145471054379","0.8035455061174237","0.9808987919171136","0.950068929374429","","0","1","1","0","0","0","404","0","0","0","0"
"F4UVoVGgmd2aJwnfz3eojQ92P9AvYbRG51z1xnEj8tFy","5","0","2.0.19","0.9304827760776658","1","0.95","0.9","0.9452388484454748","0.9960499464099887","0.8899547069118801","1","0.9495788427272613","","0","1","1","0","0","0","405","0","0","0","0"
"CJ1GZixWD1WzozqZMm3v9dY2xboRYZfQuuEHzawAthen","0","0","2.0.19","1","1","1","0.9","0.8664877804935314","0.8740145471054379","0.8035455061174237","0.981498253679077","0.9490173462622977","","0","1","1","1","0.025649755","0","406","0","2","0","2"
"eRuZHEsLgULocRrgw5PsuDEjWR1SrkC4aES8QsiHhF5","0","3661.091343931","2.0.19","1","1","1","0.9","0.6756731455227554","0.9916892361917717","0.8035455061174237","0.9933927163322954","0.9488619824759713","","0","1","1","0","0","0","407","0","0","0","0"
"3NXnw51gHc2rDWTCWU4eVpP1yHyKKbJa1p6JDgMkmiDa","0","0","2.0.19","1","1","1","0.9","0.6756731455227554","0.9986806568199482","0.8035455061174237","0.9825861862861313","0.9488413760821715","","0","1","1","0","0","0","408","0","0","0","0"
"725My2yzg5ZUpQtpEtivLT7JmRes2gGxF3KeGCbYACDe","0","82317.33824284401","2.0.19","1","1","1","0.9001","0.8664877804935314","0.8740145471054379","0.8035455061174237","0.9772420388743966","0.9487463859523184","","0","1","1","0","0","0","409","0","0","0","0"
"7PmWxxiTneGteGxEYvzj5pGDVMQ4nuN9DfUypEXmaA8o","0","81.908823464","2.0.19","0.934923284732406","1","1","0.9","0.6756731455227554","0.9842597944565771","0.9814884080332837","0.9680831984377587","0.9484780177660631","","0","1","1","0","0","1.675979774","410","0","0","0","0"
"6minRorGYiA5aEeDvXL1Usat6DCdaF46owL3oANVQ8uB","5","0","2.0.19","0.9324615486715673","1","0.95","0.9","0.9452388484454748","0.9763758892609269","0.8899547069118801","1","0.9483132154528039","","0","1","1","0","0","0","411","0","0","0","0"
"DPhzpiNGU9C6576uLsNSHmdi2AxwxpjMsRdh2iVC4TPh","0","0","2.0.19","1","1","1","0.9","0.8404679119581911","0.8857472340497605","0.8035455061174237","0.9778652909433503","0.9482396816910342","","0","1","1","0","0","0","412","0","0","0","0"
"HkK6U5e8HkTs5uE7VEWQ2H3NuznjLF1mpoRVjzdDgfF5","0","14416.905891197","2.0.19","1","1","1","0.9","0.8404679119581911","0.8857472340497605","0.8035455061174237","0.9727685063514531","0.9479108568786537","","0","1","1","0","0","0","413","0","0","0","0"
"CogentC52e7kktFfWHwsqSmr8LiS1yAtfqhHcftCPcBJ","0","153.819691811","2.0.18","1","1","1","0.5","0.6756731455227554","0.9881122335093074","0.9814884080332837","0.8518287062143945","0.9478062592301729","","0","1","1","1","151.737203055","7353.947278448999","414","12165","14887","0","27052"
"Gk8yrBiy3gBWCgnHaXcEeMEyCZf9sK3kvTaSdAQAj7zm","5","0","2.0.19","0.9373477062580597","1","0.95","0.9","0.6756731455227554","0.9930302624857659","0.9872221309054545","1","0.9466604085388783","","0","1","1","0","0","0","415","0","0","0","0"
"akVU92YQV5hNTuzLBkF3RZCzKydZokyvzL7WdPF3D57","5","0","2.0.19","0.8662399964646041","1","0.95","0.95","0.978601504976187","0.9841794655832776","0.997376118970049","1","0.9455369628138208","","0","1","1","0","0","0","416","0","0","0","0"
"9r5ifZdqmyK6fqB7t8WXPAibCW9xgizniaihFPpWkaP7","5","0","2.0.19","0.9119680097523859","1","0.95","0.9","0.9741870446378578","0.9896419266535678","0.8899547069118801","1","0.944853832077671","","0","1","1","0","0","0","417","0","0","0","0"
"R1vAoSPFQdCc6wsAEMtxWXjqptSeN1YUiq2Zni1of21","5","0","2.0.19","0.9147960760322259","1","0.95","0.9","0.770290516389543","0.9979528833363119","0.9816713170434049","0.9928351968481085","0.9447879388703265","","0","1","1","0","0.448526049","1.708140145","418","0","0","0","0"
"F19Lw3eT39uTa9bPRvqePP6DyukTeAP86ctrceHoJUTX","5","0","2.0.19","0.8641994376193821","1","0.95","0.9","0.978601504976187","0.9841794655832776","0.998486789693879","1","0.9432049336023078","","0","1","1","0","0","0","419","0","0","0","0"
"4dmBLJcchyfucSxkVmrymmsnVpZm3rBkp7kbF7qHTTYW","5","0","2.0.19","0.9685259742105379","1","0.95","0.9","0.770290516389543","0.7793746850774765","0.9983393221549312","0.9856761770922418","0.9426562733200357","","0","1","1","0","0","0","420","0","0","0","0"
"kpkkSzKLha44i5ij2eyTf8Aju9eQTEixeR8ktmvtDgT","5","0","2.0.19","0.8569692208258837","1","0.95","0.9","0.978601504976187","0.9995164604843749","0.9995164604843749","1","0.9424896916645753","","0","1","1","0","0","0","421","0","0","0","0"
"9BUaTrUWHVpwq4mN5YTWLD5cYy3UtyRSwzg5v2hyNFNm","5","0","2.0.19","0.9590287712303038","1","0.95","0.9","0.8664877804935314","0.8740145471054379","0.8899547069118801","1","0.9418966368469012","","0","1","1","0","0","0","422","0","0","0","0"
"9V3Yy2fYZt65so3xg6wmnUiG1mDQvgkTJYTsn3YPkgLH","5","0","2.0.19","0.854273466331517","1","0.95","0.9","0.978601504976187","0.9995164604843749","0.9995164604843749","1","0.9416200934405861","","0","1","1","0","0","0","423","0","0","0","0"
"DSzLJLUQD55sxaCsJBHLFSV1SYngMmT7oY8rLpFhyGgb","3","0","2.0.19","1","1","0.97","0.9","0.6756731455227554","0.9536987878467417","0.8035455061174237","0.9929735108121438","0.941409990344507","","0","1","1","0","0","0","424","0","0","0","0"
"6559KMdiUseNSAkRcK9WcFcNTppoj6jWtKVedpMkBYCn","5","0","2.0.19","1","1","0.95","0.9005","0.770290516389543","0.7793746850774765","0.8990234197505745","1","0.9409365182907683","","0","1","1","1","19.762161273","2775.7728248819994","425","4598","1936","0","6534"
"JAc59DHJCxu9T1xSP1eaMD82aH3jGNqvwQYZkfA4JLy3","5","0","2.0.19","1","1","0.95","0.9","0.770290516389543","0.7793746850774765","0.8990234197505745","1","0.9409183473230264","","0","1","1","0","0","0","426","0","0","0","0"
"EnRcbgr5r7EUS2P35szncy6TW6eWA9UQiU3yQRCDbh2P","5","0","2.0.19","1","1","0.95","0.92","0.6756731455227554","0.9536987878467417","0.8035455061174237","1","0.9400911831953365","","0","1","1","0","0","0","427","0","0","0","0"
"LodezVTbz3v5GK6oULfWNFfcs7D4rtMZQkmRjnh65gq","1","57.952330785","2.0.19","0.9040914595938963","1","0.99","0.92","0.6756731455227554","0.9930302624857659","0.9872221309054545","0.9752563247509356","0.9400609950827569","","0","1","1","1","3.0000000000000004e-9","1404.4564296300002","428","2325","0","0","2325"
"76DafWkJ6pGK2hoD41HjrM4xTBhfKqrDYDazv13n5ir1","5","1938.170755967","2.0.19","1","1","0.95","0.9","0.6756731455227554","0.9536987878467417","0.8035455061174237","1","0.9393643444856592","","0","1","1","1","0","252.255518352","429","413","0","0","413"
"ESaLvDNR7FVdf4sR1edjAGN678ts24s8VGirvPq9q7H3","5","1067.494743517","2.0.19","0.9548132530531181","1","0.95","0.9","0.770290516389543","0.7793746850774765","0.9983271443994975","1","0.9391553611658287","","0","1","1","0","0","0","430","0","0","0","0"
"EdGevanAjM8a6Gg9KxBVrmVdZAUGAZ9xaVd7t9R4H2x","0","0","2.0.19","1","1","1","0.5","0.770290516389543","0.7793746850774765","0.9577441582972839","0.9782839721940779","0.9388048279222196","","0","1","1","0","2e-9","0","431","0","0","0","0"
"DdAvpE1oUuV1sNUxLgtCfC6ZwhgdyPksoXU9EfYdXL5U","5","0","2.0.19","0.8925840524541572","1","0.95","0.9","0.9741870446378578","0.9896419266535678","0.8899547069118801","1","0.9386009426266295","","0","1","1","0","0","0","432","0","0","0","0"
"GioetmC79nLRnN7VDfHaq8coWAEFPJKu9py59uUqdV5U","5","0","2.0.19","0.8996777499327285","1","0.95","0.9","0.770290516389543","0.9979528833363119","0.9577441582972839","1","0.9372859295259498","","0","1","1","0","0","0","433","0","0","0","0"
"B1u3QSjYXHhiD4iWo6t3MwbSnRXjtsguMYZjYGXu3FZK","5","65097.219649684","2.0.19","0.9496615946644159","1","0.95","0.9","0.770290516389543","0.7793746850774765","0.9983271443994975","0.9890251759762579","0.9367854827163284","","0","1","1","0","0","0","434","0","0","0","0"
"SwMV2YNK7ahUx5LMDqLhMBFC1QfBAkxUxihr7roLjVT","5","0","2.0.19","0.9442114668263474","1","0.95","0.9","0.6756731455227554","0.9842597944565771","0.8990234197505745","1","0.9366452910219681","","0","1","1","0","0","0","435","0","0","0","0"
"Ha5QeKj9o3u1116qohTcSqEhPRJgUUKSLxS1n5Phgq85","5","0","2.0.19","0.836247771440068","1","0.95","0.9","0.978601504976187","0.9995164604843749","0.9995164604843749","1","0.9358053531530218","","0","1","1","0","0","0","436","0","0","0","0"
"voEskim7SFWrPx1tV2PVisqyrJejxmDEARX11mtZ5vo","0","1.537165037","2.0.19","0.8825861045360195","1","1","1","0.6756731455227554","0.9842597944565771","0.9814884080332837","0.9737347411942695","0.9355938656224875","","0","1","1","0","0","4.879336419","437","0","0","0","0"
"FKyoehgzXD6KVSQoHJuTteXGCrChYe65k98wMckr9MN8","5","1006.451460496","2.0.19","0.8385537301379151","1","0.95","0.9","0.978601504976187","0.9841794655832776","0.9982899090292938","1","0.934906720780598","","0","1","1","0","0","0","438","0","0","0","0"
"DsiG71AvUHUEo9rMMHqM9NAWQ6ptguRAHyot6wGzLJjx","0","211.699030918","2.0.19","1","1","1","0.92","0.6756731455227554","0.9916892361917717","0.8035455061174237","0.7577350117928615","0.9343850983121369","","0","1","1","1","131.297682871","531.491187401","439","880","12880","0","13760"
"55gncCYVFXYZhjD5a3aemVVtiHaVwfzu2R4axgamGLwV","5","0","2.0.19","0.8299958690212063","1","0.95","0.9","0.978601504976187","0.9995164604843749","0.9995164604843749","1","0.93378861043726","","0","1","1","0","0","0","440","0","0","0","0"
"voteRnv6PBzmiGP8NicWtQiqEJTwKKq2SxtqtdLUJjd","0","0","2.0.20","1","1","1","0","0.6756731455227554","0.9936599168777814","0.9971238386632094","0.8760184614937548","0.9337502683651356","","0","1","1","1","103.42439970399997","4611.302485299","441","7630","10146","0","17776"
"Ea3QDFfHSEPbTDKPaDSKwcYYK4unXR5HEuqeiQKU5Scr","5","0","2.0.19","0.9350478879394325","1","0.95","0.9","0.6756731455227554","0.9842597944565771","0.8990234197505745","1","0.9336892978326408","","0","1","1","0","0","0","442","0","0","0","0"
"6anBvYWGwkkZPAaPF6BmzF6LUPfP2HFVhQUAWckKH9LZ","0","10.692201542","2.0.19","0.8258364431163354","1","1","1","0.9402435887823499","0.9995989375531591","0.9577441582972839","0.98563111048657","0.9335447508241873","","0","1","1","0","4.418638762","0","443","0","0","0","0"
"AS3nKBQfKs8fJ8ncyHrdvo4FDT6S8HMRhD75JjCcyr1t","0","37.780462407","2.0.18","1","1","1","0.9","0.8664877804935314","0.8740145471054379","0.8035455061174237","0.7402360618078344","0.9334520435609273","","0","1","1","1","83.5798662","28191.35126252","444","46642","8198","0","54840"
"5okzFSJ474W7xZ75Xztdcvr4Kh61ZQzEW7eZisCdHxzc","0","1662.561962526","2.0.19","1","1","1","1","0.8404679119581911","0.8857472340497605","0.6480102150716736","1","0.9332328511726568","","0","1","1","0","0","0","445","0","0","0","0"
"H2tJNyMHnRF6ahCQLQ1sSycM4FGchymuzyYzUqKEuydk","3","2.926812414","2.0.19","0.8680195111604793","1","0.97","0.93","0.9741870446378578","0.9896419266535678","0.8899547069118801","0.9663759190831467","0.9320968273114523","","0","1","1","0","0","0","446","0","0","0","0"
"gangtRyGPTvYWb8K3xS2feJQaCks4iJ7rytFUPtVqSY","0","0","2.0.19","1","1","1","1","0.6756731455227554","0.9877382795765751","0.6480102150716736","0.9927131234331574","0.932000910868653","","0","1","1","0","6.643934021","377.358737496","447","0","0","0","0"
"EkLA4nA5jtM2t2FkNWo6XWAyvQyaJJUZoX5p7LMawoaz","5","0","2.0.19","0.8894961922655196","1","0.95","0.9","0.8664877804935314","0.9994106557652822","0.8899547069118801","1","0.9316018799543752","","0","1","1","0","1e-9","0","448","0","0","0","0"
"7spi8Z1CpG1AezUpjHQ5rGKxw2dBoeTfBmQxqT1YkS9y","0","0","2.0.19","1","1","1","0.93","0.8404679119581911","0.8857472340497605","0.6480102150716736","1","0.9306889156887858","","0","1","1","0","0","0","449","0","0","0","0"
"3nYnW8z3Aum5U6HiVLJkR71rauWPW2hyvngye4t25rPt","0","2083.352235878","2.0.19","1","1","1","0.92","0.6756731455227554","0.9988326535042892","0.6480102150716736","1","0.9306373261885507","","0","1","1","1","21.258492769","3342913.522037533","450","403978","1924","0","405902"
"8yPiZWMNYMhEqTmPSRc6LsWLFC8pewYEzmgc5kRCLTrZ","0","0","2.0.18","1","1","1","1","0.8404679119581911","0.8857472340497605","0.6480102150716736","0.9578844378877508","0.9305157181331568","","0","1","1","0","0","0","451","0","0","0","0"
"3JFt7NBHuz7bR1wbWVKgGLkZx9QPwnkuW2sx2nREgbbr","0","0","2.0.19","1","1","1","0.92","0.8404679119581911","0.8857472340497605","0.6480102150716736","1","0.930325496333947","","0","1","1","0","0","0","452","0","0","0","0"
"9gY4S2LkL6QJwBU7hpDFEMKcvb7tvdqW29UfobazJG5i","0","0","2.0.19","1","1","1","0.92","0.8404679119581911","0.8857472340497605","0.6480102150716736","1","0.930325496333947","","0","1","1","0","0","0","453","0","0","0","0"
"4MpRU9fDDSQNNTeb4v5DPZZTKupYancGksH679AKLBnt","5","16.485893484","2.0.18","0.8862641390463006","1","0.95","0.92","0.6756731455227554","0.9881122335093074","0.9814884080332837","1","0.9296929036828895","","0","1","1","0","0","0","454","0","0","0","0"
"8W4JH1JgFuB6qY6En5zyVZH1qLAr2hafCaXGFZaKpRFm","0","0","2.0.18","1","1","1","0.9","0.8404679119581911","0.8857472340497605","0.6480102150716736","1","0.9295986576242696","","0","1","1","0","0","0","455","0","0","0","0"
"G9oM5tuM9E9r4Q9N5cNbm7NbT8bGuaQFdJ7QTPXVYHeJ","5","0","2.0.19","0.8166037753824102","1","0.95","0.9","0.978601504976187","0.9995164604843749","0.9995164604843749","1","0.9294685802311968","","0","1","1","0","0","0","456","0","0","0","0"
"3R4effnUPr3sDo5wdegPBnqTmKTZhKkbgL1wxYw7w4B6","0","0","2.0.19","1","1","1","0.92","0.6756731455227554","0.9988326535042892","0.6480102150716736","0.9806911716069359","0.929391595324482","","0","1","1","0","0","0","457","0","0","0","0"
"StepeLdhJ2znRjHcZdjwMWsC4nTRURNKQY8Nca82LJp","7","2428.300699134","2.0.19","0.9562335623080527","1","0.93","0","0.9984428099996653","0.9984441262218839","0.9577441582972839","0.9111107202572138","0.9293552804983571","","0","1","1","1","6043.209310236011","8610.542715815998","458","456","423039","0","423495"
"53ANFYA6BCDzdtiEeWawm5bqsH1Qgmjog8oMo5N4o4wU","0","0","2.0.19","1","1","1","0.92","0.8404679119581911","0.8857472340497605","0.6480102150716736","0.9809690426654436","0.9290976926349434","","0","1","1","0","0","0","459","0","0","0","0"
"7emL18Bnve7wbYE9Az7vYJjikxN6YPU81igf6rVU5FN8","0","0","2.0.19","1","1","0.98","1","0.8664877804935314","0.8740145471054379","0.6480102150716736","0.9614405686259208","0.9287894580594165","","0","1","1","0","0","0","460","0","0","0","0"
"vvvvXsU6iG2enDVvs4KeVqS4YrZczTujSv5p3dSeNHx","0","0","2.0.19","1","1","1","0.9","0.6756731455227554","0.9839761760537661","0.6480102150716736","1","0.9284727638546291","","0","1","1","1","0","331.164207478","461","552","0","0","552"
"Ehdn9LdjTAURQSMoDPERXLehtvzy7QD762wwPkzGT7RS","5","0","0.302.20104","0.9760500202890782","1","0.95","0","0.8404679119581911","0.8857472340497605","0.9986763248094899","1","0.928164936393368","","0","1","1","0","142.416136236","9788453.520733088","462","0","0","0","0"
"Anv7J9kMdJWr1aU6rQvQyd24zBp5GscP8NeDpRqGKz8e","5","985.623292433","2.0.19","0.8840529788911005","1","0.95","0.9","0.6756731455227554","0.9992621630882464","0.9577441582972839","1","0.926268038787432","","0","1","1","0","0","0","463","0","0","0","0"
"ELvd1ayPGicuX9yBNr6tn3V3BUCa12Cme8FDdghcmskf","0","0","2.0.19","0.8650727513595177","1","1","0.9","0.6756731455227554","0.9977138119816803","0.9577441582972839","1","0.9262429636701569","","0","1","1","0","0","0","464","0","0","0","0"
"BYNXBFkB89FoRCJ4VxFE9Tfde3anECjZjasTP8qSYQUi","5","0","2.0.19","0.8108580464554545","1","0.95","0.9","0.978601504976187","0.9841794655832776","0.9982899090292938","1","0.9259726292701267","","0","1","1","0","0","0","465","0","0","0","0"
"4NTGFvib9jutwo2GZbXSomgMoeJmoFv66T1mup4Kd8o6","5","0","2.0.19","0.8858375974054813","1","0.95","0.9","0.8404679119581911","0.968035363249348","0.8899547069118801","1","0.9257066682376374","","0","1","1","0","0","0","466","0","0","0","0"
"4qvFxnUXYjBdcviCwVV7gKcGJMCENEBfS82hSLJUhyvu","4","49.074818274","2.0.19","0.8649769977062144","1","0.96","0.92","0.6756731455227554","0.9962928467327955","0.9872221309054545","0.9922984650220985","0.9251102019990985","","0","1","1","1","3.6686596879999995","35.493807685","467","29","360","0","389"
"GwjRJdT9nKmegq6a8nyvEPfoQZUSPp6N4KmWAUMo76aU","5","0","2.0.19","0.8065249074204253","1","0.95","0.9","0.978601504976187","0.9841794655832776","0.998486789693879","1","0.9246002464413541","","0","1","1","0","0","0","468","0","0","0","0"
"644K33yWfSzc32VvY5fRUfUqphw8LTaLQntCkyEpJ8h7","0","0","2.0.19","0.8495244457692377","1","1","0.99","0.6756731455227554","0.9977138119816803","0.9577441582972839","1","0.924498155415228","","0","1","1","1","0","1192.462385004","469","1972","0","0","1972"
"5csconnhG1Z2JBGoACCiFyrhCg31pAecXa3ugymbyMw5","5","8731.546233230001","2.0.19","0.8796171518082335","1","0.95","0.9","0.6756731455227554","0.9936599168777814","0.9577441582972839","1","0.9242949739661396","","0","1","1","0","0","0","470","0","0","0","0"
"4VYA9PECtNzDRXNHKepzMprS1Y6nxKF4oRRnwkJqQZys","0","53529.699426685","2.0.18","0.8348316725894581","1","1","1","0.6756731455227554","0.9930302624857659","0.9872221309054545","1","0.92347233316191","","0","1","1","0","0","0","471","0","0","0","0"
"5RCD4pZcKH3NHN4XHxvsnVAawSaConLgsZbreSN5dXpZ","5","0","2.0.19","0.8583333982316605","1","0.95","0.9","0.6756731455227554","0.9997779445079692","0.9994787838653839","1","0.9234064271725019","","0","1","1","0","0","0","472","0","0","0","0"
"6m4ZwGp8zCuqjBoAn11pYAQun2FwSMe86RwPbqpf34YC","0","34565.427850062","2.0.18","0.8314625654101584","1","1","1","0.6756731455227554","0.9930302624857659","0.9872221309054545","1","0.9223855243943938","","0","1","1","0","0","0","473","0","0","0","0"
"5yFNiQbTabGCMzvfyrhjiMAH1g6VEcs7uHe4W3KyYwR7","0","112136.813558026","2.0.18","0.912226080942347","1","1","1","0.770290516389543","0.7793746850774765","0.8990234197505745","0.991546425645818","0.9219404008944814","","0","1","1","0","0","0","474","0","0","0","0"
"6k6Yo8kmwssvayHTzp8K4jtVwmyRyjvQx6T96DNJAdYH","5","0","2.0.19","0.8396794826819014","1","0.95","0.9","0.9741870446378578","0.9896419266535678","0.8899547069118801","1","0.9215349523775147","","0","1","1","0","0","0","475","0","0","0","0"
"8xV77wuFP5BkMDdb1845hRRWZNbDNAbcV75BjMuViWpf","5","0","2.0.19","0.8647182506118256","1","0.95","0.9","0.9251153894613704","0.9258064652774458","0.8990234197505745","1","0.9214385922540527","","0","1","1","0","0","0","476","0","0","0","0"
"punK4RDD3pFbcum79ACHatYPLLE1hr5UNnQVUGNfeyP","5","0","2.0.19","0.8574035732040329","1","0.95","0.9","0.770290516389543","0.9979528833363119","0.9577441582972839","0.9610196739071695","0.9211342385752201","","0","1","1","0","0","0","477","0","0","0","0"
"mintrNtxN3PhAB45Pt41XqyKghTTpqcoBkQTZqh96iR","7","460.726753397","2.0.19","0.9733330367805532","1","0.93","0","0.6756731455227554","0.9930302624857659","0.9872221309054545","0.9341371806881772","0.9188126558485972","","0","1","1","0","919.6778591299999","2718680.288726781","478","0","0","0","0"
"CyxKaD6TayfbCRx6mSrLpPY1YSLofdVZKA6BSThXWfXS","0","72579.825722438","2.0.18","0.8158183142243516","1","1","1","0.6756731455227554","0.9930302624857659","0.9872221309054545","1","0.9173389917538111","","0","1","1","0","0","0","479","0","0","0","0"
"9K67smfw8hDXmtnR7uvP62WrKUcB7oZ8cvpsB1hmrCzf","5","0","2.0.19","0.8843503507145766","1","0.95","0.9","0.8404679119581911","0.8857472340497605","0.8899547069118801","1","0.9172635438986758","","0","1","1","0","0","0","480","0","0","0","0"
"3d86H85gXsgFr7qu9hwCdPn4xHtWmw37QXjEiFc1wB63","0","118334.98743153599","2.0.18","0.805276468271839","1","1","1","0.8404679119581911","0.8857472340497605","0.9961574589701774","0.9952649625072841","0.9150355474090107","","0","1","1","0","0","0","481","0","0","0","0"
"JBaE8QhwFwka2kZxdF1DJHKb7XGdSRuiWutVB9SyENbJ","5","0","2.0.19","0.8414070729502925","1","0.95","0.9001","0.6756731455227554","0.9842597944565771","0.9814884080332837","1","0.9141268611629453","","0","1","1","0","0","0","482","0","0","0","0"
"F9BQ33SM3CWo3wUK4GZwnKUWciKMB7pF54no9cKzj68u","5","5210.839552027","2.0.19","0.769783201206104","1","0.95","0.9","0.9402435887823499","0.9999303263959788","0.9999303263959788","1","0.9119839185289546","","0","1","1","0","0","0","483","0","0","0","0"
"31BQ9aXoHU7TpJ4uQHyYGZW4JVb62LefFWW53NpeSYmB","5","0","2.0.19","0.8642336964702387","1","0.95","0.9","0.8664877804935314","0.8740145471054379","0.8899547069118801","1","0.9113175804726866","","0","1","1","0","0","0","484","0","0","0","0"
"BtUD8v5vEXJ8CSUo2qQq4vqQxKSiLKUp1bxeeGLJsPXM","0","931.704593019","2.0.19","0.7360449859777501","1","1","0.9","0.9936929193540976","0.9936929193540976","0.9938552747519105","1","0.9094088888888914","","0","1","1","0","0","0","485","0","0","0","0"
"5LSs29bKmRBDSJE61jAbEcW9KSzKo5Zd8iuidU5yApKy","5","9.29258886","2.0.19","0.7536250452365042","1","0.95","0.9","0.9936929193540976","0.9936929193540976","0.9938552747519105","1","0.9088324563917152","","0","1","1","0","0","0","486","0","0","0","0"
"6Wi4bMzio6PGnHXg39zBMjGp5vgphLBB2k238DzPBqhz","5","0","2.0.19","0.8318228430140092","1","0.95","0.9","0.8404679119581911","0.968035363249348","0.8899547069118801","1","0.9082825539178077","","0","1","1","0","0","0","487","0","0","0","0"
"GMiBDMmwFRZfxVuHt3bXe6ZF7mGUBGWKXHLfY97NwQ72","5","0","2.0.19","0.7636623107236208","1","0.95","0.9","0.9921072360285483","0.9934913899001508","0.9577441582972839","1","0.9072889800704159","","0","1","1","1","1e-9","10455.845701503","488","4326","0","0","4326"
"74PrnaiKU5q8SJX4H9Jis7xyzMUNoSesizn7FhFZaxfG","0","0","2.0.19","0.7575005136778908","1","1","0.95","0.9970374894787379","0.9980583583896033","0.8990234197505745","1","0.9065489958034675","","0","1","1","0","0","0","489","0","0","0","0"
"GBj57rgnT8gvFdU7awQ1u4toKxMGcHGHp6VVRXz34qyV","5","0","2.0.19","0.7884484422075582","1","0.95","0.9","0.9452388484454748","0.9960499464099887","0.8899547069118801","1","0.9037613156723877","","0","1","1","0","0","0","490","0","0","0","0"
"2uXoWb4tuNZ72wAdQDfGn42PzRQ2kZD2x6ZDt3urwPrv","5","0","2.0.19","0.8281598873807141","1","0.95","0","0.978601504976187","0.999965787132793","0.999965787132793","1","0.9005900772157763","","0","1","1","0","0","0","491","0","0","0","0"
"VoTEJDVw84uZvDWcMXYgfNAVcLETHsPyPEc2nTpwZPa","0","0","2.0.19","0.7719678088848791","1","1","0.95","0.6756731455227554","0.9842597944565771","0.9814884080332837","1","0.8997879804966828","","0","1","1","1","0.013698431","0","492","0","1","0","1"
"F1uC4BM1KbAHfpcJALXcZNvuxqbrYkC3Mt5ka8tcf5Hj","5","0","2.0.19","0.7961228033690675","1","0.95","0.9","0.8664877804935314","0.8740145471054379","0.9577441582972839","1","0.8980933506188126","","0","1","1","0","0","3.054112984","493","0","0","0","0"
"DR3Gt31cATSx4T6qRTaWcPzLKP3FSYpqrZ74iDHVm5A5","5","0","2.0.19","0.7614814062573326","1","0.95","0.9","0.9741870446378578","0.9996808221475476","0.8899547069118801","1","0.897281272449652","","0","1","1","0","0","0","494","0","0","0","0"
"93JNyhEhzyNQWAyqNRyCE8GN1jTAfR2NBT87hnrnYvAM","5","0","2.0.19","0.7602512015759508","1","0.95","0.9","0.9741870446378578","0.9966944858885509","0.8899547069118801","1","0.8965954319467224","","0","1","1","0","0","0","495","0","0","0","0"
"BLADE1qNA1uNjRgER6DtUFf7FU3c1TWLLdpPeEcKatZ2","3","0","2.0.18","1","1","0.97","0","0.6756731455227554","0.9931698079192292","0.9931096422034311","0.34863419898804004","0.8954116348900969","","0","1","1","0","6.035788267999999","39.085662549000006","496","0","0","0","0"
"5yHqB3NxovCEMUniQCboaPRMyyQ7kQQF4QqvC4vaz78z","0","0","2.0.19","0.7823391930124848","1","1","1","0.770290516389543","0.7793746850774765","0.9999728027702854","1","0.8936125235231454","","0","1","1","1","1859.894997652","0","497","0","24402","0","24402"
"7wqiBhRVEkbV3A8LbR9W1eNb5s27CBwoRCVro1okB6ew","0","0","2.0.19","0.8030345531658514","1","1","0.92","0.6756731455227554","0.9986806568199482","0.8035455061174237","1","0.8871544457301151","","0","1","1","0","0","0","498","0","0","0","0"
"FyrSH4VeQidMVPQ9AE2szAbP5xBZBprRG3z1QMMLNi5X","5","19.31808425","2.0.19","0.750887600244572","1","0.95","0.92","0.6756731455227554","0.9881122335093074","0.9577441582972839","1","0.8829592782970415","","0","1","1","0","0","0","499","0","0","0","0"
"9DR48EtgDzh3Gx5HiiQikZn9c2y12casm1bcUMuurV2x","5","0","2.0.19","0.7373667371428902","1","0.95","0.9","0.6756731455227554","0.9930302624857659","0.9872221309054545","1","0.8821504185017268","","0","1","1","0","1e-9","0","500","0","0","0","0"
"SLNDoinxE7cCgE5ga6FJZ19F4FiUaEmtzSatbY6cjWy","5","0","2.0.19","0.729622973136808","1","0.95","0.9","0.6756731455227554","0.9930302624857659","0.9872221309054545","1","0.879652430112668","","0","1","1","0","0","1675056.490461404","501","0","0","0","0"
"3r5ZXC1yFqMmk8VwDdUJbEdPmZ8KZvEkzd5ThEYRetTk","5","0","2.0.18","0.8090769429517196","1","0.95","0.92","0.6756731455227554","0.9641362692070283","0.8035455061174237","0.994081144206141","0.8791313174537345","","0","1","1","0","0","0","502","0","0","0","0"
"9HkDHk27SwpNdVuAjWvxx8d1Pg8HYUNCC721okcvj9Eg","5","0","2.0.19","0.7087515228833033","1","0.95","0.9","0.9452388484454748","0.9960499464099887","0.8899547069118801","1","0.8780526320194023","","0","1","1","0","0","0","503","0","0","0","0"
"Rn3ERP5cLVcB4oWRZpoujk5VRPM7SLrM2txPVHGYwn2","5","0","2.0.19","0.5490273358264912","1","0.95","0.9","0.6756731455227554","0.9936599168777814","0.9577441582972839","1","0.8176530978429968","","0","1","1","1","740.6096585280001","24721.170363671","504","173","8735","0","8908"
"siLaRwjLu35b9uRkwz1aiToUGyjoy4JTTgHMBDj3924","0","0","2.0.19","0.9959022982913666","1","1","1","0.9994683762702404","0.9994683762702404","0.999906483534411","1","0.9985803483355649","NO_BOND","0","0","0","1","6.747672233","616.858201666","505","0","0","0","0"
"FwLsjPJdnSiuCvs1NXyR1cV6Sw5GRE6Lj2s1gZ9NNTmv","0","0","2.0.19","1","1","1","0.97","0.9941138821138796","0.9943793975079381","0.9990755114825549","1","0.9978667742800579","NO_BOND","0","0","0","1","0","0","506","0","0","0","0"
"Hmq1oALENff8DejgYhJxB4njb6pyCtuMKKxotdZicB4n","0","0","2.0.19","0.996546900996499","1","1","1","0.9970374894787379","0.9980583583896033","0.9816713170434049","1","0.9961420752343515","NO_BOND","0","0","0","1","0","0","507","0","0","0","0"
"3QPGLackJy5LKctYYoPGmA4P8ncyE197jdxr1zP2ho8K","0","0","2.0.19","1","1","1","0.95","0.9963203137369832","0.9963203137369832","0.9963203137369832","0.9799380712385644","0.9958202892293542","NO_BOND","0","0","0","1","0","0","508","0","0","0","0"
"6D9w8FRw5EFr5qtZEphPpughN3W8zc8p6zMXg4PFuaXL","0","0","2.0.19","0.9944800333344765","1","1","1","0.9970374894787379","0.9980583583896033","0.9816713170434049","1","0.9954753437304732","NO_BOND","0","0","0","1","0","0","509","0","0","0","0"
"7PNPJyCAi72hqQk6faVSnnPh79fn3rFipcRhX8N4FSa2","0","0","2.0.19","1","1","1","0.9","0.978601504976187","0.9993188725451251","0.9998719032960759","1","0.9949028142184533","NO_BOND","0","0","0","1","0","0","510","0","0","0","0"
"4KfAqBj3Jvi9GGngFK1MbZkjHTcSFyvhFnVwc2QrNiEh","0","0","2.0.19","1","1","1","0.92","0.99841112111206","0.9995792840105325","0.9920367521575467","0.9836713017018438","0.9948684421383738","NO_BOND","0","0","0","1","0","0","511","0","0","0","0"
"8sHMgX4GyEByphQm8b8ESKJhSpveSMrnwh4Y4pt8t8FD","0","0","2.0.19","1","1","1","0.9","0.978601504976187","0.9841794655832776","0.997376118970049","1","0.9931156736316905","NO_BOND","0","0","0","1","0","0","512","0","0","0","0"
"7LR33GiYcNS333LpdccyytkfPUytcZt3ZnVn7CRvW4pT","0","0","2.0.19","1","1","1","0.9","0.978601504976187","0.9841794655832776","0.994487345655914","1","0.9927429286879311","NO_BOND","0","0","0","1","0","0","513","0","0","0","0"
"9f7dqiYNBZbgPesAnLeWnKCtxYHSfMg5x1EMZCJwVwG7","0","0","2.0.19","1","1","1","0.9","0.9921072360285483","0.9934913899001508","0.9577441582972839","1","0.9897743637079577","NO_BOND","0","0","0","1","0","0","514","0","0","0","0"
"323d4ZiSqS1PwGwpJwD88jNPaGqkm7YYW2tJt2T8iFzo","0","0","2.0.19","1","1","1","0.9","0.9921072360285483","0.9934913899001508","0.9577441582972839","1","0.9897743637079577","NO_BOND","0","0","0","1","0","0","515","0","0","0","0"
"C4UD55ynixANA7brHZTyBwPN2uL3YYRwn2d1x3TgShvi","5","0","2.0.19","1","1","0.95","0.9","0.9944204589052517","0.9998216094648257","0.9999406516067283","1","0.9897334952461901","NO_BOND","0","0","0","1","0","0","516","0","0","0","0"
"ABA59L7zGDUYDjDPpP7yQ1DxLfXoFfjJJ5MRnBQNs87k","5","0","2.0.19","1","1","0.95","0.9","0.9944204589052517","0.9998216094648257","0.9999406226165541","1","0.9897334915055225","NO_BOND","0","0","0","1","0","0","517","0","0","0","0"
"Dcd4JMKNuAzoSbV48FmpmdiA1iPZ1FpZp4QPjBXdrNj1","5","0","2.0.19","1","1","0.95","0.9","0.9944204589052517","0.9998216094648257","0.9999403564577866","1","0.9897334571624556","NO_BOND","0","0","0","1","0","0","518","0","0","0","0"
"CtombV3RrUSMKJEjnhTALqFTxKg4uLmYzRex348LRxSH","5","0","2.0.19","1","1","0.95","0.9","0.9984428099996653","0.9984441262218839","0.9938552747519105","1","0.9890744870216974","NO_BOND","0","0","0","1","0","0","519","0","0","0","0"
"CTQjcSEuAN8Hs5SJ2F9rTJbJAAKxY5cyCXLzRSiD4JPr","5","0","2.0.19","1","1","0.95","0.9","0.9963203137369832","0.9963203137369832","0.9963203137369832","1","0.9890500910849307","NO_BOND","0","0","0","1","0","0","520","0","0","0","0"
"7StQWSBg1tCFRqQ2GUEUn9owmZuyacUiD3xQ2djXDFpd","5","0","2.0.19","1","1","0.95","0.9","0.9970374894787379","0.9980583583896033","0.9938552747519105","1","0.9889464888107719","NO_BOND","0","0","0","1","0","0","521","0","0","0","0"
"89jnaTMuq5aXUkmpLbykRNaU16i7Du6QywqqPeCPT1Dy","5","0","2.0.19","1","1","0.95","0.9","0.9970374894787379","0.9980583583896033","0.9938552747519105","1","0.9889464888107719","NO_BOND","0","0","0","1","0","0","522","0","0","0","0"
"sBcuGeMJCRkdtMNgskLTX7MePb4CzCqZuyMKDrcPP8v","5","0","2.0.19","1","1","0.95","0.9","0.9921072360285483","0.9934913899001508","0.9979921945593466","1","0.9887202393546753","NO_BOND","0","0","0","1","0","0","523","0","0","0","0"
"8b3JPQtHbw8MBJQNwUDVXC6xfaL26UNx6WA3GShGy5Vw","5","0","2.0.19","1","1","0.95","0.9","0.9936929193540976","0.9936929193540976","0.9907958424202312","1","0.9879134827887552","NO_BOND","0","0","0","1","0","0","524","0","0","0","0"
"xaNDLhifeWD4rmW4QmTghZ6q3AoKb2ifRaiGhxMwDSv","5","0","2.0.19","1","1","0.95","1","0.9944743963228857","0.9952491977448424","0.9577441582972839","1","0.9874839683570785","NO_BOND","0","0","0","1","0","0","525","0","0","0","0"
"7ECQ4mUCMpxF8kchT5sHg5JpwV9eves7yme4GB72m1uk","0","0","2.0.19","1","1","0.95","0.9","0.989688851699361","0.9907800562608367","0.9906466236217257","1","0.9873540118280043","NO_BOND","0","0","0","1","0","0","526","0","0","0","0"
"9FNVvTw3kPyb3239RKakAXUfkmZzi5TDnH4hdwksRBig","5","0","2.0.19","1","1","0.95","0.9","0.989688851699361","0.9907800562608367","0.9906466236217257","1","0.9873540118280043","NO_BOND","0","0","0","1","0","0","527","0","0","0","0"
"CUoE2FDBKfmPsEN5NSH8xToXcybbJrbNaBHKdpYgNaQB","0","0","2.0.19","1","1","0.95","0.9","0.978601504976187","0.9841794655832776","0.998486789693879","1","0.9870115666283137","NO_BOND","0","0","0","1","0","0","528","0","0","0","0"
"4vggdLQRGJYvBkgbVh6kEWhyBzua1yYVpZKh4GeiLo6w","5","0","2.0.19","1","1","0.95","0.9","0.978601504976187","0.9841794655832776","0.9982899090292938","1","0.986986162671593","NO_BOND","0","0","0","1","0","0","529","0","0","0","0"
"CooLbbZy5Xmdt7DiHPQ3ss2uRXawnTXXVgpMS8E8jDzr","0","0","2.0.19","1","1","1","1","0.9741870446378578","0.9961269683050649","0.9577441582972839","0.9127513246719446","0.9868785250556109","NO_BOND","0","0","0","1","0","0","530","0","0","0","0"
"Cc6B7VmLhvqoBghrPwKTkZScC1fcXB15zkSGVBM6pTSS","5","0","2.0.19","1","1","0.95","0.9","0.978601504976187","0.9841794655832776","0.997376118970049","1","0.9868682542768518","NO_BOND","0","0","0","1","0","0","531","0","0","0","0"
"B7DUniSub7p8yro7SbMibfLEkF9TFCPYKoyX8reDtJnm","5","0","2.0.19","1","1","0.95","0.9","0.978601504976187","0.9841794655832776","0.9967494563986543","1","0.9867873945902201","NO_BOND","0","0","0","1","0","0","532","0","0","0","0"
"8EwqVDPwa773DXfymS5dhvahabfjTSB3qxnpq9kR7bNp","5","0","2.0.19","1","1","0.95","0.9","0.978601504976187","0.9841794655832776","0.994487345655914","1","0.9864955093330924","NO_BOND","0","0","0","1","0","0","533","0","0","0","0"
"9zbNraMowU2bvCJb8GB9poN2dRaLR4pCwmDco42yfYUk","5","0","2.0.19","0.9924724588408064","1","0.95","0.9","0.978601504976187","0.9999266010945228","0.9995208330371526","1","0.98624066883202","NO_BOND","0","0","0","1","0","0","534","0","0","0","0"
"StakeyJXE1yJbEApBVswHN4JdZXcj7V5MHbzffa4dFp","5","0","2.0.19","1","1","0.95","0.92","0.989688851699361","0.9907800562608367","0.9906466236217257","0.9676890994078672","0.9859962763059312","NO_BOND","0","0","0","1","0","0","535","0","0","0","0"
"4565LXcdfFzN9bHqo1eCZRogsgQREf4oiyjoKuWu7XTX","5","0","2.0.19","0.988732053851468","1","0.95","0.9","0.9997970297385417","0.9999424763365382","0.9938552747519105","1","0.9856720363228716","NO_BOND","0","0","0","1","0","0","536","0","0","0","0"
"AvDxkBtVZgauCHTMLMUMFCG2GfnsN9zv2qXbrgAoWUmA","5","0","2.0.19","0.9942350684132806","1","0.95","0.9","0.978601504976187","0.9841794655832776","0.998486789693879","1","0.9851519112777589","NO_BOND","0","0","0","1","0","0","537","0","0","0","0"
"7bshVP74UGL7gn6CTEztizxKsZrcmwPmB4rT1tVbU3vH","5","0","2.0.19","0.9875093927471877","1","0.95","0.9","0.9921072360285483","0.9934913899001508","0.9979921945593466","1","0.9846910112086069","NO_BOND","0","0","0","1","0","0","538","0","0","0","0"
"83pBJ852VuvrX8yaJgNSeYiEmgP98WuUGoADtaZUuqMR","5","0","2.0.19","1","1","0.95","0.9","0.9944743963228857","0.9952491977448424","0.9577441582972839","1","0.9838497748086915","NO_BOND","0","0","0","1","0","0","539","0","0","0","0"
"8vumofCfwJXMWKcBufRnMicvUmXp41pxa4nMGysSpcWq","5","0","2.0.19","1","1","0.95","0.9","0.9921072360285483","0.9934913899001508","0.9577441582972839","1","0.9835269443531189","NO_BOND","0","0","0","1","0","0","540","0","0","0","0"
"6csfbzZEnk7kGJRy7Xg4cgAuRdFCUdrjckzRnnY1Qj55","5","0","2.0.19","1","1","0.95","0.9","0.9921072360285483","0.9934913899001508","0.9577441582972839","1","0.9835269443531189","NO_BOND","0","0","0","1","0","0","541","0","0","0","0"
"BdDF74LLy8a2o95pXLzMx2ribFE4SDWCfDMkq9MRx4yb","5","0","2.0.19","1","1","0.95","0.9","0.9921072360285483","0.9934913899001508","0.9577441582972839","1","0.9835269443531189","NO_BOND","0","0","0","1","0","0","542","0","0","0","0"
"AtBb8cCroMeGNhiF2H5eAzfqnHLn6jS5mZtWFhszwKnp","5","0","2.0.19","1","1","0.95","0.9","0.9921072360285483","0.9934913899001508","0.9577441582972839","1","0.9835269443531189","NO_BOND","0","0","0","1","0","0","543","0","0","0","0"
"HNXuDfYtRnRjcUJHqfNg6sKzeqfz3YBCXeZQEBwZJg16","5","0","2.0.19","1","1","0.95","0.9","0.9452388484454748","0.9753564047824665","0.9938552747519105","1","0.9834076777498707","NO_BOND","0","0","0","1","0","0","544","0","0","0","0"
"EPrq1DvsWqX9CHBKgMU7gxvNvPbqRLhbqz2QzHcPFzab","5","0","2.0.19","0.9835514493973248","1","0.95","0.9","0.9970374894787379","0.9980583583896033","0.9907958424202312","1","0.9832457392832408","NO_BOND","0","0","0","1","0","0","545","0","0","0","0"
"b3d74rXdGgdw9XeqRWgAnm7bsZgg9mf5J5hjZMqKxRD","0","331.748923504","2.0.19","0.9700823071067031","1","1","0.9","0.989688851699361","0.9907800562608367","0.9906466236217257","0.9809368729740854","0.9827206833446238","","0","0","0","1","0","0","546","0","0","0","0"
"kWEiSEQZMeLAbMUiz1njRTZEjuSpJDCgVynB6pJHpcr","5","0","2.0.19","0.9851515483564222","1","0.95","0.9","0.989688851699361","0.9907800562608367","0.9906466236217257","1","0.9825641887171728","NO_BOND","0","0","0","1","0","0","547","0","0","0","0"
"GyGjudkJs6Ss6Vu1U8rGSFVLPQsXsqiM8F5yY43Uegda","5","0","2.0.19","0.9767221094959633","1","0.95","0.9","0.9982214995144065","0.9982214995144065","0.9987298437773418","1","0.9821586441174527","NO_BOND","0","0","0","1","0","0","548","0","0","0","0"
"gridZ5cMHjWGktAQt6o36NtF7XSv19nJBrW83zmo7BM","5","0","2.0.19","1","1","0.95","0.9","0.9827135933740389","0.9827135933740389","0.9577441582972839","0.9998670896726526","0.9818693154646657","NO_BOND","0","0","0","1","0","0","549","0","0","0","0"
"StakeSuWAzutXc386d7PRaSJLWrNfh5iBhqxqGCkmZ8","0","0","2.0.19","0.9665013073627065","1","1","1","0.9741870446378578","0.9961269683050649","0.9577441582972839","1","0.9817014419679714","NO_BOND","0","0","0","1","0","0","550","0","0","0","0"
"D7WodK26tETSqyWBW35vvMGfige9afLEyTsm1Pvvropd","0","0","2.0.19","1","1","1","0.9","0.770290516389543","0.9985736603878478","0.9985736603878478","1","0.9812237630804524","NO_BOND","0","0","0","1","0","0","551","0","0","0","0"
"3Z1N2Fkfha4ThNiRwN8RnU6U8dkFJ92DH2TFyLWJf8cj","5","0","2.0.19","0.980895308306136","1","0.95","0.9","0.989688851699361","0.9907800562608367","0.9906466236217257","1","0.9811912080557902","NO_BOND","0","0","0","1","0","0","552","0","0","0","0"
"Lf3iQuTNKqJoBdTCWJmX1YRKBc3TC4B3YZdfzidRN93","5","0","2.0.19","0.9797701868647282","1","0.95","0.9","0.989688851699361","0.9907800562608367","0.9906466236217257","1","0.9808282656553361","NO_BOND","0","0","0","1","0","0","553","0","0","0","0"
"8nJRto45oS8fqqmdFMsm6rJ96rZewKanr1V9NetCF3on","5","0","2.0.19","0.9796053717123381","1","0.95","0.9","0.989688851699361","0.9907800562608367","0.9906466236217257","1","0.9807750994771457","NO_BOND","0","0","0","1","0","0","554","0","0","0","0"
"B7Z2u3Uw4xvu7s9wtBiV3YmWdr7vEm3r6ZL2jytxQvtY","5","0","2.0.19","0.975675072365994","1","0.95","0.9","0.989688851699361","0.9998690169845051","0.9906466236217257","1","0.980386837822551","NO_BOND","0","0","0","1","0","0","555","0","0","0","0"
"DMPhNJFSvi34NmfcqR4B5rdKgDYY3kZbXpdXJBL4cJ1q","0","0","2.0.19","1","1","1","0.92","0.9741870446378578","0.9896419266535678","0.8899547069118801","1","0.9802255063510948","NO_BOND","0","0","0","1","0","0","556","0","0","0","0"
"FqhGYvSrTwEnJv4VHJZx1oEtd5fewYcdi2CPsbKnSYhy","5","0","2.0.19","1","1","0.95","0.9","0.8404679119581911","0.9996045596000063","0.9996045596000063","1","0.9797367013263363","NO_BOND","0","0","0","1","0","0","557","0","0","0","0"
"7fARjzLYPH77jVBPyUfptJGbi4aXfN4FAfs8W89BWZDC","5","0","2.0.19","1","1","0.95","0.9","0.8404679119581911","0.9996045596000063","0.9996045596000063","1","0.9797367013263363","NO_BOND","0","0","0","1","0","0","558","0","0","0","0"
"8Xt3wSSftRb6L7iRiC2SRU9UQop4S9ZaGzWv3ZH6PSTD","5","0","2.0.19","0.9740597394807273","1","0.95","0.9","0.989688851699361","0.9907800562608367","0.9906466236217257","1","0.9789861858540454","NO_BOND","0","0","0","1","0","0","559","0","0","0","0"
"C616NHpqpaiYpqVAv619QL73vEqKJs1mjsJLtAuCzMX6","0","0","2.0.19","1","1","1","0.9","0.770290516389543","0.9979528833363119","0.9816713170434049","0.9986761843588028","0.9788973328928791","NO_BOND","0","0","0","1","0","0","560","0","0","0","0"
"B9aUcoqmbxJgbPb28oVoZg6WsXUj6Hf6Wu5P7CUbJ6NU","5","0","2.0.19","0.9720050547069187","1","0.95","0.9","0.989688851699361","0.9907800562608367","0.9906466236217257","1","0.9783233843141071","NO_BOND","0","0","0","1","0","0","561","0","0","0","0"
"T2B5S9sTJCRi9mcpCbHi2rAdqfT3Y7tsm6ahnWhvH75","5","0","2.0.19","0.9945170272155717","1","0.95","0.9","0.9402435887823499","0.9479844201336193","0.9907958424202312","1","0.9782730348323291","NO_BOND","0","0","0","1","0","0","562","0","0","0","0"
"8c15zdteBtxxcffHsegtppNK9eG9JPye9gL4kCppZmKr","0","0","2.0.19","1","1","1","1","0.6756731455227554","0.9977880029182914","0.9947251182393645","1","0.9781809926696078","NO_BOND","0","0","0","1","0","0","563","0","0","0","0"
"4z9rbspUBsnZmTQbWSSPETkXmWHfhzQXXc289Z3m6XcJ","0","0","2.0.18","1","1","1","1","0.8404679119581911","0.8857472340497605","0.9961574589701774","1","0.9781550761918185","NO_BOND","0","0","0","1","0","0","564","0","0","0","0"
"CxFe8PsDXAuzgZzP7N8um59iL517Lz8SWtPahbfU9zVo","0","0","2.0.18","1","1","1","1","0.8404679119581911","0.8857472340497605","0.9961574589701774","1","0.9781550761918185","NO_BOND","0","0","0","1","0","0","565","0","0","0","0"
"goJiRADNdmfnJ4iWEyft7KaYMPTVsRba2Ee1akDEBXb","0","0","2.0.19","1","1","1","1","0.8404679119581911","0.8857472340497605","0.9961574589701774","1","0.9781550761918185","NO_BOND","0","0","0","1","0","0","566","0","0","0","0"
"4u1Wi5yANaD9ABmi8xpdUYGLQSFxghX1D6LfgzdzrhdG","5","0","2.0.19","0.9704544561578001","1","0.95","0.9","0.989688851699361","0.9907800562608367","0.9906466236217257","1","0.9778231912337463","NO_BOND","0","0","0","1","0","0","567","0","0","0","0"
"FQ5Hc8CgnBBFT87QYt72SVVYGEk677fZHDKH1wX2TeQ5","0","0","2.0.19","0.998668370685229","1","1","1","0.6756731455227554","0.9981173405726453","0.9947251182393645","1","0.9777833062120386","NO_BOND","0","0","0","1","0","0","568","0","0","0","0"
"4GN2gRpWbtx7REhN7gS9AsEkZy8QmA5xv4eTGiGafGuF","5","0","2.0.19","0.970240786931498","1","0.95","0.9","0.989688851699361","0.9907800562608367","0.9906466236217257","1","0.9777542656768747","NO_BOND","0","0","0","1","0.016357683","0","569","0","0","0","0"
"EbWmbjxUrq8uifB4gCJLaxv7joYmsXL4qVpX26xYMFBh","5","0","2.0.19","0.9641138069158293","1","0.95","0.9","0.9970374894787379","0.9980583583896033","0.9907958424202312","1","0.9769755320311454","NO_BOND","0","0","0","1","0","0","570","0","0","0","0"
"2LdPsE15gum8SDCExPHuhYz2Gx66gxaETQcUruDoavSv","0","0","2.0.19","1","1","1","0.92","0.9452388484454748","0.9753564047824665","0.8899547069118801","1","0.9769754109318024","NO_BOND","0","0","0","1","0","0","571","0","0","0","0"
"6VSu1wCkeugWdSB3ZgCCFSAttu5XTuSWVRD1vJVPVQXq","5","0","2.0.19","0.9670911272413425","1","0.95","0.9","0.989688851699361","0.9907800562608367","0.9906466236217257","1","0.9767382464219858","NO_BOND","0","0","0","1","0","0","572","0","0","0","0"
"Bewcdni677FmBYHE49XWmCZx7NJJKDRjnvwKJt8FKMqg","5","0","2.0.19","0.9662698704626552","1","0.95","0.9","0.989688851699361","0.9907800562608367","0.9906466236217257","1","0.9764733248804738","NO_BOND","0","0","0","1","0","0","573","0","0","0","0"
"3VTepuwgRA9nyw2JESdnqrb5cqFZS3vD3R4TuuV2wGHA","5","0","2.0.19","0.9677134030128722","1","0.95","0.9","0.978601504976187","0.9841794655832776","0.997376118970049","1","0.9764532229906815","NO_BOND","0","0","0","1","0","0","574","0","0","0","0"
"2WH4BuYLSfZGVPzhorGKvkCye51U3AiiVicxZbfNccvz","5","0","2.0.19","0.957963974397701","1","0.95","0.9","0.9982214995144065","0.9982214995144065","0.9987298437773418","1","0.9761076327954326","NO_BOND","0","0","0","1","0","0","575","0","0","0","0"
"66fsNu5A6iB1WUXGjuBMBXm2qYQrbtc385bcVYaVu7QD","5","0","2.0.19","0.9646467608121778","1","0.95","0.9","0.989688851699361","0.9907800562608367","0.9906466236217257","1","0.9759497411222553","NO_BOND","0","0","0","1","0","0","576","0","0","0","0"
"A5tXuTBECLBm7DwHcUvPJrqFbzCuBpj2Vm57E8vnnq5W","5","0","2.0.19","0.9566856198816759","1","0.95","0.9","0.9982214995144065","0.9982214995144065","0.9987298437773418","1","0.9756952603709083","NO_BOND","0","0","0","1","0","0","577","0","0","0","0"
"5ykxx3TJTfvkeV71NkJSMTdGMfTm6oV5vVA8bPkv59mw","5","0","2.0.19","0.9604304770231924","1","0.95","0.9","0.989688851699361","0.9907800562608367","0.9906466236217257","1","0.9745896495774212","NO_BOND","0","0","0","1","0","0","578","0","0","0","0"
"5afRnmkFn1pRU9oussqwk1RRBVyoDgUkL16Jz4qNf574","0","0","2.0.19","1","1","1","0.9","0.8404679119581911","0.8857472340497605","0.9965895443883762","1","0.9745766356006185","BLACKLIST,NO_BOND","1","0","0","1","0","0","579","0","0","0","0"
"Gd5ngiHe5vQbDW6EbQ1wNNsvumwL1M3ranZ3xh4Wy8Hm","0","0","2.0.19","1","1","1","0.9","0.6756731455227554","0.9977880029182914","0.9947251182393645","1","0.9745467991212208","NO_BOND","0","0","0","1","0","0","580","0","0","0","0"
"G3zgPda4Pr8hspBGYbVQmvQBqpep4zU9ngf9qbP71XMn","0","0","2.0.19","1","1","1","0.92","0.6756731455227554","0.9973538783901003","0.9973538783901003","0.9789466841613833","0.9742125421967414","NO_BOND","0","0","0","1","0","0","581","0","0","0","0"
"14YCghb1uYPreALx6arirtPAnoGghoPH2Ac6gCmNQdq7","5","0","2.0.19","0.9828674360815468","1","0.95","0.9","0.8404679119581911","0.9996045596000063","0.9996045596000063","1","0.9742100678042547","NO_BOND","0","0","0","1","0","0","582","0","0","0","0"
"3yoaBCgeuNNCK7SWqUdSvbjKZdj9BeN3neQc647oUV8g","5","0","2.0.19","0.9998997356834035","1","0.95","0.9","0.9741870446378578","0.9987643701492915","0.8899547069118801","1","0.9741017220711337","NO_BOND","0","0","0","1","0","0","583","0","0","0","0"
"9b9Th2hxmgf49rzs2mQcg1hHoasmQT51DDwUH1jFtPtk","5","0","2.0.19","1","1","0.95","0.9","0.9741870446378578","0.9966944858885509","0.8899547069118801","1","0.9739337540189964","NO_BOND","0","0","0","1","0","0","584","0","0","0","0"
"6ztDG1XRZiuXtoCotN51kUPtdHXwRAgRiVEbbUfoQ6CK","5","0","2.0.19","0.9536480160185921","1","0.95","0.9","0.978601504976187","0.999915696679373","0.9995208330371526","1","0.9737155997524202","NO_BOND","0","0","0","1","0","0","585","0","0","0","0"
"7dz4Zpj4bt6T6DsF8Lt3GKpWrkUXCXdmKxK2UGeAG2bi","5","0","2.0.19","1","1","0.95","0.9","0.9741870446378578","0.9942728670132581","0.8899547069118801","1","0.9736994038052585","NO_BOND","0","0","0","1","0","0","586","0","0","0","0"
"4KAmS9X8tGJPPzDdwT9Fa9F1y3GZEoacGhMqJ6zstUXN","0","0","2.0.19","1","1","1","1","0.6756731455227554","0.9977138119816803","0.9577441582972839","0.9779290184928018","0.9719781418440415","NO_BOND","0","0","0","1","0","0","587","0","0","0","0"
"SBLZib4npE7svxFA7AsD3ytdQAfYNb39c8zsU82AA2E","0","0","2.0.15","1","1","1","1","0.9827135933740389","0.9827135933740389","0.8035455061174237","1","0.9718629029464481","NO_BOND","0","0","0","1","0","0","588","0","0","0","0"
"tssGAMwuwFBfJbPeyXTzMvGekdWcVi72Nqg1qzaabEM","5","0","2.0.19","0.9519596421493879","1","0.95","0.9","0.989688851699361","0.9907800562608367","0.9906466236217257","1","0.9718571221987746","NO_BOND","0","0","0","1","0","0","589","0","0","0","0"
"4m1PbxzwLdUnEwog3T9UKxgjktgriHgE1CfAhMqDw7Xx","5","0","2.0.19","0.9438011344279068","1","0.95","0.9","0.9970374894787379","0.9980583583896033","0.9938552747519105","1","0.9708178224971934","NO_BOND","0","0","0","1","0","0","590","0","0","0","0"
"aVotE2iXaXUVKeTWaHtKbSkkUqH96zC6kTKyonzHQZ4","0","0","2.0.16","1","1","1","0.92","0.6756731455227554","0.9977138119816803","0.9577441582972839","1","0.9704947212961189","NO_BOND","0","0","0","1","1471.8270769740002","0","591","0","0","0","0"
"7z3wq9dTjdRBKGpapQv6FugsdSUKxZTEEkzSFaUG1noE","5","0","2.0.19","0.9578909318909179","1","0.95","0.9","0.9921072360285483","0.998711507092641","0.9577441582972839","1","0.9704485466268818","NO_BOND","0","0","0","1","0","0","592","0","0","0","0"
"8iQ1B7D8eUpiJonRswHTBoy1WUEuj4JtPk4BzZqG3SD4","5","0","2.0.19","1","1","0.95","0.98","0.6756731455227554","0.9962928467327955","0.9872221309054545","1","0.9700939146730876","NO_BOND","0","0","0","1","0","0","593","0","0","0","0"
"HymVLhdKah8BrZj4FAXJJYH8nhWGqjqvFvPFJM5L5VNa","5","0","2.0.19","1","1","0.95","0.9","0.9452388484454748","0.9753564047824665","0.8899547069118801","1","0.9700011528672862","NO_BOND","0","0","0","1","0","0","594","0","0","0","0"
"HvuXZAhAqSekCFueQ92DqxhuFvdBRrWeyA6uea6ZaS8q","0","0","2.0.19","1","1","1","0.9","0.6756731455227554","0.999264601014267","0.9577441582972839","1","0.9699179589444337","NO_BOND","0","0","0","1","0","0","595","0","0","0","0"
"steakxfubt37xYdvuXz7BV5Uhhhk1FyJx9zGHfDcTVr","0","0","2.0.19","1","1","1","0.9","0.6756731455227554","0.9641362692070283","0.9816713170434049","1","0.9696058182851682","NO_BOND","0","0","0","1","0","0","596","0","0","0","0"
"46aWpTtjQaTRL81dWXg19H5V2Jf2rg1Cy3hzr76vJDSf","5","0","2.0.19","0.946402012737227","1","0.95","0.9","0.978601504976187","0.9841794655832776","0.997376118970049","1","0.9695785809662799","NO_BOND","0","0","0","1","0","0","597","0","0","0","0"
"5CcxrEwDtJYJWatpYd3Ngo5TjZa61WTR279KetxRXJde","5","0","2.0.19","0.9883067834632616","1","0.95","0.9","0.9741870446378578","0.9896419266535678","0.8899547069118801","1","0.969479242952147","NO_BOND","0","0","0","1","0","0","598","0","0","0","0"
"GAnFgdPQ8WvnsFKgPsZ5peuSqmGzSznZbJaqN97kPxjt","5","0","2.0.19","0.9403095257218984","1","0.95","0.9","0.9921072360285483","0.9934913899001508","0.9979921945593466","1","0.9694652476520621","NO_BOND","0","0","0","1","0","0","599","0","0","0","0"
"E3gHWAvHRCRoDogDPF2Z1Z12ESucz2qqxreXHbMMVXKC","5","0","2.0.19","0.9455191118965307","1","0.95","0.9","0.978601504976187","0.9841794655832776","0.998486789693879","1","0.9694370865949364","NO_BOND","0","0","0","1","0","0","600","0","0","0","0"
"4FsAxdHQ6HmFrDD7yCwsKNApuA67QYSCMoLAy3NfySxJ","5","0","2.0.19","1","1","0.95","0.92","0.6756731455227554","0.9930302624857659","0.9999645606959827","1","0.9692418490737658","NO_BOND","0","0","0","1","1e-9","2048.65281757","601","0","0","0","0"
"QxAyeuVu3oWJt9BBCcuSphvXADPic7hq9dXSwLYssmo","5","0","2.0.19","1","1","0.95","0.9","0.6756731455227554","0.9999387932855873","0.9999387932855873","1","0.9691802530336976","NO_BOND","0","0","0","1","0","0","602","0","0","0","0"
"68q1YeY3QJoL3DF3umVKkCFARYh931sQTbZbRtYthGu9","5","0","2.0.19","1","1","0.95","0.92","0.8404679119581911","0.8857472340497605","0.9961574589701774","1","0.9690003019982701","NO_BOND","0","0","0","1","0","0","603","0","0","0","0"
"C47xkkWQAuHUi9kRbaAvpBpEL6YYMG9uEYTGqtaf2pg3","5","0","2.0.19","0.941485861159122","1","0.95","0.92","0.978601504976187","0.9841794655832776","0.998486789693879","1","0.9688628766796433","NO_BOND","0","0","0","1","0","0","604","0","0","0","0"
"SQDSVTDfE5HqL7D6RjZk1vvZhaheWoskrDdDHCki68w","4","0","2.0.19","1","1","0.96","0.92","0.6756731455227554","0.9930302624857659","0.9872221309054545","1","0.9688471484556331","NO_BOND","0","0","0","1","0","0","605","0","0","0","0"
"27MtjMSAQ2BGkXNuJEJkxFyCJT8dugGAaHJ9T7Gc6x4x","0","0","2.0.19","0.9902560385091489","1","0.95","1","0.6756731455227554","0.9981173405726453","0.9947251182393645","1","0.968822231316529","NO_BOND","0","0","0","1","0","0","606","0","0","0","0"
"VNbW721iu6uVkrx246N2BiQth8u4b4SCPJwH3JvUovD","0","0","2.0.19","0.987306923283894","1","1","1","0.6756731455227554","0.9916892361917717","0.9577441582972839","1","0.968724511795126","NO_BOND","0","0","0","1","0","0","607","0","0","0","0"
"8YBQZbNQKwtNLgcNPExr2iwWUsrSTT4PsR8duxjtWiP3","5","0","2.0.19","1","1","0.95","0.9","0.8664877804935314","0.8740145471054379","0.9938552747519105","1","0.9685196871390651","NO_BOND","0","0","0","1","0","0","608","0","0","0","0"
"7teJuHhmHjCHDZiB2TEgdS5wFru4sRJB9JJR4wAQ8pM5","5","0","2.0.19","1","1","0.95","0.9","0.6756731455227554","0.9997951557428705","0.9938552747519105","1","0.9683813824929602","NO_BOND","0","0","0","1","0","0","609","0","0","0","0"
"ApcUbFDskBMrYJqu9orEnPSq5uMAH1YjhwR4DP2JwKT8","0","0","2.0.19","1","1","0.95","0.9","0.6756731455227554","0.9997951557428705","0.9938552747519105","1","0.9683813824929602","NO_BOND","0","0","0","1","0","0","610","0","0","0","0"
"GdRKUZKdiXMEATjddQW6q4W8bPgXRBYJKayfeqdQcEPa","5","0","2.0.19","1","1","0.95","0.9","0.6756731455227554","0.9997951557428705","0.9938552747519105","1","0.9683813824929602","NO_BOND","0","0","0","1","0","0","611","0","0","0","0"
"GjZdDp7emowSgB21XaV9BCcStSBjypDPA3bZtc1494DU","5","0","2.0.19","1","1","0.95","0.9","0.6756731455227554","0.9981173405726453","0.9947251182393645","1","0.9683312511522874","NO_BOND","0","0","0","1","0","0","612","0","0","0","0"
"34nZYTMHzQcrWFQ7v47t34B7AzSbJgwLVehaZxTRPQwn","5","0","2.0.19","1","1","0.95","0.9","0.6756731455227554","0.9981173405726453","0.9947251182393645","1","0.9683312511522874","NO_BOND","0","0","0","1","0","0","613","0","0","0","0"
"8qPCNWqVehF1Sc7YgUKUr7DUZtt514WHF71Wah8ZTkgR","5","0","2.0.19","1","1","0.95","0.9","0.6756731455227554","0.9981173405726453","0.9947251182393645","1","0.9683312511522874","NO_BOND","0","0","0","1","0","0","614","0","0","0","0"
"HhsdMwhsaUgAtYZ2pedFEWZwsAhGZsjLF3sjFquS1H2Y","5","0","2.0.19","1","1","0.95","0.9","0.8404679119581911","0.8857472340497605","0.9965895443883762","1","0.9683292162457797","NO_BOND","0","0","0","1","0","0","615","0","0","0","0"
"7CW3zdKsfzCVDZBXsKcimqkGS7nuHEsz4KB1oysfec2K","5","0","2.0.19","1","1","0.95","0.9","0.8404679119581911","0.8857472340497605","0.9965895443883762","1","0.9683292162457797","NO_BOND","0","0","0","1","0","0","616","0","0","0","0"
"AWDiZEPxJizd3f7NxiJijUqHt2NDViGN5CWzzeN5Uoeh","5","0","2.0.19","0.9994935247954064","1","0.95","0.9","0.6756731455227554","0.999628769762822","0.9947251182393645","1","0.9683141393950161","NO_BOND","0","0","0","1","0","0","617","0","0","0","0"
"CwrJAdkEp7fibRs8Th989tX8gFyJo88jVoK9HmaSCkP7","5","0","2.0.19","1","1","0.95","0.9","0.6756731455227554","0.9977880029182914","0.9947251182393645","1","0.9682993797663821","NO_BOND","0","0","0","1","0","0","618","0","0","0","0"
"CKLRSR1fxYybR553rjwknHdnShRFmYAcCZWvoTExBqBp","5","0","2.0.19","1","1","0.95","0.9","0.6756731455227554","0.9977880029182914","0.9947251182393645","1","0.9682993797663821","NO_BOND","0","0","0","1","0","0","619","0","0","0","0"
"Aq9DBA3EtBRU19Vk1NKBCEReRaZNv9eSR2VexgbZteu3","5","0","2.0.19","1","1","0.95","0.9","0.6756731455227554","0.9977880029182914","0.9947251182393645","1","0.9682993797663821","NO_BOND","0","0","0","1","0","0","620","0","0","0","0"
"9CJCtwxXQvnSTiTWvyWJgXqpJL8oGedtUft89X5eLHQL","5","0","2.0.19","1","1","0.95","0.9","0.6756731455227554","0.9977880029182914","0.9947251182393645","1","0.9682993797663821","NO_BOND","0","0","0","1","0","0","621","0","0","0","0"
"62AZkVfjLRXmNtW3guA2nsXv7MmzQsCWmscwkFzwts1k","5","0","2.0.20","1","1","0.95","0.9","0.6756731455227554","0.9999406534373421","0.9931096422034311","1","0.9682992522635891","NO_BOND","0","0","0","1","0","0","622","0","0","0","0"
"3m8Ct5n9feJFEuuXFb67oqt9XEJeBYkGyEdQRX33QQ5H","0","0","2.0.19","1","1","0.95","0.9","0.6756731455227554","0.9988367445298785","0.9938552747519105","1","0.9682886330207352","NO_BOND","0","0","0","1","0","0","623","0","0","0","0"
"ADYZmUgm49MeEotqzz59eVtoeNKBv5d4jRn8xjvR2uj3","5","0","2.0.19","1","1","0.95","0.9","0.6756731455227554","0.9988367445298785","0.9938552747519105","1","0.9682886330207352","NO_BOND","0","0","0","1","0","0","624","0","0","0","0"
"52J4Nhv5u3bKiKBw5nvAJjUigoWHfP7PBQCfC4craVEY","5","0","2.0.19","1","1","0.95","0.9","0.6756731455227554","0.9916892361917717","0.9938552747519105","1","0.9675969386654345","NO_BOND","0","0","0","1","0","0","625","0","0","0","0"
"BmCLQofhV75owwSAbhZhvQtRRcCaftKUwNfnGBv41QEg","5","0","2.0.19","1","1","0.95","0.9","0.6756731455227554","0.9916892361917717","0.9938552747519105","1","0.9675969386654345","NO_BOND","0","0","0","1","0","0","626","0","0","0","0"
"EuUxT2aEqiAVkCjdfjehTYzPA9vGSrS4AEcroUf3Cxq6","5","0","2.0.19","1","1","0.95","0.9","0.6756731455227554","0.9916892361917717","0.9938552747519105","1","0.9675969386654345","NO_BOND","0","0","0","1","0","0","627","0","0","0","0"
"3JadNLK7V9NNzC9a1jRAZQXExT7mBtBhcjCaaaRE7B3R","5","0","2.0.19","1","1","0.95","0.9","0.6756731455227554","0.9916892361917717","0.9938552747519105","1","0.9675969386654345","NO_BOND","0","0","0","1","0","0","628","0","0","0","0"
"Bzn4NxNmh6vTrZyMRoL2qjZFNYbckRwNyHQwxzoJoggX","5","0","2.0.19","1","1","0.95","0.9","0.6756731455227554","0.9916892361917717","0.9938552747519105","1","0.9675969386654345","NO_BOND","0","0","0","1","0","0","629","0","0","0","0"
"DX3Rpy2drSHvwS85EEy29wH3LQG2ZrefoYqhroeJSzY7","5","0","2.0.19","1","1","0.95","0.9","0.6756731455227554","0.9916892361917717","0.9938552747519105","1","0.9675969386654345","NO_BOND","0","0","0","1","0","0","630","0","0","0","0"
"9nyiCpH8tfzSDXWP5BX5u5Fyi7Mz1DcMPp5a7aUhDybE","5","0","2.0.19","1","1","0.95","0.9","0.6756731455227554","0.9999076073535657","0.9872221309054545","1","0.9675363753783235","NO_BOND","0","0","0","1","0","0","631","0","0","0","0"
"LneJvrSDJGqfpbsKHPfyaxSPecBtqRHTJnwyBzG4vPC","5","0","2.0.15","1","1","0.95","0.9","0.6756731455227554","0.9999076073535657","0.9872221309054545","1","0.9675363753783235","NO_BOND","0","0","0","1","0","0","632","0","0","0","0"
"2m15uU8ifpfLY2myMCeNcxwn81KxXoQ2g7akG7Wf6pm3","5","0","2.0.15","1","1","0.95","0.9","0.6756731455227554","0.9999076073535657","0.9872221309054545","1","0.9675363753783235","NO_BOND","0","0","0","1","0","0","633","0","0","0","0"
"HFpuMHuQqUY9o5D4g5ByAJKEYQrMLjwcusDNjozXa4Dg","5","0","2.0.19","1","1","0.95","0.9","0.6756731455227554","0.999628769762822","0.9872221309054545","1","0.9675093910953483","NO_BOND","0","0","0","1","0","0","634","0","0","0","0"
"YT7i3TkDv9GpbQ5qEkL7dvb3fAXSuNKwCotw2MjrWxZ","5","0","2.0.19","0.9497462295960162","1","0.95","0.9","0.9921072360285483","0.9934913899001508","0.9577441582972839","1","0.9673160506744145","NO_BOND","0","0","0","1","0","0","635","0","0","0","0"
"EijMpL5u45wg1ZTJZa4i7DvUsn8um8s5woVJsNmvCpTP","5","0","2.0.19","0.9968370659764579","1","0.95","0.92","0.6756731455227554","0.9916892361917717","0.9938552747519105","1","0.9673034760771951","NO_BOND","0","0","0","1","0","0","636","0","0","0","0"
"AdtBv6jyEjY74XhkxZkowMuGfV1r58j44WCRyeToic99","5","0","2.0.19","1","1","0.95","0.9","0.6756731455227554","0.9962928467327955","0.9872221309054545","1","0.967186559834378","NO_BOND","0","0","0","1","0","0","637","0","0","0","0"
"6sHtpsxU8KPY5cd6EbutSBUGaXnwu8r3voM3kgjSKoW9","5","0","2.0.19","1","1","0.95","0.9","0.6756731455227554","0.9962928467327955","0.9872221309054545","1","0.967186559834378","NO_BOND","0","0","0","1","0","0","638","0","0","0","0"
"ArgSLuXhyJzchuv8cN7oYzsVaqiAZwgdvG6nQgyg3Mhw","5","0","2.0.19","1","1","0.95","0.9","0.6756731455227554","0.9962928467327955","0.9872221309054545","1","0.967186559834378","NO_BOND","0","0","0","1","0","0","639","0","0","0","0"
"9gX9MV3nGHRs1R9E52Q3vMg1tNGe5NHvzdfo3AMHnr5t","5","0","2.0.19","1","1","0.95","0.9","0.6756731455227554","0.9962928467327955","0.9872221309054545","1","0.967186559834378","NO_BOND","0","0","0","1","0","0","640","0","0","0","0"
"ifHMQAxuzMPF19jsZXpLMTA9wNzPzB8XkNaWyCi8Zg8","5","0","2.0.19","1","1","0.95","0.9","0.6756731455227554","0.9962928467327955","0.9872221309054545","1","0.967186559834378","NO_BOND","0","0","0","1","0","0","641","0","0","0","0"
"FCjVa6gBiKjvacMqWGGMqJ5kiQh1kFcyeAcNyKMyCxzK","5","0","2.0.19","1","1","0.95","0.9","0.6756731455227554","0.9962928467327955","0.9872221309054545","1","0.967186559834378","NO_BOND","0","0","0","1","0","0","642","0","0","0","0"
"HXAepTnchdti3ogS88CGTiAFKrxrDt8gfiFA9KeVZBh2","5","0","2.0.19","1","1","0.95","0.9","0.6756731455227554","0.9962928467327955","0.9872221309054545","1","0.967186559834378","NO_BOND","0","0","0","1","0","0","643","0","0","0","0"
"82LBHm7QzS7AZ266njB8uQkMa2t891Ma7CjhfTwQfuy9","5","0","2.0.19","1","1","0.95","0.9","0.6756731455227554","0.9962928467327955","0.9872221309054545","1","0.967186559834378","NO_BOND","0","0","0","1","0","0","644","0","0","0","0"
"3aHzcWLrkY2QrcDSR3bMbFWURRJWFojxh3o8wbEghXZ9","5","0","2.0.19","0.9610698462521852","1","0.95","0.9","0.8404679119581911","0.9996045596000063","0.9996045596000063","1","0.9671785872141381","NO_BOND","0","0","0","1","0","0","645","0","0","0","0"
"BzFtHeFSLDDEWeGN4UbRNLCtdeaicHWsxRjCTvxUnJtw","5","0","2.0.19","0.995932863390736","1","0.95","0.9","0.6756731455227554","0.999628769762822","0.9947251182393645","1","0.9671655389418967","NO_BOND","0","0","0","1","0","0","646","0","0","0","0"
"F13Fo2eRH5EecT1gL9TAisbLxwDYiLsK7sTjHAEmprTM","5","0","2.0.19","0.9786309336444479","1","0.95","0.9","0.9741870446378578","0.9966944858885509","0.8899547069118801","1","0.9670405068075281","NO_BOND","0","0","0","1","0","0","647","0","0","0","0"
"3fntToRUTyDpSoLF1QMZgpF5HoDcSmvBisXoyKASMaaH","5","0","2.0.19","1","1","0.95","0.9","0.6756731455227554","0.9842597944565771","0.9938552747519105","1","0.9668779604329962","NO_BOND","0","0","0","1","0","0","648","0","0","0","0"
"4QhNoG3PN1FXXFhAEA2QWdor6xjXvM9pjq6MXAUV8Zg2","5","0","2.0.19","1","1","0.95","0.9","0.6756731455227554","0.9930302624857659","0.9872221309054545","1","0.9668708258749881","NO_BOND","0","0","0","1","0","0","649","0","0","0","0"
"BdM7KCd6ZYWcaCMmHVi8YeL4jFzDVM9cRLJUeRAGSvMS","5","0","2.0.19","1","1","0.95","0.9","0.6756731455227554","0.9930302624857659","0.9872221309054545","1","0.9668708258749881","NO_BOND","0","0","0","1","0","0","650","0","0","0","0"
"9oNSYHVuPFYSVRBUN1nRW3Hoz58XGH957etGuQ1pWAmG","5","0","2.0.19","1","1","0.95","0.9","0.6756731455227554","0.9930302624857659","0.9872221309054545","1","0.9668708258749881","NO_BOND","0","0","0","1","0","0","651","0","0","0","0"
"6QbXuFT59Gu9ihxPmUcLFpTfgXwaSxoJPUTcEDkidPAE","5","0","2.0.19","1","1","0.95","0.9","0.6756731455227554","0.9930302624857659","0.9872221309054545","1","0.9668708258749881","NO_BOND","0","0","0","1","0","0","652","0","0","0","0"
"DhU3Q2NoCxU5ArXJWm3zxFDRuBiPU4fGrJ8kUasPxMnQ","5","0","2.0.19","1","1","0.95","0.9","0.6756731455227554","0.9930302624857659","0.9872221309054545","1","0.9668708258749881","NO_BOND","0","0","0","1","0","0","653","0","0","0","0"
"J4JhJL3kurhw8RZKhXp3fFTjyd5NX2yCbKDBN1eMh1Uy","5","0","2.0.19","1","1","0.95","0.9","0.6756731455227554","0.9930302624857659","0.9872221309054545","1","0.9668708258749881","NO_BOND","0","0","0","1","0","0","654","0","0","0","0"
"EJ59wFK3qPrnsFFSpZ7jSwCnXe8hVQ12heXYUqry7Muc","5","0","2.0.19","1","1","0.95","0.9","0.6756731455227554","0.9930302624857659","0.9872221309054545","1","0.9668708258749881","NO_BOND","0","0","0","1","0","0","655","0","0","0","0"
"862VZk4B2PrWf96MDbvu6EH1j9PMKqhYA4FAgQWhpRYF","5","0","2.0.19","1","1","0.95","0.9","0.6756731455227554","0.9930302624857659","0.9872221309054545","1","0.9668708258749881","NO_BOND","0","0","0","1","0","0","656","0","0","0","0"
"Cv4i8f7AZ2hA7LfSNmTRTbvCTUyRSbriSa6gUA3ncbgG","5","0","2.0.19","1","1","0.95","0.9","0.6756731455227554","0.9930302624857659","0.9872221309054545","1","0.9668708258749881","NO_BOND","0","0","0","1","0","0","657","0","0","0","0"
"2UuXvFqNmyxsNygvFUfjmDGMGn7pGQ61t5CUzvgczazW","5","0","2.0.19","1","1","0.95","0.9","0.6756731455227554","0.9930302624857659","0.9872221309054545","1","0.9668708258749881","NO_BOND","0","0","0","1","0","0","658","0","0","0","0"
"6CSENi9ZT4iMQGgWi7mBBe9bKwe5qKamcJg6MAANTzrN","5","0","2.0.19","1","1","0.95","0.9","0.6756731455227554","0.9930302624857659","0.9872221309054545","1","0.9668708258749881","NO_BOND","0","0","0","1","0","0","659","0","0","0","0"
"8vqRKnHH77FdrBxSDR9KozJE98R1ETUJCSrFYqoYmbKh","5","0","2.0.19","1","1","0.95","0.9","0.6756731455227554","0.9930302624857659","0.9872221309054545","1","0.9668708258749881","NO_BOND","0","0","0","1","0","0","660","0","0","0","0"
"87d9cGc1xHFxoiteZhXjYL48U6B1DAdLhpxXhmVKi1un","5","0","2.0.19","1","1","0.95","0.9","0.6756731455227554","0.9930302624857659","0.9872221309054545","1","0.9668708258749881","NO_BOND","0","0","0","1","0","0","661","0","0","0","0"
"Asns2MR4Su8domaswW1qnMcBBbzcW1SfJurPweKXgvd9","5","0","2.0.19","1","1","0.95","0.9","0.6756731455227554","0.9930302624857659","0.9872221309054545","1","0.9668708258749881","NO_BOND","0","0","0","1","0","0","662","0","0","0","0"
"GZzcHTsorXLrWEevXYo51ED15NTYPLPLzgGxddYMNdn5","5","0","2.0.19","1","1","0.95","0.9","0.6756731455227554","0.9930302624857659","0.9872221309054545","1","0.9668708258749881","NO_BOND","0","0","0","1","0","0","663","0","0","0","0"
"C2bJpaAU2cBupABkV5p9ed37sn7z8f2nfXqZ1gFBNBvv","5","0","2.0.19","1","1","0.95","0.9","0.6756731455227554","0.9930302624857659","0.9872221309054545","1","0.9668708258749881","NO_BOND","0","0","0","1","0","0","664","0","0","0","0"
"97im1Mxgn8FFcwhoVoqgGc7QegAokpQS2sxzrPVggKA3","5","0","2.0.19","1","1","0.95","0.9","0.6756731455227554","0.9930302624857659","0.9872221309054545","1","0.9668708258749881","NO_BOND","0","0","0","1","0","0","665","0","0","0","0"
"BQMvUHC6wqpd3TR8B5tAF8WXQ9xBRkopVqzAC65BSd4A","5","0","2.0.19","1","1","0.95","0.9","0.6756731455227554","0.9930302624857659","0.9872221309054545","1","0.9668708258749881","NO_BOND","0","0","0","1","0","0","666","0","0","0","0"
"5TFdzjKE6LnkhQArxWjt26yVCXskPo3fUXE8F351Cfn7","5","0","2.0.15","1","1","0.95","0.9","0.6756731455227554","0.9930302624857659","0.9872221309054545","1","0.9668708258749881","NO_BOND","0","0","0","1","0","0","667","0","0","0","0"
"77i1Ryv5bLp45yNeJCwCU28f37fGYspvRtGbNyxsD6Qe","0","0","2.0.19","0.9708105056964219","1","1","1","0.8404679119581911","0.8857472340497605","0.9816713170434049","1","0.966869930683984","NO_BOND","0","0","0","1","0","0","668","0","0","0","0"
"HfXwCe7o66x2bDC9LvXLPcP7FpxcDzDhWzxgrCJ9r44w","5","0","2.0.19","0.9989112077054679","1","0.95","0.9","0.6756731455227554","0.9962928467327955","0.9872221309054545","1","0.9668353365135611","NO_BOND","0","0","0","1","0","0","669","0","0","0","0"
"3RhKQt1L4RtZMGMY111bjymGqKcd6ZbExux9NCm8t1hd","5","0","2.0.19","0.9951850794025766","1","0.95","0.9","0.6756731455227554","0.9977880029182914","0.9947251182393645","1","0.9667461795736649","NO_BOND","0","0","0","1","0","0","670","0","0","0","0"
"FD1S7VFjDhWXwq5hnFpmAMqnt8cadQf9o3pNzr3ETJTZ","5","0","2.0.19","1","1","0.95","0.9","0.6756731455227554","0.9916892361917717","0.9872221309054545","1","0.9667410491368597","NO_BOND","0","0","0","1","0","0","671","0","0","0","0"
"56CV9agH7K12coC6aiTqgprWcbxihGu1GCw6mwd34YhQ","0","0","2.0.19","1","1","1","0.91","0.6756731455227554","0.9618615531937618","0.9577441582972839","1","0.9666617285101913","NO_BOND","0","0","0","1","0","0","672","0","0","0","0"
"EcjtYtuxBuupjeyXNdttATwoQoNL5Ck7bmrqDCj3ALT4","5","0","2.0.19","0.9785357795406334","1","0.95","0.9","0.9741870446378578","0.9942728670132581","0.8899547069118801","0.9977515886456331","0.966630402924536","NO_BOND","0","0","0","1","0","0","673","0","0","0","0"
"BUu7cMtX6vnp7DFciYD7LsJqyf3WnATQPGjAgUoq8sgW","5","0","2.0.19","0.9939688799885357","1","0.95","0.9","0.6756731455227554","0.999628769762822","0.9947251182393645","1","0.9665319959089288","NO_BOND","0","0","0","1","0","0","674","0","0","0","0"
"9cn49HT2MVjUQtrFQU6WJ29w5THLuHLCjawuEzQf5rVH","5","0","2.0.19","0.9940052113512405","1","0.95","0.9","0.6756731455227554","0.9977880029182914","0.9947251182393645","1","0.9663655769764596","NO_BOND","0","0","0","1","0","0","675","0","0","0","0"
"B191sdbDFjEmLLNixWEfjsoxoYLbr5hnpT39KKoqgkUp","5","0","2.0.19","0.9933006892845767","1","0.95","0.9","0.6756731455227554","0.9977880029182914","0.9947251182393645","1","0.9661383117936649","NO_BOND","0","0","0","1","0","0","676","0","0","0","0"
"RAREcr3SmDePhWD4Je1qEh1UMCQD5MFaDHF7UTzezQh","4","0","2.0.18","0.9865805463816293","1","0.96","0.9","0.6756731455227554","0.9999799455657089","0.9999799455657089","1","0.9661101733490893","NO_BOND","0","0","0","1","0.044009153","0","677","0","0","0","0"
"7PHy8rXJtkfkgpsHVtSiiX3StdwD4MG2VdhoeciLzaHv","5","0","2.0.19","0.9924335604040225","1","0.95","0.9","0.6756731455227554","0.9998337938025168","0.9947251182393645","1","0.9660565725629273","NO_BOND","0","0","0","1","0","0","678","0","0","0","0"
"65XpGeR8ScLit1sEZTf5moSEJR27QJTPWJ8AdAuHM6Wz","5","0","2.0.19","0.9728239942333171","1","0.95","0.9","0.9921072360285483","0.9934913899001508","0.8899547069118801","1","0.9660134648947821","NO_BOND","0","0","0","1","0","0","679","0","0","0","0"
"J1r9rLo71mG7eTpX1jiYi7vyLE3QMZ4PCBXYJJfXYsp6","5","0","2.0.19","0.9927111107352463","1","0.95","0.9","0.6756731455227554","0.9977880029182914","0.9947251182393645","1","0.9659481251648486","NO_BOND","0","0","0","1","0","0","680","0","0","0","0"
"J4oLW1wjuALZhiDUQeZF4fo9ZMwTCmup6YyjxAxwsjbH","5","0","2.0.19","0.9965854680745976","1","0.95","0.9","0.6756731455227554","0.9930302624857659","0.9872221309054545","1","0.9657693639635679","NO_BOND","0","0","0","1","0","0","681","0","0","0","0"
"sTach38ebT8jnGH8i2D1g8NDAS6An19whVMnSSWPXt4","5","0","2.0.19","1","1","0.95","0.9","0.6756731455227554","0.9881122335093074","0.9814884080332837","1","0.9656550523776314","NO_BOND","0","0","0","1","0","0","682","0","0","0","0"
"radYEig9KGrMTMWbWRFV7LStotQbnLgPaEFHVDsudQz","0","0","2.0.19","1","1","0.95","0.9","0.6756731455227554","0.9881122335093074","0.9814884080332837","1","0.9656550523776314","NO_BOND","0","0","0","1","0","0","683","0","0","0","0"
"mythxna3hpzXSbaseyR12vu5Vvym1HxS92eCgXLvY7w","5","0","2.0.19","1","1","0.95","0.9","0.6756731455227554","0.9881122335093074","0.9814884080332837","1","0.9656550523776314","NO_BOND","0","0","0","1","0","0","684","0","0","0","0"
"EZCQcPkgsNS5rnfoAWRsVZNGEo3GoZSVV4qSdeWrXzhX","5","0","2.0.19","0.9936497045348307","1","0.95","0.9","0.6756731455227554","0.9962928467327955","0.9872221309054545","1","0.9651380774262587","NO_BOND","0","0","0","1","0","0","685","0","0","0","0"
"2W7icpaM8pu7qShR5mxLCA64hjUx3ZTZqvx2P8C4Se6N","5","0","2.0.19","0.9901910358634548","1","0.95","0.9","0.6756731455227554","0.9977880029182914","0.9947251182393645","1","0.9651351977868513","NO_BOND","0","0","0","1","0","0","686","0","0","0","0"
"EpicsoqLdDP8qRn3wQRKTSKAXbjK9dUgFfNPRQS77MQD","0","0","2.0.19","0.9676884118717433","1","1","1","0.6756731455227554","0.9881122335093074","0.9814884080332837","1","0.965113572336258","NO_BOND","0","0","0","1","0","0","687","0","0","0","0"
"FKU3YWq3AUuN2mJVR2pJgbsVQHdGeaK1Yj1iMBhJugd1","5","0","2.0.19","0.9982454732609145","1","0.95","0.9","0.6756731455227554","0.9881122335093074","0.9814884080332837","1","0.9650890760101843","NO_BOND","0","0","0","1","0","0","688","0","0","0","0"
"5Ri6yTqus7LdDaYGAVNGStC77BHZuQy8F6fYsp5cC7Vf","5","0","2.0.19","1","1","0.95","0.9","0.9251153894613704","0.9258064652774458","0.8990234197505745","1","0.965077866250238","NO_BOND","0","0","0","1","0","0","689","0","0","0","0"
"AVWnWgnS1ysX7ymBbQ9pMdWnt2hpweWGYekHRM8mxpQy","5","0","2.0.19","1","1","0.95","0.9","0.9251153894613704","0.9258064652774458","0.8990234197505745","1","0.965077866250238","NO_BOND","0","0","0","1","0","0","690","0","0","0","0"
"GAKLDmghREn6YHGu5y5vTHA9JJY1Nuxy7n8zz4RFzH3p","5","0","2.0.19","1","1","0.95","0.9","0.9251153894613704","0.9258064652774458","0.8990234197505745","1","0.965077866250238","NO_BOND","0","0","0","1","0","0","691","0","0","0","0"
"AavwT5GecqFL18ino3YVv5z1icD6p7ENTuXuzAUf6QNM","5","0","2.0.19","1","1","0.95","0.9","0.9251153894613704","0.9258064652774458","0.8990234197505745","1","0.965077866250238","NO_BOND","0","0","0","1","0","0","692","0","0","0","0"
"4XRkaMPQnpAncWVZxAw1NfiqGiAX7oa4Ccg8mTD1JMn3","5","0","2.0.19","1","1","0.95","0.9","0.9251153894613704","0.9258064652774458","0.8990234197505745","1","0.965077866250238","NO_BOND","0","0","0","1","0","0","693","0","0","0","0"
"2Dh9w9HuNuvmpmsfRFqWhNqQuMX8U9BAU4xyyyqzEq2h","5","0","2.0.19","1","1","0.95","0.9","0.9251153894613704","0.9258064652774458","0.8990234197505745","1","0.965077866250238","NO_BOND","0","0","0","1","0","0","694","0","0","0","0"
"BEnZR4K28tNLPiH15tdxYkyhaXGbzxqFCNjzTU66uh8b","5","0","2.0.19","1","1","0.95","0.9","0.9251153894613704","0.9258064652774458","0.8990234197505745","1","0.965077866250238","NO_BOND","0","0","0","1","0","0","695","0","0","0","0"
"78Txiv4aMrEeTLNhJYtfnGwtvuVH4NZ8igXS3oYeKdg2","5","0","2.0.19","1","1","0.95","0.9","0.9251153894613704","0.9258064652774458","0.8990234197505745","1","0.965077866250238","NO_BOND","0","0","0","1","0","0","696","0","0","0","0"
"531ABLCYsNQ4xztxHfoCc4xqEQ8xiEWWSP3TKDG5s7hz","5","0","2.0.19","1","1","0.95","0.9","0.9251153894613704","0.9258064652774458","0.8990234197505745","1","0.965077866250238","NO_BOND","0","0","0","1","0","0","697","0","0","0","0"
"AY1nugg77a2QEMfTKrfniYqHp5MgLMWykXTKwZwXYxQD","5","0","2.0.19","1","1","0.95","0.9","0.9251153894613704","0.9258064652774458","0.8990234197505745","1","0.965077866250238","NO_BOND","0","0","0","1","0","0","698","0","0","0","0"
"56ixbAMwsBiguYXsbzABGNaQVDeFDXQdA9m6hvyumtLy","5","0","2.0.19","1","1","0.95","0.9","0.9251153894613704","0.9258064652774458","0.8990234197505745","1","0.965077866250238","NO_BOND","0","0","0","1","0","0","699","0","0","0","0"
"6mEgxgVus3rWJrt3qFk3BvEV38SVHNCqBdQJXxLBbcst","5","0","2.0.19","1","1","0.95","0.9","0.9251153894613704","0.9258064652774458","0.8990234197505745","1","0.965077866250238","NO_BOND","0","0","0","1","0","0","700","0","0","0","0"
"7PrwBc81z19peAGLjjq3Bt4uLtRonRrwR963gxJE8i18","5","0","2.0.19","1","1","0.95","0.9","0.9251153894613704","0.9258064652774458","0.8990234197505745","1","0.965077866250238","NO_BOND","0","0","0","1","0","0","701","0","0","0","0"
"BkQJo4j8V6Xhi8p39B76GhF3csWzUz9C6VMz5Dn4bmKb","5","0","2.0.19","1","1","0.95","0.9","0.9251153894613704","0.9258064652774458","0.8990234197505745","1","0.965077866250238","NO_BOND","0","0","0","1","0","0","702","0","0","0","0"
"CraRZ3Pk5mJC2sfGXGH2rFRYjr8LPVz2gLowNbujcND3","5","0","2.0.19","1","1","0.95","0.9","0.9251153894613704","0.9258064652774458","0.8990234197505745","1","0.965077866250238","NO_BOND","0","0","0","1","0","0","703","0","0","0","0"
"77vww1KxwCCsVRFioJbV4CGwTVyeyrf3KRC9SZdbHwtc","5","0","2.0.19","1","1","0.95","0.9","0.9251153894613704","0.9258064652774458","0.8990234197505745","1","0.965077866250238","NO_BOND","0","0","0","1","0","0","704","0","0","0","0"
"9UL36jMUb87NLqGhMDTZdEreZQ4gjQMcc5w5p1B4JaNS","5","0","2.0.19","1","1","0.95","0.9","0.9251153894613704","0.9258064652774458","0.8990234197505745","1","0.965077866250238","BLACKLIST,NO_BOND","1","0","0","1","0","0","705","0","0","0","0"
"EFeLsLsrLhGqy7LSdws4sKvinvCohBBAda2q4iHBrrss","5","0","2.0.19","1","1","0.95","0.9","0.9251153894613704","0.9258064652774458","0.8990234197505745","1","0.965077866250238","NO_BOND","0","0","0","1","0","0","706","0","0","0","0"
"Ez5oqa7UBJosiUZ3YbXsjGfnZAdcGE7awrkRmcCWY3yB","5","0","2.0.19","1","1","0.95","0.9","0.9251153894613704","0.9258064652774458","0.8990234197505745","1","0.965077866250238","NO_BOND","0","0","0","1","0","0","707","0","0","0","0"
"EDjoFJLunZhjS7difXbi1DvLPPdFenf7YvTFoa9y5pCZ","5","0","2.0.19","1","1","0.95","0.9","0.9251153894613704","0.9258064652774458","0.8990234197505745","1","0.965077866250238","NO_BOND","0","0","0","1","0","0","708","0","0","0","0"
"Bjq4FbzK9aA9bQ7nYd5eGjTtiMyB8yFLVomgr8Wow4hK","5","0","2.0.19","1","1","0.95","0.9","0.9251153894613704","0.9258064652774458","0.8990234197505745","1","0.965077866250238","NO_BOND","0","0","0","1","0","0","709","0","0","0","0"
"8o3tfZcpTizxtxphuBCXNDxnVX7pFNwpNBLmHyf2Dbvx","5","0","2.0.19","1","1","0.95","0.9","0.9251153894613704","0.9258064652774458","0.8990234197505745","1","0.965077866250238","NO_BOND","0","0","0","1","0","0","710","0","0","0","0"
"DkFMfnJku9arJJtUytBXijUyb8tuX5FQvsTUVUQQ9pgX","5","0","2.0.19","1","1","0.95","0.9","0.9251153894613704","0.9258064652774458","0.8990234197505745","1","0.965077866250238","NO_BOND","0","0","0","1","0","0","711","0","0","0","0"
"9a7VQpVNCwBKEiADAr4EHW52CTesXnDDfnPvvp7qRFyP","5","0","2.0.19","1","1","0.95","0.9","0.9251153894613704","0.9258064652774458","0.8990234197505745","1","0.965077866250238","NO_BOND","0","0","0","1","0","0","712","0","0","0","0"
"AJmRAtaMf646abDoNBK18ghFTwR3ocnQjRCttrQkzFET","5","0","2.0.19","1","1","0.95","0.9","0.9251153894613704","0.9258064652774458","0.8990234197505745","1","0.965077866250238","NO_BOND","0","0","0","1","0","0","713","0","0","0","0"
"2WgrQTu8QitYjqywZ6uBZBFWigMdXjR6trzd6SYNwihU","5","0","2.0.19","1","1","0.95","0.9","0.9251153894613704","0.9258064652774458","0.8990234197505745","1","0.965077866250238","NO_BOND","0","0","0","1","0","0","714","0","0","0","0"
"D7rALJCR3KUMhTwtmjvk4ursBLbDNvAVRf2FwdQtbVF9","5","0","2.0.19","1","1","0.95","0.9","0.9251153894613704","0.9258064652774458","0.8990234197505745","1","0.965077866250238","NO_BOND","0","0","0","1","0","0","715","0","0","0","0"
"g73uD1jYARir7KJBmS94KN5XjasoZwcxAgCrS59LyBG","5","0","2.0.19","1","1","0.95","0.9","0.9251153894613704","0.9258064652774458","0.8990234197505745","1","0.965077866250238","NO_BOND","0","0","0","1","0","0","716","0","0","0","0"
"4AUED4uj6nSTuANzaAUnGBPJQRmhpDYDwoWJNkoUUBBW","4","0","2.0.15","0.9254146412407187","1","0.96","0.92","0.9970374894787379","0.9980583583896033","0.9938552747519105","0.9667736354296085","0.9647193818193655","NO_BOND","0","0","0","1","0","0","717","0","0","0","0"
"Bp1F9Ma65vJCecNQBauQ3yvbARDbC1kZXEvfmcux9HLy","5","0","2.0.19","0.9932386958677203","1","0.95","0.9","0.6756731455227554","0.9930302624857659","0.9872221309054545","1","0.9646897600258655","NO_BOND","0","0","0","1","0","0","718","0","0","0","0"
"5qdCvzzeCXfGH7EPjfu1fBNjL6DtcwV2w24A2m1xRM9p","5","0","2.0.19","0.9929734726110945","1","0.95","0.9","0.6756731455227554","0.9930302624857659","0.9872221309054545","1","0.9646042041366314","NO_BOND","0","0","0","1","0","0","719","0","0","0","0"
"9kkP5sRnyHD3qkyHykyWwbP9pQQcTWnzLPHtDcRxaE16","5","0","2.0.19","0.9311889899199854","1","0.95","0.9","0.978601504976187","0.9841794655832776","0.9967494563986543","1","0.964590294564409","NO_BOND","0","0","0","1","0","0","720","0","0","0","0"
"basedoziCpdswZX6J6bJB7EnJwh38i1K2zwLjt4JeAo","5","0","2.0.19","1","1","0.95","0.92","0.6756731455227554","0.9881122335093074","0.9814884080332837","0.9693843758171431","0.9644066895271244","NO_BOND","0","0","0","1","0","0","721","0","0","0","0"
"xLabsqDpN9WHXEXSJXk1yhqh5H8BgcqiBP1CR6Mkjcb","5","0","2.0.19","1","1","0.95","0.9","0.9996907689923479","0.9996907689923479","0.8035455061174237","0.9947893644343067","0.9643833741387113","NO_BOND","0","0","0","1","0","0","722","0","0","0","0"
"2WKHhJ34gNkw1G8iReLXn8roPfQUjsLyzjWHspNdvbFw","5","0","2.0.19","0.9703408102227042","1","0.95","0.9","0.9741870446378578","0.9966944858885509","0.8899547069118801","1","0.9643662734456753","NO_BOND","0","0","0","1","0","0","723","0","0","0","0"
"6fiUHL6s3iGgp19H7PfbEuJGgu4LQsWMu625fya16xgb","0","0","2.0.19","0.9825983358658694","1","1","0.9","0.6756731455227554","0.9992621630882464","0.9577441582972839","1","0.9643042829728413","NO_BOND","0","0","0","1","0","0","724","0","0","0","0"
"8SRc8gaFpmnb2behQp6KXZxrt9KcV56eFTzUDhzk4qei","5","0","2.0.19","0.990771487202512","1","0.95","0.9","0.6756731455227554","0.9962928467327955","0.9872221309054545","1","0.964209620222285","NO_BOND","0","0","0","1","0","0","725","0","0","0","0"
"8ZfSRfAuDLV86PaKSCNfgx3AU1w6Hp8sGrEgFTkHViCt","5","0","2.0.19","1","1","0.95","0.9","0.6756731455227554","0.9536987878467417","0.9958603066688011","1","0.9641791574600304","NO_BOND","0","0","0","1","0","0","726","0","0","0","0"
"4VvZyjDj3KNYNbjzgaG5GxX4xeLhcFV6fA6BDPf6dLy4","5","0","2.0.19","1","1","0.95","0.9","0.6756731455227554","0.9536987878467417","0.9958603066688011","1","0.9641791574600304","NO_BOND","0","0","0","1","0","0","727","0","0","0","0"
"HYjVeaM7XjdVPVUR2xkSDRDKUvaz1VaVAxn4RTj2gwDu","5","0","2.0.19","0.9905549857640827","1","0.95","0.9","0.6756731455227554","0.9962928467327955","0.9872221309054545","1","0.9641397810485982","NO_BOND","0","0","0","1","0","0","728","0","0","0","0"
"nVu3zzzLXJJzvoozEaUCyNFnHE2ZTgjzdG251EMW3JW","5","0","2.0.19","0.9863383943486397","1","0.95","0.9","0.6756731455227554","0.9977880029182914","0.9947251182393645","1","0.9638924102014272","BLACKLIST,NO_BOND","1","0","0","1","0","0","729","0","0","0","0"
"EtGWDbP7342Mo2PnG6MYUP1rL8v69ycn1FRnRTB1BLU3","5","0","2.0.19","0.9857610692250854","1","0.95","0.9","0.6756731455227554","0.999628769762822","0.9947251182393645","1","0.9638843150174933","BLACKLIST,NO_BOND","1","0","0","1","0","0","730","0","0","0","0"
"6rC1zg98a89eQurdnvXz6uJ3zZZa2f683WwCDB41Us8w","5","0","2.0.19","0.9863128153199108","1","0.95","0.9","0.6756731455227554","0.9977880029182914","0.9947251182393645","1","0.9638841589018372","NO_BOND","0","0","0","1","0","0","731","0","0","0","0"
"H4cXCqtAy8qdu9qe2dSxoPhUscMTYVrmVBXyPqRVTNR1","5","0","2.0.19","0.970730234603736","1","0.95","0.9","0.9741870446378578","0.9896419266535678","0.8899547069118801","1","0.9638093884813322","NO_BOND","0","0","0","1","0","0","732","0","0","0","0"
"CnuTdyrVwnNFLzUWSkhbX7VGYUTVEqhavjehAXHhAw3e","5","0","2.0.19","1","1","0.95","0.9","0.6756731455227554","0.999264601014267","0.9577441582972839","1","0.9636705395895951","NO_BOND","0","0","0","1","0","0","733","0","0","0","0"
"GSaWJ4FjXQ3RGctXaBdcW9oh939cwxXUeeV9A9d4shvf","5","0","2.0.19","1","1","0.95","0.9","0.6756731455227554","0.999264601014267","0.9577441582972839","1","0.9636705395895951","NO_BOND","0","0","0","1","0","0","734","0","0","0","0"
"AUTnPgB8m6qsctP9RRAcmnVrLSpZbBYB8nQAzYUN5j8q","5","0","2.0.19","1","1","0.95","0.9","0.6756731455227554","0.9988367445298785","0.9577441582972839","1","0.9636291341233639","NO_BOND","0","0","0","1","0","0","735","0","0","0","0"
"56CMrsFGVrnXJ3PwNV935vFYhfCBdX9btYPnLPE1ATFH","5","0","2.0.19","1","1","0.95","0.9","0.6756731455227554","0.9977138119816803","0.9577441582972839","1","0.9635204632316029","NO_BOND","0","0","0","1","0","0","736","0","0","0","0"
"88KvxpFUnahtg4GCuRayvoyysboHp8j1P38EqgjjdB4r","5","0","2.0.19","1","1","0.95","0.9","0.6756731455227554","0.9977138119816803","0.9577441582972839","1","0.9635204632316029","NO_BOND","0","0","0","1","0","0","737","0","0","0","0"
"AqP3MyNwDP4L1GJKYhzmaAUdrjzpqJUZjahM7kHpgavm","0","0","2.0.19","1","1","0.95","0.9","0.6756731455227554","0.9977138119816803","0.9577441582972839","1","0.9635204632316029","NO_BOND","0","0","0","1","0","0","738","0","0","0","0"
"DsCamyDGT7ZsrBXhTEpYAiHdrnuPgnYtpWKeSST3QRBq","5","0","2.0.19","0.9271157209070842","1","0.95","0.9","0.978601504976187","0.9841794655832776","0.998486789693879","1","0.9635005088564054","NO_BOND","0","0","0","1","0","0","739","0","0","0","0"
"3Qvmhayko5Yn3sSXDsHsMzS8QjdU4CshQF2y6L276kgi","0","0","2.0.19","0.9041913382793475","1","1","1","0.9995323097609347","0.9995323097609347","0.9577441582972839","0.9971086327455284","0.9633796396863981","NO_BOND","0","0","0","1","0","0","740","0","0","0","0"
"FGcFu8thUEhvnsKmPBT7D2Nzgeef7fpnXsWtM3WgDv3f","5","0","2.0.19","1","1","0.95","0.9","0.6756731455227554","0.9936599168777814","0.9577441582972839","1","0.9631281508021934","NO_BOND","0","0","0","1","0","0","741","0","0","0","0"
"3w5guZWHiP1A1gSnhksgtTXejAYUnTQqWvXWd9BfSdUL","5","0","2.0.19","0.9481990374982993","1","0.95","0.9","0.8404679119581911","0.9996045596000063","0.9996045596000063","1","0.9630267134225619","NO_BOND","0","0","0","1","0","0","742","0","0","0","0"
"6GjZkgrdkS19Ws5Zy5BEBgrHqgwXZynr2biHjTZb1hdM","5","0","2.0.19","0.9934205843984467","1","0.95","0.9","0.9251153894613704","0.9258064652774458","0.8990234197505745","1","0.9629554741207046","NO_BOND","0","0","0","1","0","0","743","0","0","0","0"
"85ykoc8e56w7wDB3q9obP4fA8WwzvWVNGspgqN2KZ9gC","5","0","2.0.19","0.9648896781572773","1","0.95","0.9","0.9741870446378578","0.9966944858885509","0.8899547069118801","1","0.9626078437471504","NO_BOND","0","0","0","1","0","0","744","0","0","0","0"
"6W8yrMwtDU5G6ErazhZHfLjqZV8cMvajpSRGYgrZ3d4v","0","0","2.0.19","1","1","0.9","1","0.6756731455227554","0.9930302624857659","0.9872221309054545","0.9682240272492074","0.9622075373104207","NO_BOND","0","0","0","1","0","0","745","0","0","0","0"
"3iPuTgpWaaC6jYEY7kd993QBthGsQTK3yPCrNJyPMhCD","0","0","2.0.19","1","1","1","1","0.770290516389543","0.7793746850774765","0.9994949576832957","0.9752633373239041","0.9621681159158874","NO_BOND","0","0","0","1","2.566188717","1.159031763","746","0","0","0","0"
"ENVaKoD7ytn58xJ8s5htFfQ8hqQt1G9dcPUDqbSwVcgB","5","0","2.0.19","0.9956620091875494","1","0.95","0.9","0.6756731455227554","0.9977138119816803","0.9577441582972839","1","0.9621211113566188","NO_BOND","0","0","0","1","0","0","747","0","0","0","0"
"NDhC4NhBhBweYsmMxpSLci49RFpFuz6dD7bXLzY8bSX","5","0","2.0.19","1","1","0.95","0.9","0.9827135933740389","0.9827135933740389","0.8035455061174237","1","0.9619812900432222","BLACKLIST,NO_BOND","1","0","0","1","0","0","748","0","0","0","0"
"8BCSZyw28kK3pt3DTNKoVysjMggakuPpE2WB3pTcWGim","5","0","2.0.19","0.9633641535457731","1","0.95","0.9","0.9741870446378578","0.9942728670132581","0.8899547069118801","1","0.9618813888200239","NO_BOND","0","0","0","1","0","0","749","0","0","0","0"
"HeyVYASPrUcKBwV25axjdjjWzXbMs4sR5XCEt1u2f2N1","0","0","2.0.19","0.9016325347597202","1","1","1","0.9921072360285483","0.9934913899001508","0.9577441582972839","1","0.9616771168562543","NO_BOND","0","0","0","1","0","0","750","0","0","0","0"
"Fu8PjDfwWjRBAx9nSynpMRUtn87SraJEexcnDHtcoD6g","4","0","2.0.19","0.9179768484697042","1","0.96","0.9","0.978601504976187","0.9841794655832776","0.997376118970049","1","0.9616586570090144","NO_BOND","0","0","0","1","0","0","751","0","0","0","0"
"36jVWrHfpyN2RvXCkGA75qdzcBqFfMcyKbC2qg4o2gA8","5","0","2.0.15","0.9831282463828657","1","0.95","0.9","0.6756731455227554","0.9930302624857659","0.9872221309054545","1","0.9614283247081705","NO_BOND","0","0","0","1","0","0","752","0","0","0","0"
"6h8UDnJb4Rw7j5ZnszWPE5qKdCmQpXSpbfndzHbzjJ1Q","5","0","2.0.19","0.9421802474474903","1","0.95","0.9","0.9402435887823499","0.9479844201336193","0.9907958424202312","1","0.961390202649077","NO_BOND","0","0","0","1","0","0","753","0","0","0","0"
"Fgevrsfh8KsFN7eomRWS3N2bjKvqRBGMcEo9oQbT1ikX","5","0","2.0.19","0.9827732448963236","1","0.95","0.9","0.6756731455227554","0.9930302624857659","0.9872221309054545","1","0.9613138080996084","NO_BOND","0","0","0","1","0","0","754","0","0","0","0"
"CMHSLFkNiRSkM5fd3ve8cXLX6DSCqoaPhDmjxkGh2L7E","5","0","2.0.19","0.9202675117764891","1","0.95","0.9","0.978601504976187","0.9841794655832776","0.997376118970049","1","0.9611480967853966","NO_BOND","0","0","0","1","0","0","755","0","0","0","0"
"CS8DoKUL3nXeyVbg8arD8TBZTym4U5ijgCf9uZHGqZET","0","0","2.0.19","0.956525140950188","1","1","0.9","0.8664877804935314","0.8740145471054379","0.9938552747519105","1","0.9607429584133194","NO_BOND","0","0","0","1","0","0","756","0","0","0","0"
"4MMaBHtwEFhhrjptoHnh628sm4JjRqUYxTsQd9xuVZMU","5","0","2.0.19","0.9523432359751065","1","0.95","0.9","0.8664877804935314","0.998515693824316","0.9577441582972839","1","0.9605355366258134","NO_BOND","0","0","0","1","0","0","757","0","0","0","0"
"5nqCxM3G1FKEZ4gUirNfpVoZSV8csVFXxbq382DdMHPd","5","0","2.0.19","0.9735074999975308","1","0.95","0.9","0.6756731455227554","0.9988367445298785","0.9999402154232838","1","0.9605278189130192","NO_BOND","0","0","0","1","0","0","758","0","0","0","0"
"BeachiopjxQxL7CaHNSZsynApiZCKx9QFVtcWNz3jDBo","8","0","2.0.19","1","1","0.92","0.92","0.8404679119581911","0.8857472340497605","0.9865464078431047","0.94303367374244","0.9603364679007408","COMMISSION","0","0","0","1","0","0","759","0","0","0","0"
"6JpwHChay7q9meZVBhGp4wBvTGy7L28XsCzwLhGF875r","5","0","2.0.15","0.9787102648767517","1","0.95","0.9","0.6756731455227554","0.9962928467327955","0.9872221309054545","1","0.9603189033430075","NO_BOND","0","0","0","1","0","0","760","0","0","0","0"
"HBuFNK1dRGsqbrornwge5YVpN9AYF5T2issPmPdvLBWk","5","0","2.0.19","0.9900386090489033","1","0.95","0.9","0.6756731455227554","0.9977138119816803","0.9577441582972839","1","0.9603071113118942","NO_BOND","0","0","0","1","0","0","761","0","0","0","0"
"BxFf75Vtzro2Hy3coFHKxFMZo5au8W7J8BmLC3gCMotU","0","0","2.0.19","0.9721114602793334","1","1","1","0.9251153894613704","0.9258064652774458","0.8990234197505745","0.9095050824197451","0.9601247942383935","NO_BOND","0","0","0","1","0","0","762","0","0","0","0"
"7JZTyHRTmzHfmHH89uT9xKSKDVJ1VnNQ1FeTeM4iH3J2","5","0","2.0.19","0.989078964961574","1","0.95","0.9","0.6756731455227554","0.9977138119816803","0.9577441582972839","1","0.9599975487030784","NO_BOND","0","0","0","1","0","0","763","0","0","0","0"
"F82nmpcZMdHtMVsLtAGByPavdN5WuEX1hjNwzs3UFuwq","0","0","2.0.19","1","1","1","0.9","0.770290516389543","0.7793746850774765","0.9983271443994975","1","0.9599791505035326","NO_BOND","0","0","0","1","0","0","764","0","0","0","0"
"6V8U2Fkwworj6xfFukBBVHgvgcXWXo8ghghCpsYUSgZJ","5","0","2.0.19","0.9866884140789968","1","0.95","0.9","0.6756731455227554","0.9536987878467417","0.9958603066688011","1","0.9598850974855131","NO_BOND","0","0","0","1","0","0","765","0","0","0","0"
"5pfqseENmSjqymBEUc86MM1YCX2d4hzb9HnsugADb72B","5","0","2.0.19","0.9769058861574387","1","0.95","0.9","0.8664877804935314","0.9994106557652822","0.8899547069118801","1","0.9597985554033812","NO_BOND","0","0","0","1","0","0","766","0","0","0","0"
"7VGU4ZwR1e1AFekqbqv2gvjeg47e1PwMPm4BfLt6rxNk","5","0","2.0.19","1","1","0.95","0.9","0.6756731455227554","0.9881122335093074","0.9814884080332837","0.9062473850386018","0.9596064965736703","NO_BOND","0","0","0","1","0","0","767","0","0","0","0"
"BJipnsRJCxgcMoYc7Env7ee2YASTtwLuyvD23AsJ3E6U","0","0","2.0.19","1","1","1","0.9","0.6756731455227554","0.9842597944565771","0.8990234197505745","0.9790754426504097","0.9595390399586567","NO_BOND","0","0","0","1","0","0","768","0","0","0","0"
"9yn8kRqgtYsAV5Pg2YTmu3PCmnm4yXFE3cRGZ2G6WFho","5","0","2.0.19","0.908711322098552","1","0.95","0.9","0.9970374894787379","0.9980583583896033","0.9938552747519105","1","0.9594985281974016","NO_BOND","0","0","0","1","0","0","769","0","0","0","0"
"3YCCGCuCicRggDgdK3ixZWXNPVRYfQxvytDUgHFrRFJ4","5","0","2.0.19","0.9861148606586612","1","0.95","0.9","0.6756731455227554","0.9618615531937618","0.9872221309054545","1","0.9593754219624266","NO_BOND","0","0","0","1","0","0","770","0","0","0","0"
"FmDA6Ti6YXd2Bb8SwfqPsGHBB4KPLP5JfH2Jj47v2PFQ","5","0","2.0.19","0.9710913346910094","1","0.95","0.9","0.6756731455227554","0.9985497933157806","0.9958603066688011","1","0.9591942014380048","NO_BOND","0","0","0","1","0","0","771","0","0","0","0"
"BfF3vg8UFcwTkFJNgQ7KQTAZBUWegF3spPm79d71WNwo","5","0","2.0.19","0.9716352078546455","1","0.95","0.9","0.6756731455227554","0.9977880029182914","0.9947251182393645","0.9979319683002754","0.9590160254162856","NO_BOND","0","0","0","1","0","0","772","0","0","0","0"
"EcZBjDPzSZLdsyKCBq26MZMYFfiinZsfcL3SwWMK1eNL","5","0","2.0.19","0.9834713712251631","1","0.95","0.9","0.6756731455227554","0.9536987878467417","0.9958603066688011","1","0.9588473417262119","NO_BOND","0","0","0","1","0","0","773","0","0","0","0"
"Fx9gdBmp4Rer7rxu139ofGKcx3iffKS91gg2kFUeBvjD","5","0","2.0.19","0.9701232372992685","1","0.95","0.9","0.6756731455227554","0.9981173405726453","0.9947251182393645","1","0.9586935857649547","NO_BOND","0","0","0","1","0","0","774","0","0","0","0"
"J4pH3yiFrzFG1AQPRGBJXo3HP72MCZwsQamtp9ym4LwN","5","0","2.0.19","0.9731619530495399","1","0.95","0.9","0.8664877804935314","0.9994106557652822","0.8899547069118801","1","0.9585908350459946","NO_BOND","0","0","0","1","0","0","775","0","0","0","0"
"Syrd4L1eGcZdhRGoB9wb4aJKKJKv9gMudZLMnXdV7AR","0","0","2.0.19","1","1","1","1","0.770290516389543","0.7793746850774765","0.9577441582972839","1","0.9583768297161501","NO_BOND","0","0","0","1","1e-9","0","776","0","0","0","0"
"Cat8oWQiFfrR3c7BcceTYcpnYCzSWfCPjMXT7mfHXvEP","7","0","2.0.19","1","1","0.93","0.92","0.6756731455227554","0.9926495325933633","0.955275728848644","0.9596209684675413","0.95833463681146","NO_BOND","0","0","0","1","0","0","777","0","0","0","0"
"BNYVMkawH7ekKdbZ7NHqd7duLVc6QLATHYf5aqMkwjec","0","0","2.0.19","1","1","0.95","1","0.6756731455227554","0.9842597944565771","0.8990234197505745","1","0.9582757855941142","BLACKLIST","1","0","0","1","0","0","778","0","0","0","0"
"NfqEUZxKU4J7C4HobtMRFhBP6MvKvNCoa7wXSdwZNcg","5","0","2.0.19","0.9806287258122182","1","0.95","0.9","0.6756731455227554","0.9536987878467417","0.9958603066688011","1","0.9579303593349394","NO_BOND","0","0","0","1","0","0","779","0","0","0","0"
"5ysJtUNfmASWjzdQy1vyvrVp9jAg5Vq791HABeobrCX5","5","0","2.0.19","0.9621260663335142","1","0.95","0.9","0.9452388484454748","0.9763758892609269","0.8899547069118801","1","0.9578824146985933","NO_BOND","0","0","0","1","0","0","780","0","0","0","0"
"GJQjnyhSG9jN1AdMHTSyTxUR44hJHEGCmNzkidw9z3y8","5","0","2.0.19","0.9800880937095195","1","0.95","0.9","0.6756731455227554","0.9536987878467417","0.9958603066688011","1","0.9577559618824559","NO_BOND","0","0","0","1","0","0","781","0","0","0","0"
"5hA9y3f5P8YsfPaS5rDDNiiKkaXBbRjJEzqwWCzAD7gg","5","0","2.0.19","0.9799047333119981","1","0.95","0.9","0.6756731455227554","0.9536987878467417","0.9958603066688011","1","0.9576968133671264","NO_BOND","0","0","0","1","0","0","782","0","0","0","0"
"A2GkHf71SqegGcLmhgs6XzR5YfLh5ZJ2Ci2vKM5SY5WR","5","0","2.0.19","0.9092039561359956","1","0.95","0.9","0.978601504976187","0.9841794655832776","0.997376118970049","1","0.9575792078691084","NO_BOND","0","0","0","1","0","0","783","0","0","0","0"
"Bix8KEPNvWfzempbXrwhTP5nqjG3dpsoDafp97afkT6V","5","0","2.0.19","0.9793611410987634","1","0.95","0.9","0.6756731455227554","0.9536987878467417","0.9958603066688011","1","0.9575214610402765","NO_BOND","0","0","0","1","0","0","784","0","0","0","0"
"DXv73X82WCjVMsqDszK3z764tTJMU3nPXyCU3UktudBG","5","0","2.0.19","0.9667647802383083","1","0.95","0.9","0.6756731455227554","0.9916892361917717","0.9958603066688011","1","0.9571346138283585","BLACKLIST,NO_BOND","1","0","0","1","0","0","785","0","0","0","0"
"75EiDe2N17CA64fUhhJLK9rKm4TcRfhMFdghzScycWfa","5","0","2.0.19","0.9499898075807732","1","0.95","0.9","0.9741870446378578","0.9896419266535678","0.8899547069118801","1","0.9571189281513444","NO_BOND","0","0","0","1","0","0","786","0","0","0","0"
"BgheKvqFnT6qEyBtweMGGBRGtgqzb7DxAYn13uXqfoZW","5","0","2.0.19","0.9751564370192974","1","0.95","0.9","0.9251153894613704","0.9258064652774458","0.8990234197505745","1","0.9570638136758177","NO_BOND","0","0","0","1","0","0","787","0","0","0","0"
"xSGajeS6niLPNiHGJBuy3nzQVUfyEAQV1yydrg74u4v","5","0","2.0.19","0.9494736410528192","1","0.95","0.9","0.9741870446378578","0.9896419266535678","0.8899547069118801","1","0.9569524228197464","NO_BOND","0","0","0","1","0","0","788","0","0","0","0"
"13Yq17i7dGknpzHB4L77QB1AMcfAvkE1c3D1MKJnj8zT","5","0","2.0.19","0.8977768608017103","1","0.95","0.9","0.9982214995144065","0.9982214995144065","0.9987298437773418","1","0.9566924348612421","NO_BOND","0","0","0","1","0","0","789","0","0","0","0"
"9RXDftY5xyhtYyzk4z7U9ddvBF2Z8DMfXmV6P6du9dxS","0","0","2.0.16","0.9179796595516483","1","1","1","0.9741870446378578","0.9896419266535678","0.8899547069118801","1","0.9566746868516265","NO_BOND","0","0","0","1","0","0","790","0","0","0","0"
"F7WubP6g5CLmumKWyB4yUouyucxZbnJxFKJtxq3DiRhA","5","0","2.0.20","1","1","0.95","0","0.9944204589052517","0.9957290101647214","0.9991847012846553","1","0.9565321533368802","NO_BOND","0","0","0","1","0","0","791","0","0","0","0"
"7Uj2rdTRibv9Bu6ovCuBeJ8gyPPR22SEYD19kNEXf63w","5","0","2.0.20","1","1","0.95","0","0.9944204589052517","0.9957290101647214","0.9991847012846553","1","0.9565321533368802","NO_BOND","0","0","0","1","0","0","792","0","0","0","0"
"4FCCbZyS2Za1RpAk1uw3Ewa25B1BmuybipvUpBzR6RpB","5","0","2.0.20","1","1","0.95","0","0.9944204589052517","0.9957290101647214","0.9987838562186749","1","0.9564804313928829","NO_BOND","0","0","0","1","0","0","793","0","0","0","0"
"9SFU2TfJmGB2jq8NHc5Kiaph6BGje7MDJRu7joQ7ZqWV","5","0","2.0.19","0.9746377864759387","1","0.95","0.9","0.6756731455227554","0.9536987878467417","0.9958603066688011","1","0.9559977982587203","NO_BOND","0","0","0","1","0","0","794","0","0","0","0"
"8GERjfptn6PXXEPVmRbJQ3KwESf2wLbamFk71LGsQHcZ","5","0","2.0.19","0.974624513692208","1","0.95","0.9","0.6756731455227554","0.9536987878467417","0.9958603066688011","1","0.9559935167155812","NO_BOND","0","0","0","1","0","0","795","0","0","0","0"
"HdRcSKhqD4iG91qtsFpgATit1vZCcJQgbjnZoNdHmnC5","5","0","2.0.19","0.9600578165160661","1","0.95","0.9","0.6756731455227554","0.9977880029182914","0.9947251182393645","1","0.9554148044489842","NO_BOND","0","0","0","1","0","0","796","0","0","0","0"
"2ViVhbfV3uJb5xVBBBs4HZaoMK1M2WhHJB1sRDnp8R4o","5","0","2.0.19","0.9707846660305293","1","0.95","0.9","0.6756731455227554","0.9536987878467417","0.9958603066688011","1","0.9547548561795559","NO_BOND","0","0","0","1","0","0","797","0","0","0","0"
"53gnaHMxDzGTZ9A58S4jbc1qzhYT4X51thUD4MdSBiyo","5","0","2.0.19","0.966146409848889","1","0.95","0.9","0.6756731455227554","0.9641362692070283","0.9994787838653839","1","0.9547356236328073","NO_BOND","0","0","0","1","0","0","798","0","0","0","0"
"Eajfs6oXGGkvjYsxkQZZJcDCLLkUajaHizfgg2xTsqyd","0","0","2.0.18","1","1","1","0","0.9921072360285483","0.9934913899001508","0.9577441582972839","0.9625713382722941","0.9546518694029443","NO_BOND","0","0","0","1","0","0","799","0","0","0","0"
"6cvBCfFXugkTqgSFVPvzhoWaLbhHWvZfSsZadWP5rryR","5","0","2.0.19","1","1","0.95","0.9","0.6756731455227554","0.9842597944565771","0.8990234197505745","1","0.9546415920457272","NO_BOND","0","0","0","1","0","0","800","0","0","0","0"
"9yYzduhLTmv2C9unYhiEDxKvaTj6D2yeRXL8mFkmTfKc","5","0","2.0.19","1","1","0.95","0.9","0.6756731455227554","0.9842597944565771","0.8990234197505745","1","0.9546415920457272","NO_BOND","0","0","0","1","804.825021451","3.311413645","801","0","0","0","0"
"AumDzwu4mvm8TthHRcKjCGAWMBbEutMYE3tsPqArue7g","5","0","2.0.19","1","1","0.95","0.9","0.6756731455227554","0.9842597944565771","0.8990234197505745","1","0.9546415920457272","NO_BOND","0","0","0","1","0","0","802","0","0","0","0"
"EWQfCyftKLVbeJtJ4idbLDcDFSGaZ6bZHGS5vboUx3VR","5","0","2.0.19","1","1","0.95","0.9","0.6756731455227554","0.9842597944565771","0.8990234197505745","1","0.9546415920457272","NO_BOND","0","0","0","1","0","0","803","0","0","0","0"
"FwPkzFcLFGH7GCAELuHVxNMuUV21C4wTdai5BA7Ptz6c","5","0","2.0.19","1","1","0.95","0.9","0.6756731455227554","0.9842597944565771","0.8990234197505745","1","0.9546415920457272","NO_BOND","0","0","0","1","0","0","804","0","0","0","0"
"66ADRQzSCUySLWsrqaxTLzH29a37SX8xcuda5VJg4Mga","5","0","2.0.19","1","1","0.95","0.9","0.6756731455227554","0.9842597944565771","0.8990234197505745","1","0.9546415920457272","NO_BOND","0","0","0","1","0","0","805","0","0","0","0"
"2ueVedJz8CZm85wet8vxPGX2bD3VrhB9oXk46ym9rcDA","5","0","2.0.19","1","1","0.95","0.9","0.6756731455227554","0.9842597944565771","0.8990234197505745","1","0.9546415920457272","NO_BOND","0","0","0","1","0","0","806","0","0","0","0"
"9rCg3Nduf3YSPkvYWw421n8Ya8EUJ5KQQvkQaK7G3DkM","5","0","2.0.19","1","1","0.95","0.9","0.6756731455227554","0.9842597944565771","0.8990234197505745","1","0.9546415920457272","NO_BOND","0","0","0","1","0","0","807","0","0","0","0"
"FSwhPiYebzF5nNGvWbUUZ4SxGx7kw2QcA7A6xgYz1PZJ","5","0","2.0.19","1","1","0.95","0.9","0.6756731455227554","0.9842597944565771","0.8990234197505745","1","0.9546415920457272","NO_BOND","0","0","0","1","0","0","808","0","0","0","0"
"7kmTFq434qDsbuCbJgDsAtih8AurPfUk8u6kc5bJb5Zb","5","0","2.0.19","1","1","0.95","0.9","0.6756731455227554","0.9842597944565771","0.8990234197505745","1","0.9546415920457272","NO_BOND","0","0","0","1","0","0","809","0","0","0","0"
"57gGMmhTCxHtLevWHzDdrme3e4SC4UCXEq9oyfR4hDjE","5","0","2.0.19","1","1","0.95","0.9","0.6756731455227554","0.9842597944565771","0.8990234197505745","1","0.9546415920457272","NO_BOND","0","0","0","1","0","0","810","0","0","0","0"
"EjCgjDEG9Moendqzv8wkCmnJiuNMAkDioYFRQxGYU7gc","5","0","2.0.19","1","1","0.95","0.9","0.6756731455227554","0.9842597944565771","0.8990234197505745","1","0.9546415920457272","NO_BOND","0","0","0","1","0","0","811","0","0","0","0"
"66PSXQ5Z7mFqLZFEMYD657PJFGqwqqqLoFa1rkrp2S7G","5","0","2.0.19","1","1","0.95","0.9","0.6756731455227554","0.9842597944565771","0.8990234197505745","1","0.9546415920457272","NO_BOND","0","0","0","1","0","0","812","0","0","0","0"
"GDeQhGxQeHC65MWt7o27NdjichewGMm7iCHuZLvgGrsA","5","0","2.0.19","1","1","0.95","0.9","0.6756731455227554","0.9842597944565771","0.8990234197505745","1","0.9546415920457272","NO_BOND","0","0","0","1","0","0","813","0","0","0","0"
"1bB6Z9iaL1TM4VTo54B5w1FgCXFDbbtVkVJu4VbiNNc","5","0","2.0.19","1","1","0.95","0.9","0.6756731455227554","0.9842597944565771","0.8990234197505745","1","0.9546415920457272","NO_BOND","0","0","0","1","0","0","814","0","0","0","0"
"6cEvDrwXz3Lq6J5s6iFtg3hcuYoznPPV8g6JZ1mJ5aVf","5","0","2.0.19","1","1","0.95","0.9","0.6756731455227554","0.9842597944565771","0.8990234197505745","1","0.9546415920457272","NO_BOND","0","0","0","1","0","0","815","0","0","0","0"
"H4UcftxDC72MW4WYcXuyYmfSQMo9hDXpkGBxycBMVbEi","5","0","2.0.19","1","1","0.95","0.9","0.6756731455227554","0.9842597944565771","0.8990234197505745","1","0.9546415920457272","NO_BOND","0","0","0","1","0","0","816","0","0","0","0"
"3S5Pw4wiwvF3B5pXQVzraiFUF2iQUDnowZDTCXBmE33k","5","0","2.0.19","1","1","0.95","0.9","0.6756731455227554","0.9842597944565771","0.8990234197505745","1","0.9546415920457272","NO_BOND","0","0","0","1","0","0","817","0","0","0","0"
"8b9afBA43fSDH2GHMFWVgz64Bsi5k96MDkrjPx8esePg","5","0","2.0.19","1","1","0.95","0.9","0.6756731455227554","0.9842597944565771","0.8990234197505745","1","0.9546415920457272","NO_BOND","0","0","0","1","0","0","818","0","0","0","0"
"6thJCXmoS2EEgKxiub4ekWysjKWPDc5kAtuMgSui694H","5","0","2.0.19","1","1","0.95","0.9","0.6756731455227554","0.9842597944565771","0.8990234197505745","1","0.9546415920457272","NO_BOND","0","0","0","1","0","0","819","0","0","0","0"
"72Ag5dggfQFknHXABYnG172r2vtepa5ugiZDJCmKnx4X","5","0","2.0.19","1","1","0.95","0.9","0.6756731455227554","0.9842597944565771","0.8990234197505745","1","0.9546415920457272","NO_BOND","0","0","0","1","0","0","820","0","0","0","0"
"GGKZN9R2aGaW3rBA1HyzSUJESjNccpEfUQtQNZG2z9Dr","5","0","2.0.19","1","1","0.95","0.9","0.6756731455227554","0.9842597944565771","0.8990234197505745","1","0.9546415920457272","NO_BOND","0","0","0","1","0","0","821","0","0","0","0"
"bhWgxLuBivaKiUgywT7JXsNhMgF8C6Pjg3j7jFKs58E","5","0","2.0.19","1","1","0.95","0.9","0.6756731455227554","0.9842597944565771","0.8990234197505745","1","0.9546415920457272","NO_BOND","0","0","0","1","0","0","822","0","0","0","0"
"8UZnAPPeYMbxju37MDR3it9nTutGhK9F1hKDxZikygfN","5","0","2.0.19","1","1","0.95","0.9","0.6756731455227554","0.9842597944565771","0.8990234197505745","1","0.9546415920457272","NO_BOND","0","0","0","1","0","0","823","0","0","0","0"
"137Hw29uc3HsYkz1YtdG8AheS3a55UKiaAfBWSn28vxA","5","0","2.0.19","1","1","0.95","0.9","0.6756731455227554","0.9842597944565771","0.8990234197505745","1","0.9546415920457272","NO_BOND","0","0","0","1","0","0","824","0","0","0","0"
"BARLL1NvF3jPHQ3zb82q1v5m6uewcpkgRBYVNufQMWjo","5","0","2.0.17","1","1","0.95","0.92","0.770290516389543","0.7793746850774765","0.9983393221549312","1","0.9544601411816529","NO_BOND","0","0","0","1","1e-9","26.860664305","825","0","0","0","0"
"4yk87cJbcWooz3FSScp8aEWVgNium4HR9UbnDUJpvXp2","5","0","2.0.19","0.9583865473315227","1","0.95","0.9","0.6756731455227554","0.9916892361917717","0.9958603066688011","1","0.9544319580519762","NO_BOND","0","0","0","1","0","0","826","0","0","0","0"
"Chorus6Kis8tFHA7AowrPMcRJk3LbApHTYpgSNXzY5KE","8","0","2.0.18","1","1","0.92","0.5","0.9956601711806234","0.9956601711806234","0.9920367521575467","0.7568309520033749","0.9544173473722599","COMMISSION","0","0","0","1","1e-9","42.030250259","827","0","0","0","0"
"HjGn6RPn77LGaWGvzBHvsNAwNMkpBXo9AgfYToA5Ka2N","5","0","2.0.19","0.9711196308311825","1","0.95","0.9","0.6756731455227554","0.9988367445298785","0.9577441582972839","1","0.9543128860043907","NO_BOND","0","0","0","1","0","0","828","0","0","0","0"
"7PGx3h8ZYb8A2TXh8fvLDPg5dJ9dmxxfA1xoDQCd1m49","5","0","2.0.19","0.8977510129777273","1","0.95","0.9","0.978601504976187","0.9841794655832776","0.998486789693879","1","0.9540280224275804","NO_BOND","0","0","0","1","0","0","829","0","0","0","0"
"FKSXgi9YVuMwUzc4miWhFnJPMTbjJ53XMFgyoCZCo8c","5","0","2.0.19","0.9526054961680591","1","0.95","0.9","0.9452388484454748","0.9763758892609269","0.8899547069118801","0.9853761737516733","0.9538677903711351","NO_BOND","0","0","0","1","0","0","830","0","0","0","0"
"3bMPt6XEAR7saJYd8H8QpomKkTedLawU678pHvmjHg3Z","5","0","2.0.19","0.8959309099630156","1","0.95","0.9","0.978601504976187","0.9841794655832776","0.998486789693879","1","0.9534408924228349","NO_BOND","0","0","0","1","0","0","831","0","0","0","0"
"137MRxQWHC47fFiT1F6vDsTBzEuZJb9SwTt2rm3nHLYM","5","0","2.0.15","0.9583440960247774","1","0.95","0.9","0.6756731455227554","0.9930302624857659","0.9872221309054545","1","0.9534334374958839","NO_BOND","0","0","0","1","0","0","832","0","0","0","0"
"taiVRnba6XSryVXnDGvUTm2xJNuFiZV5VijE3442SZ8","5","0","2.0.19","0.8951405918789289","1","0.95","0.9009999999999999","0.978601504976187","0.9841794655832776","0.998486789693879","1","0.9532222930408714","NO_BOND","0","0","0","1","0","0","833","0","0","0","0"
"DierScgiTrz5AM7mddeJLHYNvafym3XhjjdM51AnKevU","5","0","2.0.19","0.9415896568102202","1","0.95","0.95","0.9452388484454748","0.9763758892609269","0.8899547069118801","1","0.9530748632394661","NO_BOND","0","0","0","1","0","0","834","0","0","0","0"
"4DBehwe4U1gHaE575LZVnjN1MfyPSyWjidadRJoQcyAR","5","0","2.0.19","0.9949902515286674","1","0.95","0.9","0.6756731455227554","0.9842597944565771","0.8990234197505745","1","0.9530255441517489","NO_BOND","0","0","0","1","0","0","835","0","0","0","0"
"BKccvpa2f5McCLjE91pSGzEY6Ac5sWm1jmHy5QmZ1vTm","5","0","2.0.19","1","1","0.95","0.9","0.770290516389543","0.7793746850774765","0.9907958424202312","1","0.9527599502481434","NO_BOND","0","0","0","1","0","0","836","0","0","0","0"
"EujFnyMz71DXdN93GeSCDU7pFiy1vrFG7cAbtfAhFeSe","5","0","2.0.19","1","1","0.95","0.9","0.770290516389543","0.7793746850774765","0.9907958424202312","1","0.9527599502481434","NO_BOND","0","0","0","1","0","0","837","0","0","0","0"
"8GN7k7hoSXtuZ9iGwNcQbEDHBiyf8AhFKCSAi2me1pTe","5","0","2.0.19","1","1","0.95","0.9","0.770290516389543","0.7793746850774765","0.9907958424202312","1","0.9527599502481434","NO_BOND","0","0","0","1","0","0","838","0","0","0","0"
"CQr9DJLMeYqmXcfG8Z8cgSFw7ntXvVUamBM3dMVzWiJz","5","0","2.0.19","1","1","0.95","0.9","0.770290516389543","0.7793746850774765","0.9907958424202312","1","0.9527599502481434","NO_BOND","0","0","0","1","0","0","839","0","0","0","0"
"1M5USfamd1N4i1z6UZeECrWeu2VfrxjYMBSXThu6TqB","5","0","2.0.19","1","1","0.95","0.9","0.770290516389543","0.7793746850774765","0.9907958424202312","1","0.9527599502481434","NO_BOND","0","0","0","1","0","0","840","0","0","0","0"
"6wLyyZDBRy88MhyfNK1qjqWjihfdcZWksSHiYecZ3ArH","5","0","2.0.19","1","1","0.95","0.9","0.770290516389543","0.7793746850774765","0.9907958424202312","1","0.9527599502481434","NO_BOND","0","0","0","1","0","0","841","0","0","0","0"
"AAfutJ61CwSB4Y1t5iBPVRRaq33nCDEot4WxbdQ6Bahn","5","0","2.0.19","0.9700379300784662","1","0.95","0.9","0.9827135933740389","0.9827135933740389","0.8035455061174237","1","0.9523161061975661","NO_BOND","0","0","0","1","0","0","842","0","0","0","0"
"5rLhUQWKogfKixoUr3XxrMDJEx8FPWBnXCdVgH7YEFGT","0","0","2.0.15","0.8602434514311595","1","1","0.95","0.9944204589052517","0.9957290101647214","0.9987838562186749","1","0.9521699318545472","NO_BOND","0","0","0","1","0","0","843","0","0","0","0"
"FiijvR2ibXEHaFqB127CxrL3vSj19K2Kx1jf2RbK4BWS","10","0","2.0.16","0.9708026536505252","1","0.9","0.8","0.9741870446378578","0.9987643701492915","0.8899547069118801","0.9571547007976147","0.9520697408216642","COMMISSION,NO_BOND","0","0","0","1","0","0","844","0","0","0","0"
"7yGMaEA2HBLKJzLwXEMGg2fJBffZwMhVT4oQgqhJUP5N","5","0","2.0.19","0.9624260480982283","1","0.95","0.9","0.6756731455227554","0.9536987878467417","0.9958603066688011","1","0.9520585278142975","NO_BOND","0","0","0","1","0","0","845","0","0","0","0"
"A5dLWA1kcZZSEjrphF814Da7PW98gz72eG9EPTR4wuqb","5","0","2.0.19","0.9131183588073968","1","0.95","0.9","0.9402435887823499","0.9479844201336193","0.9907958424202312","1","0.95201539986195","NO_BOND","0","0","0","1","0","0","846","0","0","0","0"
"5vZqGaxGdjhrAVqScWxLiy67ze2PqgMzyNVJcagMvPaQ","5","0","2.0.19","0.9491144111449975","1","0.95","0.9","0.6756731455227554","0.9981173405726453","0.9947251182393645","1","0.9519165450700285","NO_BOND","0","0","0","1","0","0","847","0","0","0","0"
"CsfWHXyL85Ur2vsfJcxg8advGyfFa6FbCWMX22qbsqmk","5","0","2.0.19","0.9136590941343566","1","0.95","0.9","0.8404679119581911","0.9996045596000063","0.9996045596000063","1","0.9518847962083868","NO_BOND","0","0","0","1","0","0","848","0","0","0","0"
"AbacusTT3yhEFEKkQKjGStDhKDnvSFGpg9EqBwz8FnDF","5","0","2.0.19","0.904465709300647","1","0.95","0.9","0.9741870446378578","0.9961269683050649","0.9577441582972839","1","0.9518083458189198","NO_BOND","0","0","0","1","0","0","849","0","0","0","0"
"9jJNuZE4EHTrz8xiTzmDGjJnCn5dGmruCyUwG1vgdHZR","5","0","2.0.19","0.9530490816632105","1","0.95","0.9","0.6756731455227554","0.9930302624857659","0.9872221309054545","1","0.9517253683469914","NO_BOND","0","0","0","1","0","0","850","0","0","0","0"
"5zDuZ9QYyREv5yWJpKJ9x96R5HPEmBMMcMV8VhP1zmUb","5","0","2.0.19","1","1","0.95","0","0.9970374894787379","0.998983097618835","0.9577441582972839","1","0.9516687388710682","NO_BOND","0","0","0","1","0.1","1480.463775816","851","0","0","0","0"
"ERXQNpsCnxHWhiTjFTKuRYRJs13hHqSKJdx5aDGe8Ww3","5","0","2.0.19","0.955663301866732","1","0.95","0.9","0.6756731455227554","0.9641362692070283","0.9994787838653839","1","0.9513539758966275","NO_BOND","0","0","0","1","0","0","852","0","0","0","0"
"F1emDGY23U6YpJj4H4af2CHcHUmiDGgAWs2xvWYZHWdR","5","0","2.0.19","0.9516076998985594","1","0.95","0.9","0.6756731455227554","0.9930302624857659","0.9872221309054545","1","0.9512604064874267","NO_BOND","0","0","0","1","0.00002831","3.570008258","853","0","0","0","0"
"51JBzSTU5rAM8gLAVQKgp4WoZerQcSqWC7BitBzgUNAm","10","0","2.0.19","1","1","0.9","0.9","0.9705964568678712","0.9705964568678712","0.984775962540646","0.5848362202772925","0.9503793088727913","COMMISSION,NO_BOND","0","0","0","1","0","0","854","0","0","0","0"
"HSjWikZVP8JmNUa1VqZuQuhQzkK4WrBmiJn1VVEtvuZQ","5","0","2.0.19","0.9923650841386127","1","0.95","0.9","0.770290516389543","0.7793746850774765","0.9907958424202312","1","0.9502970741638249","NO_BOND","0","0","0","1","0","0","855","0","0","0","0"
"ASifxiwxht8FvsiV3VcLngsCBMw4E6zw3QMWoJTbM4Uf","10","0","2.1.7","1","1","0.9","0","0.9984428099996653","0.9984441262218839","0.9938552747519105","1","0.950119325731375","COMMISSION,NO_BOND","0","0","0","1","0","0","856","0","0","0","0"
"ChaosDKeBjU22B4nnvYWXyTRPuWTzJBR4m3QPfBw6Tta","0","0","2.0.19","0.9579565860833477","1","1","0.95","0.6756731455227554","0.9842597944565771","0.8990234197505745","1","0.9491437165887425","NO_BOND","0","0","0","1","0","0","857","0","0","0","0"
"HaeG4tNyKCisPARZPzGnZqKLtwzFpMm8UWffLW9DhBSC","5","0","2.0.19","0.9560279048851317","1","0.95","0.9","0.8404679119581911","0.8857472340497605","0.9577441582972839","1","0.9491323615518102","NO_BOND","0","0","0","1","0","0","858","0","0","0","0"
"33jhUy4KkZ3AxRfqLshb4u6u6pA1MC6yoNHrKWNeRxbg","5","0","2.0.19","0.9563482979818306","1","0.95","0.9","0.6756731455227554","0.9936599168777814","0.9577441582972839","1","0.9490469566027838","NO_BOND","0","0","0","1","0","0","859","0","0","0","0"
"YWKwnuovuAw4X3VDPJDPo5DPZ4TmdxsXzLArbvqu3Ph","5","0","2.0.19","0.8812372304326265","1","0.95","0.9","0.989688851699361","0.9907800562608367","0.9906466236217257","1","0.9490434409998194","NO_BOND","0","0","0","1","0","0","860","0","0","0","0"
"F2aGhv2o1j6zzBPrfdiXuSSek17nPwXqHqwKMdW8Rfxc","5","0","2.0.19","0.9517621430447767","1","0.95","0.9","0.6756731455227554","0.9536987878467417","0.9958603066688011","1","0.9486185584422164","NO_BOND","0","0","0","1","0","0","861","0","0","0","0"
"2Z3wkL3hKB9ERwcPCDXLok7ZY5SKWC6m2ExhmDRRuCEv","5","0","2.0.19","0.9579566867453405","1","0.95","0.9","0.9827135933740389","0.9827135933740389","0.8035455061174237","1","0.948418930928816","NO_BOND","0","0","0","1","0","0","862","0","0","0","0"
"9ZPYFXWnVTjzDUMMJNKzfqCNJaC1SEyRSHtSytAd5meS","5","0","2.0.19","0.9380705402033961","1","0.95","0.9","0.6756731455227554","0.9977880029182914","0.9947251182393645","1","0.9483221346707035","NO_BOND","0","0","0","1","0","0","863","0","0","0","0"
"edu1fZt5i82cFm6ujUoyXLMdujWxZyWYC8fkydWHRNT","5","0","2.0.16","0.9464630960399513","1","0.95","0.92","0.9741870446378578","0.9966944858885509","0.8899547069118801","0.8536905343858208","0.9479513033470982","NO_BOND","0","0","0","1","0","0","864","0","0","0","0"
"46Acpa1Md9k2Nxkr7Xp7eDRbzNt4AGXPGyzZ4fnJ7z8y","5","0","2.0.19","0.9495128680066975","1","0.95","0.9","0.6756731455227554","0.9536987878467417","0.9958603066688011","1","0.9478929858492876","NO_BOND","0","0","0","1","0","0","865","0","0","0","0"
"GbRQmLLZFwc6Y2T6LWeKAj4jYRUA216kp2qrVrpT9avM","5","0","2.0.19","0.9363140916420605","1","0.95","0.9","0.6756731455227554","0.9977880029182914","0.9947251182393645","1","0.9477555383605952","NO_BOND","0","0","0","1","0","0","866","0","0","0","0"
"Hm2uPQbdNCRjiwSJnA9edrMVC2PBUPa6qBWfC12RHx1B","5","0","2.0.19","0.9489505355508628","1","0.95","0.9","0.6756731455227554","0.9536987878467417","0.9958603066688011","1","0.9477115882828893","NO_BOND","0","0","0","1","0","0","867","0","0","0","0"
"FSZ4GBucapayiQC8w1VNpKDmzM6NZDBSZmEFZsgMteRr","5","0","2.0.19","0.9417026233205128","1","0.95","0.9","0.8404679119581911","0.8857472340497605","0.9816713170434049","1","0.9475986783046585","NO_BOND","0","0","0","1","0","0","868","0","0","0","0"
"6CscV2sTXdurJKwuJ6RZnPKca6pNhqAhN57ygKga2T7G","10","0","2.2.0","1","1","0.9","0","0.9827135933740389","0.9827135933740389","0.9938552747519105","1","0.9475822279315432","COMMISSION,NO_BOND","0","0","0","1","0","0","869","0","0","0","0"
"HSV5EHECVyJhDFV1uApzXbU7uK17Z1FXcvtJvHyi2jXC","5","0","2.0.19","0.977805991764771","1","0.95","0","0.978601504976187","0.9841794655832776","0.9982899090292938","1","0.9471190632408738","NO_BOND","0","0","0","1","0","0","870","0","0","0","0"
"J1iPFXVJrvx4DuGvgUJeBicnvxTkroisx2Lbeo2Q4aA2","5","0","2.0.19","0.9794511979572673","1","0.95","0.9","0.770290516389543","0.7793746850774765","0.9983271443994975","1","0.9471030853284576","NO_BOND","0","0","0","1","0","0","871","0","0","0","0"
"mNyQrNRYAuL2CwNCGmCsmwj9EcG88Sf8hs5rCirZaUr","0","0","2.0.19","1","1","1","0.93","0.770290516389543","0.7793746850774765","0.8990234197505745","0.9788279529398223","0.9468900862223697","NO_BOND","0","0","0","1","0","0","872","0","0","0","0"
"7rFAeD5UT4fy8cQCnY8Y5F8GW1Wgw345Nxb7diXu5cjG","5","0","2.0.19","0.9365324964182256","1","0.95","0.9","0.6756731455227554","0.9962928467327955","0.9872221309054545","1","0.9467131715821927","NO_BOND","0","0","0","1","0","0","873","0","0","0","0"
"Mxv1Ubm71XoUvxrN3qjN8ii6Bh5b43NuuKywsWx6ox2","0","0","2.0.19","1","1","1","0.9","0.6756731455227554","0.9641362692070283","0.8035455061174237","1","0.9466218426818158","NO_BOND","0","0","0","1","0","0","874","0","0","0","0"
"6K5veuKeVeXXnJQVm9NPytNX3ZAbUoGWePyC83ymRUCh","5","0","2.0.19","0.9327047848507221","1","0.95","0.9","0.6756731455227554","0.9977880029182914","0.9947251182393645","1","0.9465912458472602","NO_BOND","0","0","0","1","0","0","875","0","0","0","0"
"jVYhgtviF8DjxGQp3JYS6YZXoXA2LontoxK9cqQmjq3","5","0","2.0.19","0.9370195441687452","1","0.95","0.9","0.6756731455227554","0.9930302624857659","0.9872221309054545","1","0.9465545498003897","NO_BOND","0","0","0","1","0","0","876","0","0","0","0"
"9Q1cWVFNc4UgU7dyFy29mUyeDnNZWSDaJKYVAR5jLpaK","0","0","2.0.19","1","1","0.97","0.9","0.8664877804935314","0.8740145471054379","0.8035455061174237","1","0.9464625557023573","NO_BOND","0","0","0","1","0","0","877","0","0","0","0"
"9BSZriSFS8Yb835exZwTLN19Dqy9B43yvuMAAdL3nBvz","10","0","2.2.0","1","1","0.9","0","0.9452388484454748","0.9960499464099887","0.9938552747519105","1","0.9464551172622115","COMMISSION,NO_BOND","0","0","0","1","0","0","878","0","0","0","0"
"BRrgfW2AKKYYEGVU6j1mbnoQajHTRuUgXCAPPzFgcF9q","10","0","2.2.0","1","1","0.9","0","0.9452388484454748","0.9960499464099887","0.9938552747519105","1","0.9464551172622115","COMMISSION,NO_BOND","0","0","0","1","0","0","879","0","0","0","0"
"8F1yhZvTwrFq5SqJ5PH2VLRRwULUGYHju84FjMtDbJPJ","5","0","2.0.18","0.9445641092268734","1","0.95","0.9","0.6756731455227554","0.9988367445298785","0.9577441582972839","0.996275954034517","0.9455063276826466","NO_BOND","0","0","0","1","0","0","880","0","0","0","0"
"C9pfCHG1zx5fTtmbsFwLG6yFoztyUVXoCmirUcCe2dt7","5","0","2.0.19","0.9375301154763228","1","0.95","0.9","0.6756731455227554","0.9881122335093074","0.9814884080332837","1","0.9455034767248323","BLACKLIST,NO_BOND","1","0","0","1","0","0","881","0","0","0","0"
"2PpHNHPLseBb4doTu1ajTwAxCrjmu7ubReDHKPrjxi9F","5","0","2.0.19","0.8605305518054978","1","0.95","0.92","0.9944743963228857","0.9998905096083229","0.9998905096083229","1","0.9454738670309359","NO_BOND","0","0","0","1","0","0","882","0","0","0","0"
"DriFTm3wM9ugxhCA1K3wVQMSdC4Dv4LNmyZMmZiuHRpp","0","0","2.0.19","1","1","1","1","0.8664877804935314","0.8740145471054379","0.8035455061174237","0.8674144471708871","0.9452912942295113","NO_BOND","0","0","0","1","0","1.821713394","883","0","0","0","0"
"EJEsgjKdxKPe5mRaepH6bT8Q8xfSo7Lr9G7iEi6AgZMR","5","0","2.0.19","0.9413409132711671","1","0.95","0.9","0.6756731455227554","0.9536987878467417","0.9958603066688011","1","0.9452568714184714","NO_BOND","0","0","0","1","0","0","884","0","0","0","0"
"CtiiCQbRh13cqorWaEimroRznTL2qTytNhzYz53BCnbq","5","0","2.0.19","0.9167980455123993","1","0.95","0.9","0.9452388484454748","0.9960499464099887","0.8899547069118801","1","0.9451644135126592","NO_BOND","0","0","0","1","0","0","885","0","0","0","0"
"5WF1VwByGfW31Nmk1xcfz9k5YyZLskX4659JXyAA3rpb","5","0","2.0.19","0.9279696055418226","1","0.95","0.9","0.6756731455227554","0.9936599168777814","0.9971238386632094","1","0.9449737887661266","NO_BOND","0","0","0","1","0","0","886","0","0","0","0"
"8WVqaMTGPKsVSFBBPgm1vHRvSzTZYhJStQhUva1jtg78","5","0","2.0.19","0.9270007534635928","1","0.95","0.9","0.6756731455227554","0.9998337938025168","0.9947251182393645","1","0.9449492154853695","NO_BOND","0","0","0","1","0.18243573999999999","3249.799130678","887","0","0","0","0"
"FWwnxVb7Q59MoMraDN2k8gqkdJJVd2qu9o5iiQsxpoUp","10","0","2.1.7","0.9836683360779758","1","0.9","0","0.9984428099996653","0.9984441262218839","0.9938552747519105","1","0.9448510470468509","COMMISSION,NO_BOND","0","0","0","1","0","0","888","0","0","0","0"
"5HVnkucygxhRqnVqch1vEoH36CEpb9TRJAQHW1gKwuzD","5","0","2.0.19","0.9722975825946698","1","0.95","0.9","0.770290516389543","0.7793746850774765","0.9983271443994975","1","0.944795467469555","NO_BOND","0","0","0","1","0","0","889","0","0","0","0"
"HCvnhbT3Sn5RsueDisWzzn5FkW8tAqoQK1dr7cvAVzin","7","0","2.0.19","0.9359242232238778","1","0.93","0.93","0.8664877804935314","0.9994106557652822","0.8899547069118801","0.9924584684190715","0.9446834040324953","NO_BOND","0","0","0","1","0","0","890","0","0","0","0"
"D4A3ZYhd3zH6h8QKykreea7x3ajvuwnw1yZD3nRrjiHC","5","0","2.0.19","0.936291056499235","1","0.95","0.9","0.6756731455227554","0.9641362692070283","0.9958603066688011","1","0.9446379642043274","NO_BOND","0","0","0","1","0","0","891","0","0","0","0"
"DU7Xi2JhP5UFUZaLgPkne2VkQueJdts7YosdHyYcJ7bE","5","0","2.0.20","0.9622190235830514","1","0.95","0","0.9944204589052517","0.9957290101647214","0.9991847012846553","1","0.9443447415894776","NO_BOND","0","0","0","1","0","0","892","0","0","0","0"
"F9yuGStLA8Mq67nQKGwp9SRG4JzQNU5U4zFPmgbS1YS","5","0","2.0.19","0.9254639513121311","1","0.95","0.9","0.6756731455227554","0.9981173405726453","0.9947251182393645","1","0.9442873644787814","NO_BOND","0","0","0","1","0","0","893","0","0","0","0"
"88GrXE71Kn7oxrptCy8bgmQHBwVhxXz9EGwZ981N3j2Z","5","0","2.0.20","0.9620229087415219","1","0.95","0","0.9944204589052517","0.9957290101647214","0.9991847012846553","1","0.9442814787373711","NO_BOND","0","0","0","1","0","0","894","0","0","0","0"
"hxVjzDmta9TuN1gM981TRKnfwG2uZ9TQDGwSCs3uDow","0","0","2.0.19","1","1","0.95","0.9","0.8664877804935314","0.8740145471054379","0.8035455061174237","1","0.9439635879604217","NO_BOND","0","0","0","1","0","0","895","0","0","0","0"
"eyeVhGmVEoPSWmQU2wP5WZmMihPBTCk7kMMm4VhuAKS","5","0","2.0.19","1","1","0.95","0.9","0.8664877804935314","0.8740145471054379","0.8035455061174237","1","0.9439635879604217","NO_BOND","0","0","0","1","0","0","896","0","0","0","0"
"chdv8H9fPfk2zFqSVaxRjsEo2qEDmswbju3BVgAHPNb","0","0","2.0.19","1","1","0.95","0.9","0.8664877804935314","0.8740145471054379","0.8035455061174237","1","0.9439635879604217","NO_BOND","0","0","0","1","0","0","897","0","0","0","0"
"hnhxfrndd827LET6jvnQV4aWqpS2EedaHcT4gj8ArSu","0","0","2.0.19","1","1","0.95","0.9","0.8664877804935314","0.8740145471054379","0.8035455061174237","1","0.9439635879604217","NO_BOND","0","0","0","1","0","0","898","0","0","0","0"
"6MP6Bun9VmkGcRVU4iF14Q8P7jTkGtQW9zVwmB9kCYyK","0","0","2.0.19","1","1","0.95","0.9","0.8664877804935314","0.8740145471054379","0.8035455061174237","1","0.9439635879604217","NO_BOND","0","0","0","1","0","0","899","0","0","0","0"
"8gGA1SZZ4ASou3mHm61T6vM4jskkjYzXFmbCLwtU3x3j","5","0","2.0.19","0.9239072398693002","1","0.95","0.9","0.6756731455227554","0.9981173405726453","0.9947251182393645","1","0.9437851994972231","NO_BOND","0","0","0","1","0","0","900","0","0","0","0"
"G7vraB2xC1yMLp7X451Wof4DyEqsWzSXXtTKdRJb91k6","5","0","2.0.19","0.9377372446057892","1","0.95","0.9","0.6756731455227554","0.9618615531937618","0.9872221309054545","1","0.943769739364726","BLACKLIST,NO_BOND","1","0","0","1","0","0","901","0","0","0","0"
"ECJMTMCroXLtAqUnSbrCH85ARP9zg2vYooM3fwAMfMSM","5","0","2.0.19","0.9852508333826534","1","0.95","0.9","0.770290516389543","0.7793746850774765","0.9577441582972839","1","0.9437374211299093","NO_BOND","0","0","0","1","0","0","902","0","0","0","0"
"F5b1wSUtpaYDnpjLQonCZC7iyFvizLcNqTactZbwSEXK","0","0","2.0.19","1","1","1","1","0.8404679119581911","0.968035363249348","0.8899547069118801","0.5554380627696516","0.9437334473177822","NO_BOND","0","0","0","1","7.85e-7","0","903","0","0","0","0"
"dedxrPfNqPKBRmUyP9LDkaitpQzU6PD44jA6GP9Ndhk","5","0","2.0.19","1","1","0.95","0.9","0.6756731455227554","0.9986806568199482","0.8035455061174237","1","0.9437174285798405","NO_BOND","0","0","0","1","0","0","904","0","0","0","0"
"mStRhdPx1gCC8aTteWrEzqxLyjsn7nqh2LqsCZ2Bihr","5","0","2.0.19","0.8639804915434679","1","0.95","0.9","0.989688851699361","0.9907800562608367","0.9906466236217257","1","0.9434767510355747","NO_BOND","0","0","0","1","0","0","905","0","0","0","0"
"GeYn4XjKycYJ6NqTFb94sYowMrtmKfHBcorE6SGAomQN","5","0","2.0.19","1","1","0.95","0.9","0.8404679119581911","0.8857472340497605","0.8035455061174237","1","0.9434203080817859","NO_BOND","0","0","0","1","0","0","906","0","0","0","0"
"2yruMEFWuAJ9C2jv5JyjAfgTZVGhCmv5945TUwdP17kk","5","0","2.0.19","0.9222758584248846","1","0.95","0.9","0.6756731455227554","0.9981173405726453","0.9947251182393645","1","0.9432589474183791","NO_BOND","0","0","0","1","0","0","907","0","0","0","0"
"5zjXNe2uvviFsxqEqAWKKZ9EhcwegCDjrjxQ9GEW4NyU","5","0","2.0.19","0.9345177819559741","1","0.95","0.92","0.6756731455227554","0.9988367445298785","0.9577441582972839","1","0.943232676689807","NO_BOND","0","0","0","1","0","0","908","0","0","0","0"
"rapxbkwBSSvtqRFrsY83f51oUuZNuVXci74MuzYhiCy","5","0","2.0.19","1","1","0.95","0.9","0.6756731455227554","0.9916892361917717","0.8035455061174237","1","0.9430408394867911","NO_BOND","0","0","0","1","0","0","909","0","0","0","0"
"GiAsNLcrHMMwmd5H9RqAxKgbwoiBVw43Yb5b9eL2uhWh","5","0","2.0.19","0.9014057676218709","1","0.95","0.9","0.9921072360285483","0.9934913899001508","0.8899547069118801","1","0.9429753272781866","NO_BOND","0","0","0","1","0","0","910","0","0","0","0"
"7YsusVeBfTtWx9MrU9DMjTEji69sibXhkVaFjZ4uC1E4","5","0","2.0.19","1","1","0.95","0","0.770290516389543","0.9999368709184144","0.9998682692528124","1","0.9425675716950187","NO_BOND","0","0","0","1","0","0","911","0","0","0","0"
"6X8ZbfHrRgmLuPBRAsxDMjUv49yAt9T4M9W8WxXU7cQf","0","0","2.0.19","0.9541933340967553","1","1","0","0.9921072360285483","0.9934913899001508","0.9577441582972839","1","0.9422902779327174","NO_BOND","0","0","0","1","0","0","912","0","0","0","0"
"9NZ18GkTnXZug6eXAzpBsmyCsYfAJ7mL9bgUfSJDSAKr","5","0","2.0.19","0.9038963912606742","1","0.95","0.9","0.9741870446378578","0.9896419266535678","0.8899547069118801","1","0.9422500841771189","NO_BOND","0","0","0","1","0","0","913","0","0","0","0"
"CSWfwhactcdyK2YcRmk3Hx1AZzNKDFnCecwiYsJDkuSm","5","0","2.0.19","1","1","0.95","0.95","0.6756731455227554","0.9641362692070283","0.8035455061174237","1","0.9421915201011707","NO_BOND","0","0","0","1","0","0","914","0","0","0","0"
"Pond1QyT1sQtiru3fi9G5LGaLRGeUpJKR1a2gdbq2u4","0","0","2.0.14","1","1","1","1","0.8664877804935314","0.8740145471054379","0.8035455061174237","0.8128747621396359","0.9417726048726563","NO_BOND","0","0","0","1","0","0","915","0","0","0","0"
"7VKJjStSELiuK9PRQzQmQCGgy627sGSRSJhCVobMLVqL","5","0","2.0.19","0.9170320994415414","1","0.95","0.9","0.6756731455227554","0.9977880029182914","0.9947251182393645","1","0.9415355408765568","NO_BOND","0","0","0","1","0","0","916","0","0","0","0"
"4YykTGwg94GgHZEPSsQfbaMaEE9HHAHqSuXT65L6C6wf","0","0","2.0.19","1","1","1","0","0.8404679119581911","0.8857472340497605","0.9898481742117521","1","0.9409990394487958","NO_BOND","0","0","0","1","0","0","917","0","0","0","0"
"votrmVhKBfy2taHK5RYXb8XF8zfgU8jK3VTi77KL8Bz","0","0","2.0.18","0.9617031820087294","1","1","1","0.8404679119581911","0.8857472340497605","0.8035455061174237","1","0.9409481087297631","NO_BOND","0","0","0","1","0","0","918","0","0","0","0"
"7cUkUBJKGHEH8dT6FrJG7TfifE7ZUjhu65NakpAUZuP2","5","0","2.0.19","1","1","0.95","0.9","0.770290516389543","0.7793746850774765","0.8990234197505745","1","0.9409183473230264","NO_BOND","0","0","0","1","0","0","919","0","0","0","0"
"97DsFuV8H6RiFXSXds1k4RscrLPbbDnxG2CW7wDwqrZn","5","0","2.0.19","1","1","0.95","0.9","0.770290516389543","0.7793746850774765","0.8990234197505745","1","0.9409183473230264","NO_BOND","0","0","0","1","0","0","920","0","0","0","0"
"8AKJkPw4d2XXXy1fjQPvty9ModNrNaqdJJb9ifi7iXAX","5","0","2.0.19","1","1","0.95","0.9","0.770290516389543","0.7793746850774765","0.8990234197505745","1","0.9409183473230264","NO_BOND","0","0","0","1","0","0","921","0","0","0","0"
"9EW9kJVj4GYqXmFcN7XzfxuUEfrB5HLm5jsBNscdBBXb","5","0","2.0.19","0.9096046826931908","1","0.95","0.9","0.9452388484454748","0.9753564047824665","0.8899547069118801","1","0.9408413730908962","NO_BOND","0","0","0","1","0","0","922","0","0","0","0"
"CwSZ17woioM2bqEbaswZJYvx5pemN6t3shBcU6zqPHyG","5","0","2.0.19","1","1","0.95","0.9","0.6756731455227554","0.9618615531937618","0.8035455061174237","1","0.9401542895192416","NO_BOND","0","0","0","1","0","3.841140869","923","0","0","0","0"
"wetwJSUHT5afX3gP49q75gkz8FcCfvsw2kuSQ1UjT9R","5","0","2.0.19","1","1","0.95","0.9","0.6756731455227554","0.9618615531937618","0.8035455061174237","1","0.9401542895192416","NO_BOND","0","0","0","1","0","0","924","0","0","0","0"
"GC8W2uHZ9UyrmgoDGsuFt322L18cRhsbKxWiZ579aLM6","5","0","2.0.19","0.8939320425876698","1","0.95","0.9","0.9741870446378578","0.9996808221475476","0.8899547069118801","1","0.9400072841691155","NO_BOND","0","0","0","1","0","0","925","0","0","0","0"
"DyDjFYB6i51FMHQvB4eKSwGHmgMxVf1i3FWwANAngqyY","5","0","2.0.19","0.9149094562372553","1","0.95","0.9","0.6756731455227554","0.9930302624857659","0.9872221309054545","1","0.9394222633708769","NO_BOND","0","0","0","1","0","0","926","0","0","0","0"
"5EYp3kCdMLq52vzZ4ucsVyYaaxQe5MKTquxahjXpcShS","2","0","2.0.18","1","1","0.98","0.92","0.9402435887823499","0.9479844201336193","0.6480102150716736","0.9865407119928762","0.9394182813625164","NO_BOND","0","0","0","1","0","0","927","0","0","0","0"
"Cqg1VwU4pdC8zAYMZZUViJuy1v1G8vxdYeUW3UNCqpfV","5","0","2.0.19","0.910224548284392","1","0.95","0.9","0.6756731455227554","0.999264601014267","0.9938552747519105","1","0.9393702153528992","NO_BOND","0","0","0","1","0","0","928","0","0","0","0"
"Love31JHTTweTzCu3BjyjhXJadjRrd57hiNZn7M1fLj","5","0","2.0.19","1","1","0.95","0.9","0.6756731455227554","0.9536987878467417","0.8035455061174237","1","0.9393643444856592","NO_BOND","0","0","0","1","0","0","929","0","0","0","0"
"nateBZg7oHVPLB2samBLkKvfzedU3ALZBexMFPMKjn1","5","0","2.0.19","1","1","0.95","0.9","0.6756731455227554","0.9536987878467417","0.8035455061174237","1","0.9393643444856592","NO_BOND","0","0","0","1","0","0","930","0","0","0","0"
"G1EAMrJcvzs5SwqAQRgDTjYBEGrxxJVwNS7qiUtB3akg","5","0","2.0.19","1","1","0.95","0.9","0.6756731455227554","0.9536987878467417","0.8035455061174237","1","0.9393643444856592","NO_BOND","0","0","0","1","0","0","931","0","0","0","0"
"jKDESr1NRt5frYqhBfBZdEJezXfuWifjfTaTWRZFvW3","5","0","2.0.19","0.9281609606949563","1","0.95","0.9","0.9827135933740389","0.9827135933740389","0.8035455061174237","1","0.938807406396434","NO_BOND","0","0","0","1","0","0","932","0","0","0","0"
"8tjRQLzor4dP4qd1e7pVDdQmsdwdVv4kSeCVEHwWEiQW","3","0","2.0.19","1","1","0.97","0.92","0.8664877804935314","0.8740145471054379","0.8035455061174237","0.8679212483126018","0.9386681846257509","NO_BOND","0","0","0","1","0","0","933","0","0","0","0"
"DQ7D6ZRtKbBSxCcAunEkoTzQhCBKLPdzTjPRRnM6wo1f","7","0","2.0.15","1","1","0.93","1","0.6756731455227554","0.9618615531937618","0.9577441582972839","0.6504493444227049","0.9386344604084302","NO_BOND","0","0","0","1","0","0","934","0","0","0","0"
"ABs7XJAwHJpmBfC2y677bH5jzNtt5cAxXc14Q5bWgQRd","5","0","2.0.19","0.9214299314874308","1","0.95","0.9","0.8664877804935314","0.8740145471054379","0.9577441582972839","1","0.9385150048505426","NO_BOND","0","0","0","1","0","0","935","0","0","0","0"
"C9t4MQD7GGidZvdy9AV8Nwmnoou1jZEa7ZsEZnw5BncX","5","0","2.0.19","0.9105427449579088","1","0.95","0.9","0.6756731455227554","0.9962928467327955","0.9872221309054545","1","0.9383293807885421","NO_BOND","0","0","0","1","0","0","936","0","0","0","0"
"3z4NrwnS72RkSmnZ89MNr3GMxga1WWjjW7qGArg8wCng","5","0","2.0.19","0.9822028224409616","1","0.95","0.9","0.8664877804935314","0.8740145471054379","0.8035455061174237","1","0.9382225629413772","NO_BOND","0","0","0","1","0","0","937","0","0","0","0"
"2HQ5YHuw8cR1erRYZmemDmQVpfEMCjAvwU7V4fgdemJB","5","0","2.0.18","0.9148316040923183","1","0.95","0.9","0.6756731455227554","0.9842597944565771","0.9814884080332837","1","0.937808559595857","NO_BOND","0","0","0","1","0","0","938","0","0","0","0"
"C8MLmDCg3LReWoNCkFdHgsscFpHx2WdtcU9ZziNfXrhd","5","0","2.0.19","0.9148492416405862","1","0.95","0.9","0.6756731455227554","0.9618615531937618","0.9971238386632094","1","0.9376641523124353","NO_BOND","0","0","0","1","0","0","939","0","0","0","0"
"ARondxXAhmFsVfVkhyBuCvnszpzpH2Joge1nD65L1G4V","5","0","2.0.19","0.9040765836191947","1","0.95","0.9","0.6756731455227554","0.9981173405726453","0.9947251182393645","1","0.9373882136100921","NO_BOND","0","0","0","1","0","0","940","0","0","0","0"
"95Kg9C27WjjrnQpgZ418hxWTeumPTyH1ENnBoimVN5PL","10","0","2.1.6","0.960327255864274","1","0.9","0","0.9936929193540976","0.9936929193540976","0.9938552747519105","1","0.9365554275619634","COMMISSION,NO_BOND","0","0","0","1","0","0","941","0","0","0","0"
"pt1LsjkNwqCKdYYfc35ToDkqtEG9pswLTJNaMo8inft","0","0","2.0.19","0.9578278531214566","1","1","0.92","0.6756731455227554","0.9916892361917717","0.8035455061174237","1","0.9364111792033898","NO_BOND","0","0","0","1","0","0","942","0","0","0","0"
"BqcP9Uj8R6jAG9btZLPxhnPtZBjCTQax6qmuztby2xoG","5","0","2.0.19","0.9263211329967544","1","0.95","0.9","0.6756731455227554","0.9618615531937618","0.9577441582972839","1","0.9362835133478541","NO_BOND","0","0","0","1","0","0","943","0","0","0","0"
"8hPk5CbKDoM7dN9LssTdVkFhDykeq7A8CZurA5AQSFJH","5","0","2.0.19","1","1","0.95","0.95","0.770290516389543","0.7793746850774765","0.9499491437909161","0.797222207557823","0.9362240670416396","NO_BOND","0","0","0","1","0","0","944","0","0","0","0"
"UgmcX7FwNdXbiWsHY2RaqZqTdhsZxx5y6on85j3s3tA","5","0","2.0.19","0.8352846317925007","1","0.95","0.9","0.9921072360285483","0.9934913899001508","0.9979921945593466","1","0.9355862496103208","NO_BOND","0","0","0","1","0","0","945","0","0","0","0"
"Gk7aonsprBZXQBMMEDgRVJ6RdMRwBd3KXQcu6k2T7hyU","5","0","2.0.19","0.9409389189570828","1","0.95","0","0.978601504976187","0.9841794655832776","0.9982899090292938","1","0.9352264591093616","NO_BOND","0","0","0","1","0","0","946","0","0","0","0"
"H97b7WujYu1qRLdngfSWVxsXpasMoTaCfRbNx3qvu3ev","5","0","2.0.19","0.9396132620449094","1","0.95","0.9","0.6756731455227554","0.9842597944565771","0.8990234197505745","1","0.9351619991569883","NO_BOND","0","0","0","1","0","0","947","0","0","0","0"
"mrgn6ETrBDM8mjjYN8rbVwFqVwF8z6rtmvGLbdGuVUU","0","0","2.0.19","1","1","1","1","0.9705964568678712","0.9705964568678712","0.6480102150716736","0.7671802316554485","0.9348188260624822","NO_BOND","0","0","0","1","0","0","948","0","0","0","0"
"dcwMB2qjmAwid5KNo2qquBPyDxzdLfe9io8JAxeRU5m","5","0","2.0.19","0.9000887782928575","1","0.95","0.9","0.6756731455227554","0.9930302624857659","0.9872221309054545","1","0.9346413995178452","NO_BOND","0","0","0","1","0","0","949","0","0","0","0"
"5bjKPhoQDcpPVeMhu83SEtXqXA9vw62k7KhL9zpsK31b","5","0","2.0.19","0.9057990022048594","1","0.95","0.9","0.6756731455227554","0.9536987878467417","0.9958603066688011","1","0.9337917388164365","NO_BOND","0","0","0","1","0","0","950","0","0","0","0"
"MAGAwoQLu8gzMdb6S7hUCW6twaKrXWVHWDs7qZ1UNJu","0","0","2.0.19","1","1","1","1","0.8664877804935314","0.8740145471054379","0.6480102150716736","1","0.9337761310512926","NO_BOND","0","0","0","1","0","0","951","0","0","0","0"
"7y4wStv8XxUkuBgwNkidfxdy1V6TMYr4UjaTDwcS3MUr","5","0","2.0.19","0.894048540012194","1","0.95","0.9","0.6756731455227554","0.9916892361917717","0.9958603066688011","1","0.9336777621425152","NO_BOND","0","0","0","1","0","0","952","0","0","0","0"
"SzNm2zDpK3eJmSYR21pRaQ5b4wQ37ecds6det5YCZFP","0","0","2.0.15","1","1","1","1","0.6756731455227554","0.9988326535042892","0.6480102150716736","1","0.9335446810272604","NO_BOND","0","0","0","1","0","0","953","0","0","0","0"
"8cKzJdvB1imSKAg1SeY6yMmNDgVkxhtqMcuZgiyWQTmx","5","0","2.0.19","0.9059807504550479","1","0.95","0.9","0.6756731455227554","0.9618615531937618","0.9872221309054545","1","0.933525708993519","NO_BOND","0","0","0","1","0","0","954","0","0","0","0"
"59k9CiZ7L1bpEivLrAtaMPMgw18syZ4RQsJUo3hbbj8x","0","0","2.0.19","1","1","1","1","0.6756731455227554","0.9988326535042892","0.6480102150716736","0.999578415665368","0.9335174820379293","NO_BOND","0","0","0","1","0","0","955","0","0","0","0"
"8NGHra5ExC6zy2dBXc92MwDTrDCtmJXZaGRMRihar5SP","5","0","2.0.19","0.9055127041576828","1","0.95","0.9","0.6756731455227554","0.9618615531937618","0.9872221309054545","1","0.9333747263169496","NO_BOND","0","0","0","1","0","0","956","0","0","0","0"
"HuoKCk1cRQ3NZyh6q6SkfTo1prQjqvWP36PzgXpj2koF","5","0","2.0.19","0.9043807563979862","1","0.95","0.9","0.6756731455227554","0.9536987878467417","0.9958603066688011","1","0.9333342401690581","NO_BOND","0","0","0","1","0","0","957","0","0","0","0"
"4k4op6epymSYQkuJoX31azW2bdXh3exmEsj7wLCRKaPB","0","0","2.0.19","1","1","1","1","0.8404679119581911","0.8857472340497605","0.6480102150716736","1","0.9332328511726568","NO_BOND","0","0","0","1","0","0","958","0","0","0","0"
"HaTniLULzUW7Mfq5qBXPU3okduucnoq81Kr21niLjNgT","0","0","2.0.19","1","1","1","1","0.8404679119581911","0.8857472340497605","0.6480102150716736","1","0.9332328511726568","NO_BOND","0","0","0","1","0","0","959","0","0","0","0"
"motHerBDDLoLpk1VwWmztHvw81sMdyoQKtcGsdbYzYq","0","0","2.0.19","1","1","1","1","0.8404679119581911","0.8857472340497605","0.6480102150716736","1","0.9332328511726568","NO_BOND","0","0","0","1","0","0","960","0","0","0","0"
"FREEL1BCzmPpNneC7FHCtBqzeWYrHRbtisFvi4N8XUP9","0","0","2.0.15","1","1","1","1","0.8404679119581911","0.8857472340497605","0.6480102150716736","1","0.9332328511726568","NO_BOND","0","0","0","1","0","0","961","0","0","0","0"
"8dHAjvZbnBfi67A7RTBXyMuq6uomJNNyre9guENFGcFD","0","0","2.0.15","1","1","1","1","0.8404679119581911","0.8857472340497605","0.6480102150716736","1","0.9332328511726568","NO_BOND","0","0","0","1","0","0","962","0","0","0","0"
"J21SMPFJEY9ExCDPiSJQXN23PVSeoQe3LnKD7QcP3bgP","3","0","2.0.19","1","1","0.97","0.97","0.9705964568678712","0.9705964568678712","0.6480102150716736","0.8138547989091183","0.9329913787885253","NO_BOND","0","0","0","1","0","0","963","0","0","0","0"
"STeaKrJdxdPMww27XJsjRBfrzqfjFT1BxotgQtFyDgx","5","0","2.0.19","0.9139210045385895","1","0.95","0.92","0.9827135933740389","0.9827135933740389","0.8035455061174237","0.9683121525608995","0.9328963336079864","NO_BOND","0","0","0","1","0","0","964","0","0","0","0"
"4EsJD6cpaae8rh27U9pHsfxAheCLQnze1bDvXZfpjcUv","0","0","2.0.15","1","1","1","1","0.8404679119581911","0.8857472340497605","0.6480102150716736","0.9906497173648116","0.9326296071316769","NO_BOND","0","0","0","1","0","0","965","0","0","0","0"
"3nSx5yrMimosm6fWh3KooRp6RxAr2A81o7UAgZUhuLQc","5","0","2.0.19","0.8778522541047443","1","0.95","0.9","0.9452388484454748","0.9960499464099887","0.8899547069118801","1","0.9326012549940608","NO_BOND","0","0","0","1","0","0","966","0","0","0","0"
"EcWtSUtmgCPfLP456LrKG7QqhSSSeSVuQAJSdqFtBK3v","0","0","2.0.15","1","1","1","1","0.6756731455227554","0.9877382795765751","0.6480102150716736","1","0.9324710319374816","NO_BOND","0","0","0","1","0","0","967","0","0","0","0"
"WkP89qGBLsdu2XNVigu7WZThfCEsBJEvDBwWxUCv5vj","0","0","2.0.19","1","1","1","1","0.6756731455227554","0.9877382795765751","0.6480102150716736","1","0.9324710319374816","NO_BOND","0","0","0","1","0","0","968","0","0","0","0"
"3a2onvgTpGynakAQwx6gigtSeL7itZewNxqb5JiAvWeA","5","0","2.0.19","0.9333259514619686","1","0.95","0.9","0.770290516389543","0.7793746850774765","0.9998682692528124","1","0.9324228283755631","NO_BOND","0","0","0","1","0","0","969","0","0","0","0"
"Agsu9fcnH3rKBix59mktDRqJhjR8aStgLDd9njaddcdr","5","0","2.0.19","0.8918446061904355","1","0.95","0.9","0.6756731455227554","0.9962928467327955","0.9872221309054545","1","0.9322977231216152","NO_BOND","0","0","0","1","0","0","970","0","0","0","0"
"J2nUHEAgZFRyuJbFjdqPrAa9gyWDuc7hErtDQHPhsYRp","9","0","2.0.19","1","1","0.91","0.92","0.6756731455227554","0.9641362692070283","0.8035455061174237","0.9392798872265249","0.9321858999222369","COMMISSION,NO_BOND","0","0","0","1","4e-9","2594.4507783390004","971","0","0","0","0"
"7ZJHBz4SzQw1GDQZRaCMLvo7uoUo7cY1BUioA7mdfD65","5","0","2.0.15","0.8923542101615011","1","0.95","0.9","0.6756731455227554","0.9930302624857659","0.9872221309054545","1","0.9321463775399885","NO_BOND","0","0","0","1","0","0","972","0","0","0","0"
"3kV8UahWWN7Fh41PddYczuismJSLjtrKhYRZW5RUqiEK","5","0","2.0.19","0.8855567854064762","1","0.95","0.9","0.6756731455227554","0.9977880029182914","0.9947251182393645","1","0.9313822137684712","NO_BOND","0","0","0","1","0","0","973","0","0","0","0"
"2YnL16L174Tj8awY9FfRfR5odpGNEbLnx3dM6CRt9L81","5","0","2.0.19","0.9606555577001904","1","0.95","0.9","0.8664877804935314","0.8740145471054379","0.8035455061174237","1","0.931271832379838","NO_BOND","0","0","0","1","0","0","974","0","0","0","0"
"5KgAGvMLZogKnDGKGgn47xY6GaTwQ3WBbGPoBxW5nDqp","5","0","2.0.19","0.8369715531403814","1","0.95","0.9","0.9944743963228857","0.9952491977448424","0.9577441582972839","1","0.9312599532410727","NO_BOND","0","0","0","1","0","0","975","0","0","0","0"
"SLaYv7tCwetrFGbPCRnqpHswG5qqKino78EYpbGF7xY","0","0","2.0.15","1","1","1","1","0.6756731455227554","0.9536987878467417","0.8035455061174237","0.7083464805136779","0.930429601292993","NO_BOND","0","0","0","1","0","0","976","0","0","0","0"
"HzJULufbrhteHLQDYAh8ZZn3P6Kip9MDo2eLEXgiTJed","5","0","2.0.19","0.8951866722306936","1","0.95","0.9","0.6756731455227554","0.9536987878467417","0.9958603066688011","1","0.9303684065667056","NO_BOND","0","0","0","1","0","0","977","0","0","0","0"
"5KZ2dv5fnpJGy9LjwXkvXX5M7U6NjqxW8UfbVkTph89n","5","0","2.0.19","0.8792745638769118","1","0.95","0.9","0.6756731455227554","0.9997779445079692","0.9994787838653839","1","0.9301616418967766","NO_BOND","0","0","0","1","0","0","978","0","0","0","0"
"GvZEwtCHZ7YtCkQCaLRVEXsyVvQkRDhJhQgB6akPme1e","0","31.669601617","2.0.18","1","1","1","1","0.6756731455227554","0.9618615531937618","0.9816713170434049","0.3345056189794515","0.9300847566696553","NO_BOND","0","0","0","1","37.60885832499999","692.7901783140001","979","0","0","0","0"
"3z39UyCtJf3gcCmBMgLU3LJFUBWP9Fvmr9fhGZXb9Hdi","5","0","2.0.19","0.8958816173034645","1","0.95","0.9","0.6756731455227554","0.999264601014267","0.9577441582972839","1","0.9300839645261965","NO_BOND","0","0","0","1","0","0","980","0","0","0","0"
"GTeoHau1SpLhoiDGJdQpGd7AS3gyaFLgGVG2EHQRHoWp","5","0","2.0.19","1","1","0.95","0","0.8404679119581911","0.968035363249348","0.8899547069118801","1","0.9298255077842562","NO_BOND","0","0","0","1","0","0","981","0","0","0","0"
"4ZxDeRyvhXi7Bc23qPFkeZptzE8J54eimL8phVPN5AXa","5","0","2.0.19","0.8226883824431099","1","0.95","0.9","0.9827135933740389","0.9827135933740389","0.9938552747519105","1","0.929340093235772","NO_BOND","0","0","0","1","0","0","982","0","0","0","0"
"FqERCVEHjm9P9hghJwWbyN4TqwCCAYteeX1v6gBtt88p","5","0","2.0.19","0.8804062442852165","1","0.95","0.9","0.6756731455227554","0.9916892361917717","0.9958603066688011","1","0.9292770215854257","NO_BOND","0","0","0","1","0","0","983","0","0","0","0"
"BG43US2rrtZggEPtXuVnabwp9FbKCuyZDASvJ1EsNAHF","5","0","2.0.19","0.8949226160517676","1","0.95","0.9","0.6756731455227554","0.9936599168777814","0.9577441582972839","1","0.9292322204963119","NO_BOND","0","0","0","1","0","0","984","0","0","0","0"
"SWnetzxKaKtuysePKKAzdPAk3gqWgPYxg31vet69Xnz","5","0","2.0.19","0.9328688736509008","1","0.95","0.9","0.770290516389543","0.7793746850774765","0.9907958424202312","0.9681800397227479","0.9290518475369984","NO_BOND","0","0","0","1","0","0","985","0","0","0","0"
"7HhmcAGzjChFjG1qsN4Y9NPgDWfytXXVA7ZRBWE7eZc3","5","0","2.0.19","0.8814438935419139","1","0.95","0.9","0.6756731455227554","0.9930302624857659","0.9872221309054545","1","0.9286269205659281","NO_BOND","0","0","0","1","0","0","986","0","0","0","0"
"BmMVRAVef2qmJ1tJpG3JwRUtnfEiTbvDw9ZeFEi4wE7D","5","0","2.0.19","0.8819944520884528","1","0.95","0.92","0.9251153894613704","0.9258064652774458","0.8990234197505745","1","0.9277383991819969","NO_BOND","0","0","0","1","0","0","987","0","0","0","0"
"DKnZkpsqtS4kpFP5zWudrg8w9eCUHixJ2QCRtwwxh8Me","0","0","2.0.19","0.8171464358293469","1","0.95","0.9","0.9827135933740389","0.9827135933740389","0.9938552747519105","1","0.927552368521655","BLACKLIST,NO_BOND","1","0","0","1","0","0","988","0","0","0","0"
"8S9tun2N71Q9VmTsyf8oWgf8wWsLF6YVKQEpsTmsnBfD","5","0","2.0.19","0.8890786575000772","1","0.95","0.9","0.6756731455227554","0.9936599168777814","0.9577441582972839","1","0.9273470725764119","NO_BOND","0","0","0","1","0","0","989","0","0","0","0"
"J1to3PQfXidUUhprQWgdKkQAMWPJAEqSJ7amkBDE9qhF","0","0","2.0.20","1","1","1","0.92","0.6756731455227554","0.9877382795765751","0.6480102150716736","0.9601149389542577","0.9269904473538852","NO_BOND","0","0","0","1","279.601303285","232.67699953699997","990","0","0","0","0"
"EzZEi48kvDWPJJBM1z9nmjpgRyMwWJwaa4xVW2U6psPr","5","0","2.0.19","0.9564323969285621","1","0.95","0.9","0.770290516389543","0.7793746850774765","0.8990234197505745","1","0.9268642818161109","NO_BOND","0","0","0","1","0","0","991","0","0","0","0"
"2tdiMkw7vc7ELX6YSQVRdEWFuwAmmYCTcvgqsCTTVRHc","5","0","2.0.19","0.9484525514171505","1","0.95","0.9","0.6756731455227554","0.9916892361917717","0.8035455061174237","1","0.9264126302665169","NO_BOND","0","0","0","1","0","0","992","0","0","0","0"
"LvmTxRZAwJBtPuTSWU25UQBQu9N8TnsJJDemusfDDXB","5","0","2.0.19","0.8121318235185254","1","0.95","0.9","0.978601504976187","0.9841794655832776","0.9982899090292938","1","0.9263835250969239","NO_BOND","0","0","0","1","0","0","993","0","0","0","0"
"BrF3uiDCn4yX55kZ5wcGN6NBUdg9pksWRzaniBALJLJu","5","0","2.0.19","0.8836048163711959","1","0.95","0.9","0.6756731455227554","0.9618615531937618","0.9872221309054545","1","0.9263076657406636","NO_BOND","0","0","0","1","0","0","994","0","0","0","0"
"ANRnEc3NFWyDFkJNHPnts9XAT1odt931qbgzMsSGdE1z","5","0","2.0.19","0.9868361173565884","1","0.95","0","0.6756731455227554","0.9936599168777814","0.9577441582972839","1","0.9261739951107701","NO_BOND","0","0","0","1","0","0","995","0","0","0","0"
"FwnUt6MUucm4mKKGfRVcKo7W82MTusfZ2sDhnc8k6F5i","0","65920.202473564","2.0.18","0.8409453106579526","1","1","1","0.6756731455227554","0.9930302624857659","0.9872221309054545","1","0.9254444744743275","","0","0","0","1","0","0","996","0","0","0","0"
"GtieaErmxgFVySoaxcN3RP3m6kcmpWGqknZ3peXkaRPC","5","0","2.0.19","0.9086054339194861","1","0.95","0.9","0.6756731455227554","0.9842597944565771","0.8990234197505745","1","0.9251594739552388","NO_BOND","0","0","0","1","0","0","997","0","0","0","0"
"7KVnUL45FH4N8Z7x1dnvJ7GzMx12cs81mS26mHzNjQPN","0","0","2.0.18","0.9006490494708165","1","1","1","0.6756731455227554","0.9842597944565771","0.9814884080332837","0.7150357408363459","0.9247303639654592","NO_BOND","0","0","0","1","0","0","998","0","0","0","0"
"5ML8GpaqaZ3bv4nCKLRY8gb2WNMJkXinHwDwMWeNWjkk","5","0","2.0.19","0.8776763863301651","1","0.95","0.9","0.6756731455227554","0.9536987878467417","0.9958603066688011","1","0.9247199272439547","NO_BOND","0","0","0","1","0","0","999","0","0","0","0"
"E8SMqsquNDQQPPunKkKCrMcDayNXKYzKaX5e7hswcPVj","5","0","2.0.19","0.8016251239167596","1","0.95","0.9","0.978601504976187","0.9998946064901946","0.999757358833776","1","0.924704435610505","NO_BOND","0","0","0","1","0","0","1000","0","0","0","0"
"CP6mfD4Qc5AYrboXBAQeHMYj5x1UnYksDXRjG7DMkHH7","0","0","2.0.19","0.8736685110068589","1","0.95","0.9009999999999999","0.9251153894613704","0.9258064652774458","0.8990234197505745","1","0.9243621149621278","NO_BOND","0","0","0","1","0","0","1001","0","0","0","0"
"CY3tZ2Rh3tHHC2SAmiJUGMAj1b9uPpzr5YQ7b53PfANe","5","0","2.0.19","0.9290657403234674","1","0.95","0","0.8404679119581911","0.9996045596000063","0.9996045596000063","1","0.924146940140358","NO_BOND","0","0","0","1","0","0","1002","0","0","0","0"
"GREEDkpTvpKzcGvBu9qd36yk6BfjTWPShB67gLWuixMv","0","22.983623399","2.0.19","1","1","1","1","0.6756731455227554","0.9916892361917717","0.6480102150716736","0.8639112147373462","0.9240734609478133","SCORE","0","0","0","1","0.423319036","37.097268741","1003","0","0","0","0"
"JnGGar3XbAN6J3cKGRbNajCuhqnc9XWrk6WWr6hDmuM","0","0","2.0.19","0.7841059770449955","1","1","0.92","0.9452388484454748","0.9992284534600647","0.9997745532996896","1","0.9238126787393502","NO_BOND","0","0","0","1","0","0","1004","0","0","0","0"
"FXNqhTvgZmPTkVCjuevHtJySegyWMBcRVmitxi8z4PzK","5","0","2.0.19","0.9782301757734471","1","0.95","0","0.6756731455227554","0.9977138119816803","0.9577441582972839","1","0.9237901973520696","NO_BOND","0","0","0","1","0","0","1005","0","0","0","0"
"7EehNwMoKCwFULMYDcNxv991pVdtBALKR9DSXnN8DJE3","5","0","2.0.19","0.8646767850010615","1","0.95","0.95","0.6756731455227554","0.9618615531937618","0.9998229138236933","1","0.9236448534171672","NO_BOND","0","0","0","1","0","0","1006","0","0","0","0"
"HLM6hyDWrEca9QMS92nDBa2AreU1qDkppttPVuJ7E2CU","0","0","2.0.19","0.9371836250311341","1","1","0.9","0.770290516389543","0.7793746850774765","0.8990234197505745","0.9482969872390662","0.9235667416710739","NO_BOND","0","0","0","1","0","0","1007","0","0","0","0"
"EfnywDKqArxK6N6FS9ctsuzNdxfx3pzfXEQE5EevQ1SV","5","0","2.0.19","0.8694807623887623","1","0.95","0.9","0.6756731455227554","0.9881122335093074","0.9814884080332837","1","0.9235520725030385","NO_BOND","0","0","0","1","0","14324.699291952","1008","0","0","0","0"
"SmithX2hngQMZXVN36C6TsyjthTU3YnsALAs1MaDghV","0","0","2.0.14","1","1","1","1","0.6756731455227554","0.9618615531937618","0.6480102150716736","0.8989449537411733","0.9234471522063172","SCORE,NO_BOND","0","0","0","1","1e-9","2.312110057","1009","0","0","0","0"
"6F5xdRXh2W3B2vhte12VG79JVUkUSLYrHydGX1SAadfZ","0","0","2.0.19","1","1","1","0","0.8404679119581911","0.8857472340497605","0.9962529428568745","0.7122174190544884","0.9232588430839399","NO_BOND","0","0","0","1","13.872523258000001","148.62973489900003","1010","0","0","0","0"
"proofK5zwB5eo5q6UWnFKiDHxyh8wopP5Bq1aXVnouw","5","0","2.0.19","0.8128775533110804","1","0.95","0.9","0.9921072360285483","0.9934913899001508","0.9577441582972839","1","0.9231648647760481","NO_BOND","0","0","0","1","0","0","1011","0","0","0","0"
"61bUK8nWjw4SeDyFARVc1B67gXWwX5Gykfdfi4dMgCYz","5","0","2.0.19","0.9602769536299826","1","0.95","0","0.6756731455227554","0.9977880029182914","0.9947251182393645","1","0.9227777519050863","NO_BOND","0","0","0","1","0","0","1012","0","0","0","0"
"8Bsn6atd2NRbtRvkotzM8aLa8PXWv56SQF6bum2advGF","5","0","2.0.19","0.8741181801525999","1","0.95","0.92","0.6756731455227554","0.9881122335093074","0.9577441582972839","1","0.9227110782673731","NO_BOND","0","0","0","1","0","0","1013","0","0","0","0"
"GptPXjYUBUjxpRmueH6F5JcqizvjPTRDShTJQ8Vp6uN1","5","0","2.0.19","0.844602672545952","1","0.95","0.9","0.9741870446378578","0.9942728670132581","0.8899547069118801","0.9855900365895831","0.9226415586000548","NO_BOND","0","0","0","1","0","0","1014","0","0","0","0"
"BG2FGmUyQo9RuGk48ypy9sa8LDJRx6j61tt64eGuAztG","5","0","2.0.19","1","1","0.95","0.9","0.6756731455227554","0.9839761760537661","0.6480102150716736","1","0.9222253444997904","NO_BOND","0","0","0","1","0","0","1015","0","0","0","0"
"9sWYTuuR4s12Q4SuSfo5CfWaFggQwA6Z8pf8dWowN5rk","0","0","2.0.19","0.8214307773961045","1","1","1","0.9741870446378578","0.9966944858885509","0.8899547069118801","0.9366006773934054","0.9221221130108626","NO_BOND","0","0","0","1","0","0","1016","0","0","0","0"
"FXcZJuQwkcQpw2YrkTaxWJ6rnw4P12wvULttviMRn655","5","0","2.0.19","0.9001567116526085","1","0.95","0","0.978601504976187","0.9841794655832776","0.9982899090292938","1","0.9220709083659828","NO_BOND","0","0","0","1","0","0","1017","0","0","0","0"
"3zH61eoL7aL626arSqKEbfsx2kPb6P3WFU9ERUWciPSq","5","0","2.0.19","0.9123543501000122","1","0.95","0.95","0.770290516389543","0.7793746850774765","0.9577441582972839","1","0.9220395232967992","NO_BOND","0","0","0","1","0","0","1018","0","0","0","0"
"GK9MfwWEK7BvMS8eQDaiEPnKcqMJoS7SKUiEBQY2pfxC","5","0","2.0.19","0.8663847795179794","1","0.95","0.9","0.9251153894613704","0.9258064652774458","0.8990234197505745","1","0.9219761822237796","NO_BOND","0","0","0","1","0","0","1019","0","0","0","0"
"6ZDsQFqdBNmcLho9KLv4M3ggzHxAh8G1EdR6DCjajPvK","5","0","2.0.19","0.7972790255715697","1","0.95","0.9","0.989688851699361","0.9907800562608367","0.9906466236217257","1","0.9219601491091559","NO_BOND","0","0","0","1","0","0","1020","0","0","0","0"
"FqUfeiVYd1LMNSDw1t9WE6fAXAKzjUVHf8YzZXWQjSMd","5","0","2.0.19","0.8647219603616778","1","0.95","0.9","0.9251153894613704","0.9258064652774458","0.8990234197505745","1","0.9214397889475533","NO_BOND","0","0","0","1","0","0","1021","0","0","0","0"
"7rwEPPMQgHr3mn5nQX27SADt3tR8yucBgsNapYdrqRhB","5","0","2.0.19","0.8676787534861385","1","0.95","0.9","0.6756731455227554","0.9988367445298785","0.9577441582972839","1","0.9209448610543763","NO_BOND","0","0","0","1","0","0","1022","0","0","0","0"
"2DpnT6to3eJsXeg1Tk42XFCXLMKL7pGzMKFwQS5CNK6a","5","0","2.0.19","0.8528183238573732","1","0.95","0.9","0.6756731455227554","0.9936599168777814","0.9971238386632094","1","0.920731439835659","NO_BOND","0","0","0","1","0","10.514837387","1023","0","0","0","0"
"2EWi8L6xp62VgTqFo3LnhoSP5sL9CWqYxvK7UA63qK9x","5","0","2.0.19","0.9217784541455022","1","0.95","0.9","0.770290516389543","0.7793746850774765","0.9577441582972839","0.9595695174876513","0.9206540418590637","NO_BOND","0","0","0","1","0","0","1024","0","0","0","0"
"9JiAAwGRDvb6JzAarUfSBTeoD1vmGd2ujxf71CpQZcbJ","5","0","2.0.19","0.7857083421508683","1","0.95","0.9","0.978601504976187","0.999970860393127","0.9995208330371526","1","0.9195468498319047","NO_BOND","0","0","0","1","0","0","1025","0","0","0","0"
"DXjujkbMhAvkaygmjLbi7UGdovAs2AU6y45UMEqxhEnw","5","0","2.0.19","0.9383700755675344","1","0.95","0.9","0.6756731455227554","0.9536987878467417","0.8035455061174237","1","0.9194837237009927","NO_BOND","0","0","0","1","0","0","1026","0","0","0","0"
"G5dZZ3J95jER4v7N5LBg73ybxfg9RxFBpVc3LAY57UPu","5","0","2.0.19","0.8460945174818243","1","0.95","0.9","0.6756731455227554","0.9998337938025168","0.9947251182393645","1","0.9188504296847989","NO_BOND","0","0","0","1","0","0","1027","0","0","0","0"
"ELLB9W7ZCwRCV3FzWcCWoyKP6NjZJKArLyGtkqefnHcG","0","0","2.0.19","0.8235821028781221","1","1","1","0.6756731455227554","0.9881122335093074","0.9814884080332837","1","0.9186276662092836","NO_BOND","0","0","0","1","0","0","1028","0","0","0","0"
"KBoNKQQj7QpVEzKKFbzxASVUjXx8TauASwYb546hCqS","0","0","2.0.19","1","1","1","1","0.770290516389543","0.7793746850774765","0.6480102150716736","1","0.918411159622523","SCORE,NO_BOND","0","0","0","1","0","0","1029","0","0","0","0"
"DKeL7T5t7XXKSbWpM3i9mkV9hRhqrEDbVVyL63AJ7TqE","0","0","2.0.15","1","1","1","1","0.770290516389543","0.7793746850774765","0.6480102150716736","1","0.918411159622523","SCORE,NO_BOND","0","0","0","1","0","0","1030","0","0","0","0"
"PULSARWFx8NpS5rbUxRgJiUbGVrGrVT6j8CykdH4UCX","0","167.007512362","2.0.15","1","1","1","1","0.770290516389543","0.7793746850774765","0.6480102150716736","1","0.918411159622523","SCORE","0","0","0","1","0","0","1031","0","0","0","0"
"CnB88pH35AjH2XUsiK5X257sVLkGUf11UDioXgJXoLuL","0","0","2.0.16","1","1","1","1","0.770290516389543","0.7793746850774765","0.6480102150716736","1","0.918411159622523","SCORE,NO_BOND","0","0","0","1","0","0","1032","0","0","0","0"
"8B2Z2R8dRvqFcXuLBwinu3Jq7HQidCaJCnDuRRqeJLC1","0","0","2.0.15","1","1","1","1","0.770290516389543","0.7793746850774765","0.6480102150716736","0.9978150261348331","0.9182701935667057","SCORE,NO_BOND","0","0","0","1","0","0","1033","0","0","0","0"
"F9PZNSEtgbqmgsa4mkgkAuLFYQ8nHzn1UqubJQiLkBn3","5","0","2.0.19","0.8436863062129887","1","0.95","0.9","0.8664877804935314","0.8740145471054379","0.9938552747519105","1","0.9180959149497067","NO_BOND","0","0","0","1","0","0","1034","0","0","0","0"
"uCAkd9fN7Gj72iDYKCVRBhNMC1qqzuryZBaZ1MHDpoJ","5","0","2.0.19","0.8486937253504182","1","0.95","0.9","0.6756731455227554","0.9930302624857659","0.9872221309054545","1","0.9180623501815746","NO_BOND","0","0","0","1","0","0","1035","0","0","0","0"
"G8hvpQDLe7hGgYtWYt4TJJEbGbgLFCBJYiMi9pMD9Kk2","0","0","2.0.15","1","1","1","1","0.770290516389543","0.7793746850774765","0.6480102150716736","0.9924232092551877","0.9179223344131803","SCORE,NO_BOND","0","0","0","1","0","0","1036","0","0","0","0"
"DMSuZcavta8L1w1tSiH8bALWjz6Q6KSryGG6m6Az4Qt5","0","0","2.0.15","1","1","1","1","0.8404679119581911","0.8857472340497605","0.6480102150716736","0.7602547726330715","0.917765417148984","SCORE,NO_BOND","0","0","0","1","0.003537143","183.683716925","1037","0","0","0","0"
"WTpLibwKTmWo15cRBtJFiBU6NoN8qZEnMDMkuM7N1rH","5","0","2.0.19","0.9277983342325888","1","0.95","0.9","0.770290516389543","0.7793746850774765","0.8990234197505745","1","0.917627487398055","NO_BOND","0","0","0","1","0","0","1038","0","0","0","0"
"stsaYQJUhKZDHSqndGtgo6jgbhVaHBSHhtfVWxCwrhD","5","0","2.0.19","0.7922873041069844","1","0.95","0.9","0.9994421951704728","0.9998837202770913","0.9577441582972839","1","0.9176146846913291","NO_BOND","0","0","0","1","0","0","1039","0","0","0","0"
"AtvnDGvf7Dd4AUA7iihx3hV8598skHejZTn2YTNV6AMF","0","0","2.0.18","0.8058860846766116","1","1","1","0.9452388484454748","0.9763758892609269","0.8899547069118801","1","0.9173640335189474","NO_BOND","0","0","0","1","0","0","1040","0","0","0","0"
"BfxZj7ckfRGHxByn7aHgH2puyXhfjAUvULtRjJo4rd8C","6","0","2.0.16","0.9609519103664766","1","0.94","0","0.8664877804935314","0.8740145471054379","0.9577441582972839","1","0.9173068044889445","NO_BOND","0","0","0","1","0","0","1041","0","0","0","0"
"Hocu6Vb6cDRYy5MnUj28tvDwda43wWx1Vc3fiCXziJ4x","5","0","2.0.19","0.84632430413709","1","0.95","0.9","0.6756731455227554","0.9930302624857659","0.9872221309054545","1","0.9172980207579203","NO_BOND","0","0","0","1","0","0","1042","0","0","0","0"
"Dp9gpMr68ZG6gKi1ByGq1oACwWrmRe7cvBWBHhRbdHxr","5","0","2.0.19","0.8542938496299952","1","0.95","0.9","0.6756731455227554","0.9536987878467417","0.9958603066688011","1","0.9171771734697063","NO_BOND","0","0","0","1","0","0","1043","0","0","0","0"
"nymsndUdAZyUPpWYz5VEg8Ghj9cFvwTRgciLogpmYaQ","0","0","2.0.19","1","1","1","1","0.770290516389543","0.7793746850774765","0.6480102150716736","0.9708077854282989","0.9165277909404778","SCORE","0","0","0","1","0","0","1044","0","0","0","0"
"GCUWGuMnmtMv3BFMx8EmeWxst18sihXxyU3skeNGTj8A","0","0","2.0.19","1","1","1","0.92","0.770290516389543","0.7793746850774765","0.6480102150716736","1","0.9155038047838133","SCORE","0","0","0","1","0","0","1045","0","0","0","0"
"25rtQR4h9BQKMcU6a1DxpZjB27dwcRUAdVb9binerD9E","0","0","2.0.19","1","1","1","0.92","0.770290516389543","0.7793746850774765","0.6480102150716736","1","0.9155038047838133","SCORE","0","0","0","1","0","0","1046","0","0","0","0"
"GwT72fNWtBrFa9GsBru2kPso1NEw3AnzrjPwprVAv32X","0","0","2.0.19","1","1","1","0.92","0.770290516389543","0.7793746850774765","0.6480102150716736","1","0.9155038047838133","SCORE","0","0","0","1","0","0","1047","0","0","0","0"
"Fy6zNoZ1eCPpQX3JXeQ9Yd1HW1BFL8rrFmDvYYDnuxjT","0","0","2.0.19","1","1","1","0.95","0.770290516389543","0.7793746850774765","0.6480102150716736","0.9798088933878936","0.9152914108088387","SCORE","0","0","0","1","0","0","1048","0","0","0","0"
"mitDy3gnfY2kcvvrHygv3qsU5i6QqNve3cw6LDibRS2","5","0","2.0.19","0.8777160961212542","1","0.95","0.9","0.6756731455227554","0.9842597944565771","0.8990234197505745","1","0.9151951714396802","NO_BOND","0","0","0","1","0","0","1049","0","0","0","0"
"86dGbSrKhZHgKLWZc1hAyzQkk2asXGCFsoRsu1Ccfzd6","8","0","2.0.17","0.986688123545654","1","0.92","0.92","0.9741870446378578","0.9896419266535678","0.8899547069118801","0.20850334701768358","0.9148711814959952","COMMISSION,NO_BOND","0","0","0","1","0","0","1050","0","0","0","0"
"AaxfteYTX2ftBRQfW1x6FiC8wY5dCJYgsPr8JwwMUuPZ","0","1562.566892179","2.0.19","1","1","1","0.9","0.770290516389543","0.7793746850774765","0.6480102150716736","1","0.9147769660741359","SCORE","0","0","0","1","0","0","1051","0","0","0","0"
"GW2AzEi3mttnuhnNH2hGqMuUz3FYKqo5Vgspp8Rx44L7","5","0","2.0.19","0.9828973610634641","1","0.95","0","0.770290516389543","0.7793746850774765","0.9907958424202312","1","0.914535228010551","NO_BOND","0","0","0","1","0","0","1052","0","0","0","0"
"CCxSNvJogH6LWyoiEbG7JfcWybw2FqqCExs5GuemChGr","5","0","2.0.19","0.9342063186880065","1","0.95","0","0.6756731455227554","0.9936599168777814","0.9971238386632094","1","0.9142778897810245","NO_BOND","0","0","0","1","0","0","1053","0","0","0","0"
"HxRrsnbc6K8CdEo3LCTrSUkFaDDxv9BdJsTDzBKnUVWH","0","1.097770445","2.0.19","1","1","1","1","0.770290516389543","0.7793746850774765","0.9816713170434049","0.26713642531646353","0.9141826840909054","SCORE","0","0","0","1","111.14469066900003","3234.279951532","1054","0","0","0","0"
"9FZWpUMfXZ3993g2BfqSFg7xcx9iUCxQwKeYzr2WQCM1","5","0","2.0.19","0.9512122285931637","1","0.95","0","0.8404679119581911","0.968035363249348","0.8899547069118801","1","0.9140875170078575","NO_BOND","0","0","0","1","0","0","1055","0","0","0","0"
"DG6fVEB2Qy1jntvHVPui3R12CMqcwNNnjYPYdsbQ9ACP","5","0","2.0.19","0.7835045560143615","1","0.95","0.9","0.9944743963228857","0.9952491977448424","0.9577441582972839","1","0.9140125348133242","","0","0","0","1","0","0","1056","0","0","0","0"
"mrgn2vsZ5EJ8YEfAMNPXmRux7th9cNfBasQ1JJvVwPn","0","0","2.0.18","1","1","1","1","0.770290516389543","0.7793746850774765","0.6480102150716736","0.9212684403614049","0.9133317041619685","SCORE,NO_BOND","0","0","0","1","0","0","1057","0","0","0","0"
"5F2HsNA9j1A27gFH253kxbbsmh4dWUDxFJNFrQuFdXcJ","5","0","2.0.19","0.9339344395652612","1","0.95","0","0.6756731455227554","0.9962928467327955","0.9872221309054545","1","0.9131673467909138","NO_BOND","0","0","0","1","0","0","1058","0","0","0","0"
"HXnHzBUQVZAmovjMb7vbm8G53XS3W4KVrzpF6jiozrJ3","5","0","2.0.19","0.9038306893682663","1","0.95","0.9","0.6756731455227554","0.9986806568199482","0.8035455061174237","1","0.9126950703115392","NO_BOND","0","0","0","1","0","0","1059","0","0","0","0"
"2NxEEbhqqj1Qptq5LXLbDTP5tLa9f7PqkU8zNgxbGU9P","0","0","2.0.19","0.8125812041877544","1","1","1","0.6756731455227554","0.9618615531937618","0.9816713170434049","0.9990535816710893","0.912501142710327","NO_BOND","0","0","0","1","0","0","1060","0","0","0","0"
"AoEE3SrEtKFVFjPxkTXzEcUBmQHiUBJDjtwSZVinjUiP","5","0","2.0.19","0.8345119356024819","1","0.95","0.92","0.9251153894613704","0.9258064652774458","0.8990234197505745","1","0.9124214583800707","NO_BOND","0","0","0","1","0","0","1061","0","0","0","0"
"71nnaeTyVeA4pTozAPjRuQyMydQTZCrFUkz7Pzy5tiDJ","1","0","2.0.19","1","1","0.99","0.99","0.770290516389543","0.7793746850774765","0.6480102150716736","0.9274555305238662","0.9121179680434176","SCORE,NO_BOND","0","0","0","1","0","0","1062","0","0","0","0"
"8nQB9R48S3SXXDTvffTs4HNR2Bf2YdbXMHFcRGXCsVG6","5","0","2.0.19","0.9255262864685785","1","0.95","0","0.6756731455227554","0.9936599168777814","0.9971238386632094","1","0.9114778793876607","NO_BOND","0","0","0","1","0","0","1063","0","0","0","0"
"A9igcq5tcmPjg8gy3soDnrmCMwXT3pmeFx3oojFjTfwc","5","0","2.0.19","0.9246154901460429","1","0.95","0","0.6756731455227554","0.9977880029182914","0.9947251182393645","1","0.911274054007041","NO_BOND","0","0","0","1","0","94.493501589","1064","0","0","0","0"
"4LhqjPqhFMdXPMPN3B7raXVmd8zCKdEddRcrFuRf46Y9","5","0","2.0.19","0.8326646992282623","1","0.95","0.9","0.6756731455227554","0.9618615531937618","0.9971238386632094","1","0.9111530095987823","NO_BOND","0","0","0","1","0","0","1065","0","0","0","0"
"A9V5e8ZLwQ2ArKZnCcrmz9Q92pDCkUXE5tqJmJDZkCMo","8","0","2.0.17","1","1","0.92","0.92","0.8404679119581911","0.968035363249348","0.8899547069118801","0.2485692656510453","0.9110322346004528","COMMISSION,SCORE,NO_BOND","0","0","0","1","0","0","1066","0","0","0","0"
"46mwXQRqWwj8Jp4ZR2tL1Yr3Snm99xDfKUs5jz7hLmEK","1","0","2.0.19","1","1","0.99","0.99","0.770290516389543","0.7793746850774765","0.6480102150716736","0.9081788701527302","0.9108743125356022","SCORE,NO_BOND","0","0","0","1","0","0","1067","0","0","0","0"
"57QggzHa8AEELBU3C8RG567oGmbG6VyoX5jsi6M3gaHp","4","0","2.0.18","0.803471209332451","1","0.96","0.96","0.9452388484454748","0.9960499464099887","0.8899547069118801","0.9806683378688034","0.9107901655751791","NO_BOND","0","0","0","1","0","0","1068","0","0","0","0"
"GMpKrAwQ9oa4sJqEYQezLr8Z2TUAU72tXD4iMyfoJjbh","5","0","2.0.19","1","1","0.95","0","0.8664877804935314","0.8740145471054379","0.8035455061174237","0.9891577204649138","0.9105563441194484","NO_BOND","0","0","0","1","0","0","1069","0","0","0","0"
"3YbHJFAAAXYQDNxJmHJY3z8CFZDyev2evHEtHwX6PBUW","5","0","2.0.18","0.8302806764422732","1","0.95","0.9","0.6756731455227554","0.9842597944565771","0.9814884080332837","0.996235206728939","0.9102911769170642","NO_BOND","0","0","0","1","0","0","1070","0","0","0","0"
"8d25KBXdovroNVbjRmvDeW7H3QMW2nfZZo7G9zQ693ki","3","0","2.0.19","0.7635599093195591","0.9821864492127227","0.97","0.9","0.978601504976187","0.9841794655832776","0.997376118970049","1","0.9102230716723099","NO_BOND","0","0","0","1","0.001790997","0","1071","0","0","0","0"
"FLCrbfbwEhFARa8nK9rnZw8BVtKNAuHujh9EhWy5A4U4","5","0","2.0.19","0.8341659576857327","1","0.95","0.9","0.6756731455227554","0.9988367445298785","0.9577441582972839","1","0.9101342817639229","NO_BOND","0","0","0","1","0","0","1072","0","0","0","0"
"CzGLRXJXoDo9q86MpphPVNNsTgAxHvZfUfAiouWDH89M","0","0","2.0.19","0.9739740704345101","1","1","1","0.770290516389543","0.7793746850774765","0.6480102150716736","1","0.9100156984723649","SCORE,NO_BOND","0","0","0","1","0","0","1073","0","0","0","0"
"DD74C776HxSr7rzBhoawFqGf2NBbxurBXkjPU1oTkNJm","5","0","2.0.19","0.8760046016047451","1","0.95","0","0.9741870446378578","0.9961269683050649","0.9577441582972839","1","0.9099196014008869","NO_BOND","0","0","0","1","0","0","1074","0","0","0","0"
"7F6Q6C9sthb4DPaM3gnncwopgJmuFFTu1jYjhBUdvqhj","0","0","2.0.19","0.7869416134252097","1","1","1","0.8404679119581911","0.8857472340497605","0.9999728027702854","1","0.9099188668193194","","0","0","0","1","0","0","1075","0","0","0","0"
"DiSGejVwMNoXn3Digh4sPpNErMtu7UuKATRHdsBu9sgS","5","0","2.0.19","0.9186721473505508","1","0.95","0","0.6756731455227554","0.999628769762822","0.9947251182393645","1","0.9095349853805464","NO_BOND","0","0","0","1","0","0","1076","0","0","0","0"
"Ec37CQZjwRgGnuMmUi3BnEBXS5Xa3siakAPxPkHtahSf","7","0","2.0.19","0.8674325938860853","1","0.93","0.93","0.6756731455227554","0.9842597944565771","0.8990234197505745","0.9836546917412","0.9094146669600255","NO_BOND","0","0","0","1","0","0","1077","0","0","0","0"
"ERut3CwqVeoa616QBaoHc5jL52RpkXjZZZ7MeaMaCtLi","8","0","2.0.19","1","1","0.92","0.92","0.8664877804935314","0.8740145471054379","0.8035455061174237","0.5052730393123182","0.9090241066257326","COMMISSION,SCORE,NO_BOND","0","0","0","1","0","0","1078","0","0","0","0"
"BkSS8kGUNcQkTgEKMmBhHxGVLdzw43EAzDYpZqyyxFrT","2","0","2.0.18","1","1","0.98","0.98","0.9827135933740389","0.9827135933740389","0.6480102150716736","0.37496337471390073","0.9082430831156352","SCORE,NO_BOND","0","0","0","1","0","0","1079","0","0","0","0"
"2tucttroqFNXsrYeMBQ8LfzKNfgwT2rHBzAF6RzbbHEp","5","0","2.0.18","0.8073101215401955","1","0.95","0.92","0.9936929193540976","0.9936929193540976","0.9967225184897865","0.6996197796744985","0.9078676595316317","NO_BOND","0","0","0","1","0","0","1080","0","0","0","0"
"beefKGBWeSpHzYBHZXwp5So7wdQGX6mu4ZHCsH3uTar","8","0","2.0.19","1","1","0.92","0.92","0.6756731455227554","0.9641362692070283","0.8035455061174237","0.5295008736974469","0.9069980280816512","COMMISSION,SCORE,NO_BOND","0","0","0","1","1e-9","1357.451799638","1081","0","0","0","0"
"4bhoRSz53dMABDx2CkA9KSXtu5NGhoJA1SzY1h2Pttqi","5","0","2.0.19","0.9107603546467418","1","0.95","0","0.6756731455227554","0.9977880029182914","0.9947251182393645","1","0.9068046554588796","BLACKLIST,NO_BOND","1","0","0","1","0","0","1082","0","0","0","0"
"GrefCNn5jSbcWv3uiervqZiCC87F8oX7PXz9LEBiog6s","5","0","2.0.19","1","1","0.95","0.9","0.770290516389543","0.7793746850774765","0.6480102150716736","0.9659379110021825","0.9063319925904058","SCORE,NO_BOND","0","0","0","1","0","0","1083","0","0","0","0"
"BDn3HiXMTym7ZQofWFxDb7ZGQX6GomQzJYKfytTAqd5g","5","0","2.0.19","0.8153735062964503","1","0.95","0.9","0.9251153894613704","0.9258064652774458","0.8990234197505745","1","0.9055209327974799","NO_BOND","0","0","0","1","0","0","1084","0","0","0","0"
"5cYwwC8dmQ2tvtjDueHrU2B6NvmTHmoimsNGeGXVbkP8","5","0","2.0.19","0.7459355440014619","1","0.95","0.9","0.978601504976187","0.9841794655832776","0.998486789693879","1","0.905055290499753","NO_BOND","0","0","0","1","0","0","1085","0","0","0","0"
"7uPvNKF16Cv3QJghZWp9aANGaF3GVbn6XB5RuFZcQwqv","5","0","2.0.15","0.8137062583654293","1","0.95","0.9","0.6756731455227554","0.9641362692070283","0.9872221309054545","1","0.903979877611055","NO_BOND","0","0","0","1","0","0","1086","0","0","0","0"
"VaCdXKupamusfRsDf9Ai7e8Up36Z4f3MP6SqhnM7c76","5","0","2.0.19","0.8145420592830199","1","0.95","0.9","0.6756731455227554","0.9988367445298785","0.9577441582972839","1","0.9038039919565962","NO_BOND","0","0","0","1","0","0","1087","0","0","0","0"
"TKMA1fBGq4M7gF2CNnhphX6vNateFc2cm2FL2mYwq7e","5","0","2.0.19","0.8885214342684573","1","0.95","0.9","0.6756731455227554","0.9536987878467417","0.8035455061174237","1","0.9034035168303227","NO_BOND","0","0","0","1","0","0","1088","0","0","0","0"
"42QPziW5fPVjK2HWX89UE3BbyChbJD5tze2VazQU1qvw","5","0","2.0.19","0.7774733174481497","0.9893431560708742","0.95","0.9","0.9970374894787379","0.9980583583896033","0.8990234197505745","1","0.9032084738053048","NO_BOND","0","0","0","1","0","0","1089","0","0","0","0"
"DumiCKHVqoCQKD8roLApzR5Fit8qGV5fVQsJV9sTZk4a","5","0","2.0.19","0.9982793560231574","1","0.95","0.92","0.8404679119581911","0.8857472340497605","0.9865464078431047","0","0.9026889908925696","SCORE","0","0","0","1","190062.078693091","372623.955883802","1090","0","0","0","0"
"UVxJgkAkEiu5wqpR8JkBsF6yV3CPMfPivk8nUpCDKw6","5","0","2.0.19","0.8329585691297284","1","0.95","0","0.9963203137369832","0.9963203137369832","0.9963203137369832","1","0.9024580166106495","NO_BOND","0","0","0","1","1e-9","33.189801065","1091","0","0","0","0"
"63CeFmqGDCSUUbF2EZ6UfMwoCzrZYJptAvj143qVeh1","5","0","2.0.19","0.7360319096298753","1","0.95","0.9","0.989688851699361","0.9907800562608367","0.9906466236217257","1","0.9022030149344157","NO_BOND","0","0","0","1","0","0","1092","0","0","0","0"
"9tedbEYypEKXAMkHcg42rn3fXY1B8hB6cdE3ZTFouXLL","5","0","2.0.19","0.933577452604107","1","0.95","0.9","0.8664877804935314","0.8740145471054379","0.6480102150716736","0.990059522552281","0.901826568830184","NO_BOND","0","0","0","1","0","0","1093","0","0","0","0"
"8cmey1eqqVS7GRqR22NafhQWhzsdgEiciM3xiEPL2Kac","0","0","2.0.19","0.7887639694101762","1","1","0.9","0.6756731455227554","0.9992621630882464","0.9577441582972839","1","0.9017770679871339","NO_BOND","0","0","0","1","0","0","1094","0","0","0","0"
"AkTJNhRStpi6FmehZi2tit96vQgXkmgpkfGfrp4krQuN","2","0","2.0.19","0.8267483119146589","1","0.98","0.9","0.770290516389543","0.7793746850774765","0.9983271443994975","1","0.9015925414437451","NO_BOND","0","0","0","1","0","0","1095","0","0","0","0"
"BGhFJPWxDdr8ATxFYEBifgRaZXta2nZ16oav2pdwiBck","5","0","2.0.19","0.806697945188027","1","0.95","0.9","0.6756731455227554","0.9618615531937618","0.9872221309054545","1","0.9014989976170609","NO_BOND","0","0","0","1","0","0","1096","0","0","0","0"
"2b3UDcHQ8J4wLcCGjjh3f155Csoz24hrM4saG2r1Cydx","5","0","2.0.19","0.8106764675698235","0.980357910610465","0.95","0.9","0.9251153894613704","0.9258064652774458","0.8990234197505745","1","0.9008376800809013","NO_BOND","0","0","0","1","0","0","1097","0","0","0","0"
"37BPVW1Ne1XHrzK15xguAS2BTdobVfThDzTE2mv8SsnJ","0","0","2.0.18","1","1","0.9","0","0.6756731455227554","0.9536987878467417","0.8035455061174237","1","0.9004091831953365","NO_BOND","0","0","0","1","0","0","1098","0","0","0","0"
"7zKQnt19j7aZ1YjzBk6UUUdr5dGb65A36kW1TYAbB6b7","5","0","2.0.19","0.9670426464066074","1","0.95","0","0.8404679119581911","0.8857472340497605","0.8035455061174237","1","0.9000811617613365","NO_BOND","0","0","0","1","0","0","1099","0","0","0","0"
"GYRsheZ78JMfMNETuAZNrs6L1U3GsHP5crzzLPeETDYm","5","0","2.0.19","0.8320504218126309","1","0.95","0.9","0.770290516389543","0.7793746850774765","0.9983271443994975","1","0.8995544478624458","NO_BOND","0","0","0","1","0","0","1100","0","0","0","0"
"mrgn4t2JabSgvGnrCaHXMvz8ocr4F52scsxJnkQMQsQ","0","0","2.0.19","1","1","1","1","0.770290516389543","0.7793746850774765","0.6480102150716736","0.6943952180278962","0.8986947220759356","SCORE,NO_BOND","0","0","0","1","0","0","1101","0","0","0","0"
"8e8QYWHrPEEpAk7rDJ3BSKm9YGnfb8cwmGzo6EMb7tYb","5","0","2.0.19","0.8278523715073423","1","0.95","0.9","0.770290516389543","0.7793746850774765","0.9983271443994975","1","0.8982002380865461","NO_BOND","0","0","0","1","0","0","1102","0","0","0","0"
"4MU64AyHBkRBUAYgAm91sP5vFgzUUgFHuS82CVhE8Q2Q","5","0","2.0.19","0.8830451688730055","1","0.95","0","0.6756731455227554","0.9936599168777814","0.9971238386632094","1","0.897774293066508","NO_BOND","0","0","0","1","0","0","1103","0","0","0","0"
"3hxomW2SZyW23BVsxQdLb7nqKqUF6UBAd3bNKWA9n8j1","0","0","2.0.19","1","1","1","0","0.8664877804935314","0.8740145471054379","0.6480102150716736","1","0.8974341955674215","NO_BOND","0","0","0","1","0","0","1104","0","0","0","0"
"AsiGmWgxcbZm3FdbYHJ241pqt7r5FjUndATazYeJ871w","5","0","2.0.19","0.7846664444481057","1","0.95","0.9","0.6756731455227554","0.9930302624857659","0.9872221309054545","1","0.8974083886001835","NO_BOND","0","0","0","1","0","0","1105","0","0","0","0"
"EQahA1H9zQDGTHzt5uGq1YXoiFSaYU8WxjtfCCGjUAv1","5","0","2.0.19","0.7803589538126673","1","0.95","0.9","0.6756731455227554","0.9936599168777814","0.9971238386632094","1","0.897357449498657","NO_BOND","0","0","0","1","0","0","1106","0","0","0","0"
"H3PePkvEDsq7kUaHttsjkjxHf2Cwiay1cyLJhakstg99","5","0","2.0.19","0.7843267065870535","1","0.95","0.9","0.6756731455227554","0.9930302624857659","0.9872221309054545","1","0.8972987957417795","NO_BOND","0","0","0","1","0","0","1107","0","0","0","0"
"rFLcT89WTT6kJsKmrMzpz5FUZHy7Z9bycBF1Q1SMy6i","0","0","2.0.19","0.7720539292935014","1","1","0.92","0.6756731455227554","0.9936599168777814","0.9577441582972839","1","0.896571418316226","NO_BOND","0","0","0","1","0","0","1108","0","0","0","0"
"9QAWHKhWuwAYc6vZhGarcai9WeFeZNeBJTNfMbNTbKQ9","5","0","2.0.20","0.8134804197878029","1","0.95","0","0.9944204589052517","0.9957290101647214","0.9991847012846553","1","0.8963645468168165","NO_BOND","0","0","0","1","0","0","1109","0","0","0","0"
"9QU2QSxhb24FUX3Tu2FpczXjpK3VYrvRudywSZaM29mF","7","39.061925185","2.0.19","1","1","0.93","0.92","0.8404679119581911","0.968035363249348","0.8899547069118801","0","0.896244991655224","SCORE","0","0","0","1","3.0000000000000004e-9","0","1110","0","0","0","0"
"BUS3ixL7siraZR1tLhtquN4useHGRT87m5NJHLuMSSMp","0","0","2.0.15","1","1","1","0","0.6756731455227554","0.9877382795765751","0.6480102150716736","1","0.8961290964536107","NO_BOND","0","0","0","1","0","0","1111","0","0","0","0"
"B88zXQkusXcsMn3e28ZCjZHWAAYv9ryBHXZj3EwcsSPm","0","0","2.0.15","1","1","1","0","0.6756731455227554","0.9877382795765751","0.6480102150716736","1","0.8961290964536107","NO_BOND","0","0","0","1","0","0","1112","0","0","0","0"
"5NbEJGaA9J3TL7ZkwFxwAmeNLsUd6K3miPDjcmesE1av","0","0","2.0.19","1","1","1","0","0.6756731455227554","0.9877382795765751","0.6480102150716736","1","0.8961290964536107","NO_BOND","0","0","0","1","0","0","1113","0","0","0","0"
"CvSb7wdQAFpHuSpTYTJnX5SYH4hCfQ9VuGnqrKaKwycB","5","0","2.0.18","1","1","0.95","0.75","0.8664877804935314","0.8740145471054379","0.9676857789784912","0","0.8951755586521722","SCORE,NO_BOND","0","0","0","1","2e-9","0","1114","0","0","0","0"
"AEtdq4CwtuktCEUWLLpRTNPBZs6tr7BBqxkHJ1DjAttR","5","0","2.0.19","0.78927587847256","1","0.95","0.9","0.6756731455227554","0.9936599168777814","0.9577441582972839","1","0.8951526277288256","NO_BOND","0","0","0","1","0","0","1115","0","0","0","0"
"Cue647T8jgwpRSDUb8ttTYx7NiEfJCRZNiiw1qmchXsG","5","0","2.0.19","0.7138820355879322","1","0.95","0.9","0.9936929193540976","0.9936929193540976","0.9816713170434049","1","0.8944400071233365","NO_BOND","0","0","0","1","0","0","1116","0","0","0","0"
"5CBkJdDPMWCmss3Y48B36w78Bgxur4mDib6tQ9yMKe1B","5","0","2.0.19","0.9089909532289728","1","0.95","0.9","0.6756731455227554","0.9988326535042892","0.6480102150716736","1","0.8943053111011225","NO_BOND","0","0","0","1","0","0","1117","0","0","0","0"
"FdGcvmbpebUwYA3vSywnagsaC3Tq3pAVmcR6VoxVcdV9","7","0","2.0.19","0.793325276307961","1","0.93","0.9","0.6756731455227554","0.9536987878467417","0.9995478523295555","0.9805371626021403","0.8942310694254145","","0","0","0","1","0","0","1118","0","0","0","0"
"C2HZnYeF5BBbtAA96iZYcFPv3vqRUur7ZXXYAAZ1GMfw","5","0","2.0.19","0.8129214805011051","1","0.95","0.95","0.770290516389543","0.7793746850774765","0.9907958424202312","1","0.8942291375065643","NO_BOND","0","0","0","1","0","0","1119","0","0","0","0"
"DksQwx83WoiCWWCWqUQZckgfuz5oz3fTweZyFrtTZCfw","5","0","2.0.19","0.7101294022114566","1","0.95","0.9","0.978601504976187","0.9841794655832776","0.998486789693879","1","0.8935049221803965","NO_BOND","0","0","0","1","0","0","1120","0","0","0","0"
"ENjAU1VZvBTAMCwg9ZayfxLaRQEPExcR2ujH7VdeBkDh","5","0","2.0.19","0.7817855452516185","1","0.95","0.9","0.6756731455227554","0.999264601014267","0.9577441582972839","1","0.8932787799933429","NO_BOND","0","0","0","1","0","0","1121","0","0","0","0"
"9MDcVy7CjbNuxUvSzeUFbppSP1XWzXGTPo1PiC4CqtGM","5","0","2.0.19","0.813464145456765","0.9275092088164446","0.95","0.9","0.9251153894613704","0.9258064652774458","0.8990234197505745","1","0.8932129468518467","NO_BOND","0","0","0","1","0","0","1122","0","0","0","0"
"8NQEDxYxwUEPQk1yKFJEGHvYj22Je5xUQWLPkHfKkwrD","5","0","2.0.19","0.9435927780380367","1","0.95","0","0.8664877804935314","0.8740145471054379","0.8035455061174237","1","0.8930599679726917","NO_BOND","0","0","0","1","0","0","1123","0","0","0","0"
"GPjDwfsmy8A8ZpPHB4uTwZQhPnbA3mRQeRsY58uXqeDy","0","7218.713726798","2.0.19","0.7443649235822554","1","1","1","0.6756731455227554","0.9618615531937618","0.9998229138236933","1","0.8928990916691651","","0","0","0","1","0","0","1124","0","0","0","0"
"FXbkkbLWH4PxSK8t1JmKAHn4pEvGsCFyMT7pfgwm62us","5","0","2.0.19","0.7460643180484672","1","0.95","0.9","0.9921072360285483","0.9934913899001508","0.8899547069118801","1","0.8928651822545078","","0","0","0","1","0","0","1125","0","0","0","0"
"E2J7T2reBRF1VesJJozG6T73RiLoNBqjfFmZR3zoDkGK","5","0","2.0.19","0.8194576390216524","0.9738846692572669","0.95","0","0.989688851699361","0.9907800562608367","0.9906466236217257","1","0.8921946484893868","NO_BOND","0","0","0","1","0","0","1126","0","0","0","0"
"H1kyn75BFTXr8QRmToRRvuEEmYan5n6M5APyfhMLau3b","5","0","2.0.19","0.9027796346019945","1","0.95","0.9","0.8404679119581911","0.8857472340497605","0.6480102150716736","1","0.891989830076526","NO_BOND","0","0","0","1","0","0","1127","0","0","0","0"
"FsT844wGgZg7MLR9Uc9T9qHQxmSoFVanhfgAEQvS966r","5","0","2.0.19","0.8231173953470277","1","0.95","0.92","0.8404679119581911","0.968035363249348","0.8899547069118801","0.7692147972552876","0.8913118157836386","NO_BOND","0","0","0","1","0","0","1128","0","0","0","0"
"3N7s9zXMZ4QqvHQR15t5GNHyqc89KduzMP7423eWiD5g","8","0","2.0.19","1","1","0.92","0.9","0.6756731455227554","0.9536987878467417","0.955275728848644","0","0.8906778570961391","COMMISSION,SCORE,NO_BOND","0","0","0","1","0.080128097","6.844868665","1129","0","0","0","0"
"8GqyNGq1DGAbQLJCqidEV3cyPzByQdj9Ak5MrVibnu6c","5","0","2.0.19","0.9329932234706055","1","0.95","0","0.6756731455227554","0.9986806568199482","0.8035455061174237","1","0.8893945974413261","NO_BOND","0","0","0","1","0","0","1130","0","0","0","0"
"5fdEXhCBKC7FRRsH64asZCSiwgNXRozxmzb1cFzfrtWM","5","0","2.0.19","0.7596999767211062","1","0.95","0.9","0.6756731455227554","0.9930302624857659","0.9872221309054545","1","0.8893546893334093","NO_BOND","0","0","0","1","0","0","1131","0","0","0","0"
"fVotEjqpmpQYgyVyBCwYm62BKqqTQNE6SpYnRmdBazH","5","0","2.0.19","0.7048871540205139","1","0.95","0.9","0.9970374894787379","0.998983097618835","0.9577441582972839","1","0.8891787885551051","","0","0","0","1","0","0","1132","0","0","0","0"
"6H2opQ2ebr3B6PPnjVFoMQK8pFiJhjb6AqWTjAYGqLYH","5","0","2.0.19","0.7525263324128153","1","0.95","0.9","0.6756731455227554","0.9977880029182914","0.9947251182393645","1","0.8884691644156775","NO_BOND","0","0","0","1","0","0","1133","0","0","0","0"
"GE6atKoWiQ2pt3zL7N13pjNHjdLVys8LinG8qeJLcAiL","5","865.300616404","2.0.18","1","1","0.95","0.95","0.770290516389543","0.7793746850774765","0.6480102150716736","0.6531824907509833","0.8879713203161349","SCORE","0","0","0","1","0","937.166507294","1134","0","0","0","0"
"B6nDYYLc2iwYqY3zdmavMmU9GjUL2hf79MkufviM2bXv","5","0","2.0.19","0.7683257356501025","1","0.95","0.95","0.6756731455227554","0.9916892361917717","0.9984868159700495","0.8748539085075564","0.8872040786134571","NO_BOND","0","0","0","1","0.032248015000000005","40.457161236999994","1135","0","0","0","0"
"Ev3gPXRo6TJeQ2QhxfqWFoasdoGbmDytYvJbUabEHfLf","0","0","2.0.18","0.7359454343813424","1","1","1","0.9251153894613704","0.9258064652774458","0.8990234197505745","0.9442358234277128","0.8861828982072976","","0","0","0","1","1e-9","0","1136","0","0","0","0"
"3ucuV6s4F3jvhvMrx9hz69abis2Q6P14aDxpdtP65kCc","5","0","2.0.19","0.6873927854385042","1","0.95","0.9","0.978601504976187","0.9841794655832776","0.9967494563986543","1","0.885946357634899","NO_BOND","0","0","0","1","0","0","1137","0","0","0","0"
"6UDU4Z9TTbYy8gcRKBd7RX3Lm2qMsSR4PMuzoyYPzLma","5","0","2.0.19","0.8217648583954573","1","0.95","0.902","0.6756731455227554","0.9916892361917717","0.8035455061174237","1","0.8856183163885514","NO_BOND","0","0","0","1","0","0","1138","0","0","0","0"
"BgjQPDdsHeD9XXs7pYyHsmvKdkLR1A4SBNYs3mLmPUCD","5","0","2.0.19","0.7529568471515666","1","0.95","0.9","0.6756731455227554","0.9618615531937618","0.9971238386632094","1","0.8854407992514614","NO_BOND","0","0","0","1","0","0","1139","0","0","0","0"
"6oKqaVoS6o8hHSzP8uFp7E7C6c9i7hfznvSb5noBQAFT","5","0","2.0.19","0.8417478219387187","1","0.95","0.9","0.9402435887823499","0.9479844201336193","0.6480102150716736","1","0.8847622425044981","NO_BOND","0","0","0","1","0","0","1140","0","0","0","0"
"CqDkE6NwoHNyRdU3x4h52pKrf3iD4RyTszwhNYyRyXKm","5","0","2.0.19","0.785573929818447","1","0.95","0.9","0.770290516389543","0.7793746850774765","0.9998489695033037","1","0.8847583956196517","NO_BOND","0","0","0","1","0","0","1141","0","0","0","0"
"6FMaXpe2KWDeqzKVuKBAJRgG79zARSLsFkwYyKrij4vX","5","0","2.0.19","0.6827856365401203","1","0.95","0.9","0.978601504976187","0.9841794655832776","0.997376118970049","1","0.8845410402575357","NO_BOND","0","0","0","1","0","0","1142","0","0","0","0"
"H43AYFsvhNuALQieHpLXefp1ECgEBT6oVnS4EcTsC25C","1","0","0.302.20104","0.8959247612668788","1","0.99","0","0.770290516389543","0.7793746850774765","0.986220225017172","0.8962842229270079","0.8841957434388068","NO_BOND","0","0","0","1","0","0","1143","0","0","0","0"
"5cJyfCLBfghRtoCuVJNreJgNCStqXLrhHmRhSRYtbgtr","10","0","2.0.19","0.8059931411576511","1","0.9","0","0.9452388484454748","0.9960499464099887","0.9938552747519105","1","0.8838722595711311","COMMISSION,NO_BOND","0","0","0","1","0","0","1144","0","0","0","0"
"EtMSc3MvcDXUr6ChK5GxyFVwTxYA3zqP5XzjE9jwKvSV","0","0","2.0.19","0.9039165965681184","1","1","0.9","0.770290516389543","0.7793746850774765","0.6480102150716736","1","0.8837823198057869","SCORE","0","0","0","1","0","111.295643704","1145","0","0","0","0"
"Haz7b47sZBpxh9SwggGndN3fAyNQ1S949BPdxWXS3ab6","0","0","2.0.19","1","1","1","1","0.770290516389543","0.7793746850774765","0.6480102150716736","0.4526748409200724","0.8830998590367213","SCORE,NO_BOND","0","0","0","1","0","0","1146","0","0","0","0"
"4xgikZyMhE6wXP5HVZR7v5j2sRPYndBcexP7jQ1U9rsJ","5","0","2.0.19","0.7448868917650451","0.9319949304364645","0.95","0.9","0.8664877804935314","0.998515693824316","0.9577441582972839","1","0.8826455756607072","NO_BOND","0","0","0","1","0","0","1147","0","0","0","0"
"CcaHc2L43ZWjwCHART3oZoJvHLAe9hzT2DJNUpBzoTN1","7","0","2.0.18","0.9329107029532022","1","0.93","0.93","0.9452388484454748","0.9763758892609269","0.8899547069118801","0","0.8825332652210732","SCORE,NO_BOND","0","0","0","1","5031.251349426","4517.929073504","1148","0","0","0","0"
"6x9uLhegx488uA3dPoq8DWHS488K4FsEqeeMXeW7kQPx","8","0","2.0.19","1","1","0.92","0.92","0.9705964568678712","0.9705964568678712","0.6480102150716736","0.15602097380701774","0.8824859707174222","COMMISSION,SCORE,NO_BOND","0","0","0","1","0","0","1149","0","0","0","0"
"GakAanHMN4dYY8rMKL1e6uUKjNJj2nN2sENFaxzdMEBm","0","0","2.0.19","0.6457832879995404","1","1","1","0.9936929193540976","0.9936929193540976","0.9816713170434049","1","0.882354282094823","NO_BOND","0","0","0","1","0","0","1150","0","0","0","0"
"4QCeaNWTRsKY7Taw6PtneftQbuJCnqEuHpXW4cbSVvLB","0","124754.44667399701","2.0.18","0.7076346075133083","1","1","1","0.6756731455227554","0.9930302624857659","0.9872221309054545","0.9936159653329741","0.8820291486426988","","0","0","0","1","0","0","1151","0","0","0","0"
"E7SeJHDuThghiqzyq5WRP67zGr4JzLCQYqeAeHKc8vwM","5","0","2.0.19","0.7333527908509705","1","0.95","0.9","0.6756731455227554","0.999628769762822","0.9872221309054545","1","0.8814941623375967","NO_BOND","0","0","0","1","0","0","1152","0","0","0","0"
"FKsC411dik9ktS6xPADxs4Fk2SCENvAiuccQHLAPndvk","7","0","2.0.19","1","1","0.93","0.92","0.770290516389543","0.7793746850774765","0.9499491437909161","0","0.8812011504250059","SCORE,NO_BOND","0","0","0","1","0","0","1153","0","0","0","0"
"A8ARsTnLNEieHGNvnjoiJj9A1JY98dXbnohA18YRmDzN","5","0","2.0.19","0.6698109938101962","1","0.95","0.9","0.978601504976187","0.9841794655832776","0.997376118970049","1","0.8803556716349795","NO_BOND","0","0","0","1","0","0","1154","0","0","0","0"
"2LrSZWeyvFovnzVFpFPQE7Lxt64xs3s3Re9HLxMJtGwf","10","0","2.0.18","0.7823043872756539","1","0.9","0.924","0.9452388484454748","0.9960499464099887","0.8899547069118801","0.7487881822963303","0.8801969355199236","COMMISSION,NO_BOND","0","0","0","1","0","0","1155","0","0","0","0"
"55L7AV93xRmx5F7rX1GCfsHxfYWNu4bKsG6f8tG6dFRo","8","0","2.0.19","1","1","0.92","0.92","0.770290516389543","0.7793746850774765","0.9499491437909161","0","0.8799516665540382","COMMISSION,SCORE,NO_BOND","0","0","0","1","0","0","1156","0","0","0","0"
"6aow5rTURdbhbeMDrFrbP2GR5vZjMEhktEy87iH1VGPs","10","0","2.0.19","0.9377528181124618","1","0.9","0.92","0.9402435887823499","0.9479844201336193","0.8035455061174237","0.21423157524663128","0.8795853481952624","COMMISSION,SCORE,NO_BOND","0","0","0","1","0","0","1157","0","0","0","0"
"6h4mhExruKD3zp7FLFU6ZDK9yVqoLHHdKVGpGXcauveT","5","0","2.0.19","0.7069911793317174","1","0.95","0.9","0.9741870446378578","0.9896419266535678","0.8899547069118801","1","0.8787322738774553","","0","0","0","1","0","0","1158","0","0","0","0"
"62vDttWmru9mXm1cFBcHa8f7ymya46gqfUTjyZd61M66","1","0","2.0.16","0.8884564434221015","1","0.99","0.92","0.770290516389543","0.7793746850774765","0.6480102150716736","1","0.8782725284683622","SCORE,NO_BOND","0","0","0","1","0","0","1159","0","0","0","0"
"H3GhqPMwvGLdxWg3QJGjXDSkFSJCsFk3Wx9XBTdYZykc","10","0","2.0.18","0.775428190774643","1","0.9","0","0.9992647209161146","0.9992647209161146","0.9994446751600765","0.991399081883313","0.8779755605398045","COMMISSION,NO_BOND","0","0","0","1","0","0","1160","0","0","0","0"
"NDf9Pv6TAxTDPR6ud3djsd2Ux1WS2m2YfTw4qEmSnQH","5","0","2.0.19","0.9080304642511949","1","0.95","0.95","0.770290516389543","0.7793746850774765","0.6480102150716736","0.9563278793821843","0.8778614951475656","SCORE,NO_BOND","0","0","0","1","0","0","1161","0","0","0","0"
"4nDMcu6F7zeBfrXcM23JnRQkvqS4oYeyKf9PduoFqGrh","5","0","2.0.19","0.7808613983668525","1","0.95","0.9","0.770290516389543","0.7793746850774765","0.9577441582972839","1","0.8778053453183606","NO_BOND","0","0","0","1","0","0","1162","0","0","0","0"
"CatzoSMUkTRidT5DwBxAC2pEtnwMBTpkCepHkFgZDiqb","0","0","2.0.19","0.9872546130981045","1","1","1","0.9402435887823499","0.9479844201336193","0.6480102150716736","0","0.8770654009430097","SCORE,NO_BOND","0","0","0","1","0.011298769","59.392106557","1163","0","0","0","0"
"6D2jqw9hyVCpppZexquxa74Fn33rJzzBx38T58VucHx9","8","0","2.0.19","1","1","0.92","0.92","0.8664877804935314","0.8740145471054379","0.8035455061174237","0","0.8764258460249379","COMMISSION,SCORE,NO_BOND","0","0","0","1","0","0","1164","0","0","0","0"
"FQwewNXahV7MiZcLpY6p1xhUs2acVGQ3U5Xxc7FzV571","8","0","2.0.19","0.9518535236251605","1","0.92","0.92","0.770290516389543","0.7793746850774765","0.6480102150716736","0.7879174935817157","0.8762940700552662","COMMISSION,SCORE,NO_BOND","0","0","0","1","1e-9","4.446655101","1165","0","0","0","0"
"9GJmEHGom9eWo4np4L5vC6b6ri1Df2xN8KFoWixvD1Bs","2","0","2.0.18","1","1","0.98","0.98","0.770290516389543","0.7793746850774765","0.6480102150716736","0.3969563604004508","0.876279311906423","SCORE","0","0","0","1","1e-9","0","1166","0","0","0","0"
"5BAi9YGCipHq4ZcXuen5vagRQqRTVTRszXNqBZC6uBPZ","5","0","2.0.19","0.7187348369647875","1","0.95","0.9","0.6756731455227554","0.9930302624857659","0.9872221309054545","1","0.8761401281216936","","0","0","0","1","0","0","1167","0","0","0","0"
"4sFsBDei4m7UXwuMeAGVmnJxZe9peJ5tvq581HoT9aH9","5","0","2.0.19","0.7738538009878445","1","0.95","0.9","0.770290516389543","0.7793746850774765","0.9577441582972839","1","0.8755448300348097","NO_BOND","0","0","0","1","0","0","1168","0","0","0","0"
"FGRz29GorTc2T6MARp1XF9ZMJzVVNfdfNS4rHUXJPgVa","5","0","2.0.20","1","1","0.95","0","0.770290516389543","0.7793746850774765","0.6480102150716736","0.983618088791392","0.8747649072864837","SCORE,NO_BOND","0","0","0","1","0","0","1169","0","0","0","0"
"9QFvZhLvpbcFJTPkKq5wTWR2DGTXqrsP8z9igPgjSsZ1","0","0","2.0.19","0.6148385873920637","1","1","1","0.9921072360285483","0.9934913899001508","0.9979921945593466","1","0.8743562352875992","NO_BOND","0","0","0","1","0","0","1170","0","0","0","0"
"DUxWarcMsNYD5EKj3mchf7ssT9j6h4Bdw3VFJi7QxDry","5","0","2.0.19","0.7485799037378363","0.9977322129392344","0.95","0.9","0.6756731455227554","0.9842597944565771","0.8990234197505745","1","0.8731725630803896","BLACKLIST,NO_BOND","1","0","0","1","0","0","1171","0","0","0","0"
"8jxSHbS4qAnh5yueFp4D9ABXubKqMwXqF3HtdzQGuphp","5","0","2.0.18","0.8142598373984887","1","0.95","0","0.9251153894613704","0.9258064652774458","0.8990234197505745","1","0.8724539428303956","NO_BOND","0","0","0","1","0.008485246","1.431639662","1172","0","0","0","0"
"G5rpFxdBqmZGg9Dm7QZwqatKa1YRPE5HDxZqohw7zbz8","7","0","2.0.18","0.7291944965600835","1","0.93","0.92","0.8404679119581911","0.968035363249348","0.8899547069118801","0.9771224043706882","0.8719285327630372","NO_BOND","0","0","0","1","0","0","1173","0","0","0","0"
"26MXTErkUfxTGJ78WKjNtVSTXHBrZEPYFY3oeuGeewz5","5","0","2.0.19","0.7002598207628654","1","0.95","0.9","0.6756731455227554","0.9999076073535657","0.9872221309054545","1","0.8708459949792478","NO_BOND","0","0","0","1","0","0","1174","0","0","0","0"
"AiDoLYTz5CVN3ZLzqDWRtaGUaHGzDnWMeC6KCNYJPqFX","0","0","2.0.19","0.7902464866302872","1","1","1","0.6756731455227554","0.9536987878467417","0.8035455061174237","0.8315071249146272","0.8707130256512114","NO_BOND","0","0","0","1","0","0","1175","0","0","0","0"
"he1iusunGwqrNtafDtLdhsUQDFvo13z9sUa36PauBtk","0","4323.922317276","2.0.19","1","1","1","1","0.8404679119581911","0.8857472340497605","0.6480102150716736","0","0.8687167221403986","SCORE","0","0","0","1","1e-9","1222.584394556","1176","0","0","0","0"
"EdkhvJYa3kWQkFJAPzmGsQyi1D2JA5a7vwWw4hDuwbt","5","0","2.0.19","0.6311817010334952","1","0.95","0.9","0.989688851699361","0.9907800562608367","0.9906466236217257","1","0.8683803670000996","NO_BOND","0","0","0","1","0","0","1177","0","0","0","0"
"5s3vajJvaAbabQvxFdiMfg14y23b2jvK6K2Mw4PYcYK","0","0","2.0.19","0.9218537594835775","0.9749976803078466","1","0","0.6756731455227554","0.9988326535042892","0.6480102150716736","1","0.8679616486522608","NO_BOND","0","0","0","1","0","0","1178","0","0","0","0"
"8Tz3KbpHjUPxFHwyvWrdoQ5K464NZb6trntqNS5qW875","5","0","2.0.18","0.7699126794435023","1","0.95","0","0.9827135933740389","0.9827135933740389","0.8990234197505745","1","0.867371562590565","NO_BOND","0","0","0","1","0","0","1179","0","0","0","0"
"HG7a8fgjTkQhGFTPukbTdf5FCwxVVjKzkbo6ToNswTXH","5","0","2.0.19","0.7829153545962267","1","0.95","0","0.9251153894613704","0.9258064652774458","0.8990234197505745","1","0.8623428193457949","BLACKLIST,NO_BOND","1","0","0","1","0","0","1180","0","0","0","0"
"6B4Cu11nC7reP3F3wgKVtrHKALH6nFi6io9TXyYijweB","5","0","2.0.19","0.6075079859539729","1","0.95","0.9","0.9921072360285483","0.9934913899001508","0.9979921945593466","1","0.8621099122430537","NO_BOND","0","0","0","1","0","0","1181","0","0","0","0"
"VMP1iN9D34jQo1GFvJs87SWQxvs2eL1VEkT3aEU7nEG","5","0","2.0.19","0.7713121708840724","1","0.95","0.9","0.9402435887823499","0.9479844201336193","0.6480102150716736","1","0.8620410647449348","NO_BOND","0","0","0","1","0","0","1182","0","0","0","0"
"6AdK8MMRrUUN7nn7SPkbiu1FjyL5mJpX8sPAhg3r2JWN","5","0","2.0.20","0.7167403454847079","0.9780069324075622","0.95","0","0.9944204589052517","0.9957290101647214","0.9987838562186749","1","0.8615590803246534","NO_BOND","0","0","0","1","0","0","1183","0","0","0","0"
"27JusH756d8Wc3shn5rB7PxBW1Xwmi3CA3Qeh3KtXf3z","5","0","2.0.19","0.6632757279912789","1","0.95","0.9","0.9452388484454748","0.9753564047824665","0.8899547069118801","1","0.861380419961247","NO_BOND","0","0","0","1","0","0","1184","0","0","0","0"
"BtY1xJFYukPn1sFnixMDpXcUt1feL4sGqQC9A3LZi1Rq","5","0","2.0.19","0.7685631625247282","1","0.95","0","0.6756731455227554","0.9977880029182914","0.9947251182393645","1","0.8609345934840362","NO_BOND","0","0","0","1","0","0","1185","0","0","0","0"
"J1to2NAwajc8hD6E6kujdQiPn1Bbt2mGKKZLY9kSQKdB","4","0","2.0.20","1","1","0.96","0.92","0.8404679119581911","0.8857472340497605","0.6480102150716736","0","0.860811431817818","SCORE,NO_BOND","0","0","0","1","0","0","1186","0","0","0","0"
"6jzDwKeR21EFHwaRgZMefMxJ9D2vnQRqfYxkpUuJppPh","2","0","2.0.18","1","1","0.98","0.98","0.770290516389543","0.7793746850774765","0.6480102150716736","0.15602994794545255","0.8607356723931974","SCORE,NO_BOND","0","0","0","1","0","0","1187","0","0","0","0"
"J1to1yufRnoWn81KYg1XkTWzmKjnYSnmE2VY8DGUJ9Qv","4","0","2.0.20","1","1","0.96","0.92","0.6756731455227554","0.9877382795765751","0.6480102150716736","0","0.8600496125826429","SCORE,NO_BOND","0","0","0","1","0","0","1188","0","0","0","0"
"63mj5NgxsJigb6GEc4KVMsydnM4fQ8qg5ujU57puT154","0","0","2.0.19","0.6042090145905924","1","0.95","0.9","0.978601504976187","0.9841794655832776","0.994487345655914","1","0.8588209979107028","NO_BOND","0","0","0","1","0","0","1189","0","0","0","0"
"9Diao4uo6NpeMud7t5wvGnJ3WxDM7iaYxkGtJM36T4dy","1","0","0.101.20106","0.9756512798195743","1","0.99","0","0.8404679119581911","0.8857472340497605","0.6480102150716736","0.5336310215445284","0.8576986847624889","SCORE,NO_BOND","0","0","0","1","0","0","1190","0","0","0","0"
"HpeyxYuEXXdB7Xx58pWN6o6aKdw6mxSRBHYAZpXsdkpS","5","0","2.0.19","0.6034629967915737","0.9812778586029052","0.95","0.9","0.9936929193540976","0.9936929193540976","0.9938552747519105","1","0.8573733857002706","NO_BOND","0","0","0","1","0","0","1191","0","0","0","0"
"sagasJDjjAHND4hien3bbo5xXkzCT5Ss6nKjyUJ45aw","5","0","2.0.19","0.7457011282709614","1","0.95","0.9","0.6756731455227554","0.9536987878467417","0.8035455061174237","1","0.8573324503795177","NO_BOND","0","0","0","1","0","0","1192","0","0","0","0"
"CvfYpW8gRQ7bHy9uvuvqy2vpcNmXuBnvaoa2AC8pGHJx","5","0","2.0.19","0.9000498755210719","1","0.95","0","0.6756731455227554","0.9839761760537661","0.6480102150716736","1","0.8572756269259426","NO_BOND","0","0","0","1","0","0","1193","0","0","0","0"
"sh4rko7QjstESbderAwDEGitkXuuHdXLK4h8BQkr81i","0","0","2.0.19","0.6986556578251708","1","1","1","0.8664877804935314","0.8740145471054379","0.8035455061174237","1","0.8566373485491865","NO_BOND","0","0","0","1","0","0","1194","0","0","0","0"
"JDeNVy8krNyf4dziyKnXwSMoBeFDhGUnHEeSmqWBAHkz","5","0","2.0.19","0.6532912555600624","1","0.95","0.9","0.6756731455227554","0.9936599168777814","0.9971238386632094","1","0.8563678694171716","NO_BOND","0","0","0","1","0","0","1195","0","0","0","0"
"3Ty8DYNBkK237zPvACti83EJYGxDcMcoDMCou5r3eV5Q","5","0","2.0.19","1","1","0.95","0","0.6756731455227554","0.9618615531937618","0.8035455061174237","0.19616313212778136","0.8555861044952273","SCORE,NO_BOND","0","0","0","1","0","0","1196","0","0","0","0"
"9hpbRMs6SCsVVWTeL52DPhc4FEyeN7BQvJ8xXH3F9G8e","5","0","2.0.20","0.7023137926303811","0.9672596034800065","0.95","0","0.9944204589052517","0.9957290101647214","0.9987838562186749","1","0.8551719134478455","NO_BOND","0","0","0","1","0","0","1197","0","0","0","0"
"XzMLju7T6BSSngmsPogeuryd6uswiimkPU87gB2chho","8","0","2.0.16","1","1","0.92","0.92","0.6756731455227554","0.9839761760537661","0.6480102150716736","0","0.8546876025643065","COMMISSION,SCORE,NO_BOND","0","0","0","1","0","0","1198","0","0","0","0"
"CxH3t2tDrTRAoxLceM55SPyENDh4bi2Bwqk7wNGsRNAC","5","0","2.0.19","0.6619520159971237","1","0.95","0.9","0.6756731455227554","0.999264601014267","0.9577441582972839","1","0.8546228028144738","NO_BOND","0","0","0","1","0","0","1199","0","0","0","0"
"46Q2KgTuA1dieZrdxpNBz56ujCxz3mZmwTQY7iNgbuxc","5","0","2.0.19","0.5949435611306017","1","0.95","0.9","0.9944743963228857","0.9952491977448424","0.9577441582972839","1","0.8531864074314661","NO_BOND","0","0","0","1","0","0","1200","0","0","0","0"
"2juzdQw3k2udsuA2JfkXk4Aw4psZEAnnk4sBHzwC5ZX7","5","0","2.0.19","0.6572191717908309","1","0.95","0.9","0.6756731455227554","0.9977138119816803","0.9577441582972839","1","0.8529460025189678","NO_BOND","0","0","0","1","0","0","1201","0","0","0","0"
"Ak5BJzQe2R8qFuyYmaAFPjXuD7XPux3ZNTv52D7rfiqR","10","0","2.0.19","1","1","0.9","0.9","0.8404679119581911","0.8857472340497605","0.6480102150716736","0","0.8525876898823342","COMMISSION,SCORE,NO_BOND","0","0","0","1","0","0","1202","0","0","0","0"
"8HR5rCobbFMDe5EbgKdJLNDWVCeGG79w837BUxtsCngs","6","0","2.0.19","0.6521327189554214","1","0.94","0.95","0.9452388484454748","0.9763758892609269","0.8899547069118801","0.9070727033604569","0.8524568641482702","NO_BOND","0","0","0","1","0","0","1203","0","0","0","0"
"HTtwGKgQgsQCAFDPBgN7LabHTMEkUpmTnFqEo5cBcquR","0","0","2.0.18","0.6861541928043589","1","1","0","0.9402435887823499","0.9479844201336193","0.9907958424202312","1","0.8523408301835507","","0","0","0","1","0","0","1204","0","0","0","0"
"89DXJe6XTDASsmyXJoPyRetLq1csRj9N2Bwn67fNvYGt","5","0","2.0.19","0.6788791183144128","1","0.95","0.9","0.770290516389543","0.7793746850774765","0.9983271443994975","1","0.8501443499597947","NO_BOND","0","0","0","1","0","0","1205","0","0","0","0"
"SNPWYSmpVdmFyzEm2bgQw88qZQc2bCXoH4s51SFvgsV","5","0","2.0.19","0.7693165942692215","0.9912232423049617","0.9","0","0.9998761160211764","0.9998761160211764","0.8035455061174237","1","0.849964669638471","NO_BOND","0","0","0","1","0","0","1206","0","0","0","0"
"8N4nic4yCUbHf82FCJfM51XjRDhhFA6C2ghiPfZLjAkL","5","0","2.0.19","0.7642321415453037","0.9715521756847995","0.95","0","0.6756731455227554","0.9936599168777814","0.9577441582972839","1","0.8497779022175814","NO_BOND","0","0","0","1","0","0","1207","0","0","0","0"
"6hTLQ5HSdWcpZkbXmZxXaGjCgTh7zh8UeWKWKgGE1BPp","100","0","2.0.18","1","1","0","1","0.6756731455227554","0.9618615531937618","0.9816713170434049","1","0.8480714909290457","COMMISSION,NO_BOND","0","0","0","1","0","0","1208","0","0","0","0"
"H7fXvnLCKtZqJBTipxeseabGfAZUdHJ9XuP6hCKrbvUb","0","0","2.0.19","0.6177787065475104","1","1","0.92","0.6756731455227554","0.9641362692070283","0.9872221309054545","1","0.8477516996052749","","0","0","0","1","7e-9","82.099312958","1209","0","0","0","0"
"AMZPPHg2Ht7PBMQuzwrk9FAx47xZVPwxSstC4GcuhfKo","5","0","2.0.19","0.8682403713678264","1","0.95","0","0.6756731455227554","0.9839761760537661","0.6480102150716736","1","0.847014496553928","NO_BOND","0","0","0","1","0","0","1210","0","0","0","0"
"5woJQ7GLyexhbpT8wzQQV8keYgFhZaJWKf3QGHS4YPmd","5","0","2.0.19","0.6608729327010426","1","0.95","0","0.9963203137369832","0.9963203137369832","0.9963203137369832","1","0.8469465209884928","NO_BOND","0","0","0","1","0","0","1211","0","0","0","0"
"BCVbQ44TgcDeuAEdpcdUMjy5qGKSxaeUovBqXqWNPNVh","5","0","2.0.19","0.6632249187147978","1","0.95","0","0.978601504976187","0.9841794655832776","0.997376118970049","1","0.8455233893461414","NO_BOND","0","0","0","1","0","0","1212","0","0","0","0"
"SFund7s2YPS7iCu7W2TobbuQEpVEAv9ZU7zHKiN1Gow","5","0","2.0.19","0.621406523708918","1","0.95","0.9","0.6756731455227554","0.9930302624857659","0.9872221309054545","1","0.8447438980391551","NO_BOND","0","0","0","1","0","0","1213","0","0","0","0"
"6yShbTX3KRMJLANDfo8Xo4aHYCjepjUbna9Y64mdQB1a","5","0","2.0.19","0.7602062589359275","1","0.95","0","0.6756731455227554","0.9842597944565771","0.8990234197505745","1","0.8445810304121553","BLACKLIST,NO_BOND","1","0","0","1","0","0","1214","0","0","0","0"
"cHikkH5cdo1B8oGRUpe7M3d3QUuEMrWpvDwoXgkMKtY","0","0","2.0.19","0.5632874996540053","0.9542205647076045","1","1","0.9827135933740389","0.9827135933740389","0.9577441582972839","1","0.8435007232302388","NO_BOND","0","0","0","1","0","0","1215","0","0","0","0"
"BohPTSY4vvjGd9ARFqDJjRaHZKP4bde7ewBq65WgRGmA","5","0","2.0.19","0.7977781660032548","1","0.95","0","0.770290516389543","0.7793746850774765","0.8990234197505745","1","0.842977755711173","NO_BOND","0","0","0","1","0","0","1216","0","0","0","0"
"8Pep3GmYiijRALqrMKpez92cxvF4YPTzoZg83uXh14pW","10","0","2.0.15","1","1","0.9","0","0.6756731455227554","0.9618615531937618","0.8035455061174237","0.08168757872029153","0.841953165565712","BLACKLIST,COMMISSION,SCORE,NO_BOND","1","0","0","1","0","0","1217","0","0","0","0"
"CNcaYdqkCwxDpKSVK8in5f6kqrTiZ5SuHsHFDqx6jNvu","2","0","2.0.19","0.5983740091159224","1","0.98","0.92","0.6756731455227554","0.9641362692070283","0.9994787838653839","1","0.8405746556544308","NO_BOND","0","0","0","1","0","0","1218","0","0","0","0"
"5eJQDSbgTZSEmH3zSWDEdAKgjavUUn9BkouCFNLz1x93","0","0","2.0.19","0.5270004177493203","1","1","1","0.9741870446378578","0.9999938131556534","0.9577441582972839","1","0.8403011722395166","NO_BOND","0","0","0","1","0","0","1219","0","0","0","0"
"FsMucSM7B5y5PtehabtQJjDrGmKcMEtwvt1TpSjDrcZW","5","0","2.0.19","0.6185051973981855","0.9953952994931828","0.95","0.9","0.6756731455227554","0.999264601014267","0.9577441582972839","1","0.8398650064104908","NO_BOND","0","0","0","1","0","0","1220","0","0","0","0"
"GyHM7HLmryEbnsK42abvCL2W2XAQLV3ijpYaZf5ietdQ","5","0","2.0.19","0.7121771404763749","1","0.95","0","0.6756731455227554","0.9618615531937618","0.9971238386632094","1","0.8395783132272058","NO_BOND","0","0","0","1","0","0","1221","0","0","0","0"
"93jNtLuu5MF3Me4MGidwQFq8Pg7iVWiRHioXm3aYhsv6","0","0","2.0.15","0.7589630857061354","1","1","0","0.6756731455227554","0.9916892361917717","0.8035455061174237","1","0.8388266735855443","NO_BOND","0","0","0","1","0","0","1222","0","0","0","0"
"53RJBy7aBGA7Aag6AryxEmBbsHDgwfBWagLrPbGHnfvR","5","0","2.0.19","0.6426758474022657","1","0.95","0.9","0.770290516389543","0.7793746850774765","0.9998489695033037","1","0.8386622400015288","NO_BOND","0","0","0","1","0","0","1223","0","0","0","0"
"a1exajFBsggm7R7ydb4LwyEAdsLCUKNAiUrre9B12kV","5","0","2.0.19","0.6990214768723972","1","0.95","0","0.6756731455227554","0.9936599168777814","0.9971238386632094","1","0.8384118117759891","NO_BOND","0","0","0","1","0","0","1224","0","0","0","0"
"7jp9iA5QF4VJrV1YZ47FqFDziuZALp9wJSWRLWBa4Lg7","5","0","2.0.19","0.5986132600712847","1","0.95","0.9","0.6756731455227554","0.9930302624857659","0.9872221309054545","1","0.8373912323495959","NO_BOND","0","0","0","1","0","0","1225","0","0","0","0"
"s1V1Y1XFHfr6pqs6edVNzA3W1kf9ye2J3VhrgKMQyb5","5","0","2.0.19","0.6597615781971917","0.9584261824436594","0.95","0.9009999999999999","0.770290516389543","0.7793746850774765","0.9983271443994975","1","0.8373082890257976","","0","0","0","1","0","0","1226","0","0","0","0"
"DdCNGDpP7qMgoAy6paFzhhak2EeyCZcgjH7ak5u5v28m","5","0","2.0.19","0.9594135367030642","1","0.95","0","0.770290516389543","0.7793746850774765","0.9499491437909161","0","0.8371731300066395","SCORE,NO_BOND","0","0","0","1","0","0","1227","0","0","0","0"
"8PTusiY7z4wfjScHU6hr459AFDzrCki4wWmwhXd91mMr","5","0","2.0.19","0.6145473310516915","0.957489304454956","0.95","0.9","0.6756731455227554","0.9977880029182914","0.9947251182393645","1","0.8371032453403077","NO_BOND","0","0","0","1","0","0","1228","0","0","0","0"
"438C7o4cJrbchdmxEPvFgaE5g9DocWKeSc1k4E1aY7qw","5","0","2.0.19","0.5830352184754107","1","0.95","0.9","0.770290516389543","0.9979528833363119","0.9577441582972839","1","0.835143177442944","NO_BOND","0","0","0","1","0","0","1229","0","0","0","0"
"8EHeAESs87EejfEMi6u1ndexywxGMAanV7QsUpDiseWP","5","0","2.0.19","0.5306156323157439","1","0.95","0.9","0.978601504976187","0.9841794655832776","0.994487345655914","1","0.8350811971768807","","0","0","0","1","0","0","1230","0","0","0","0"
"7iC1Uu6QBqNG6oaBimnPgLmtoantH7Nc3RD7SoLHgVET","5","0","2.0.19","0.5993940904565072","1","0.95","0.9","0.6756731455227554","0.9992621630882464","0.9577441582972839","1","0.834442590905305","NO_BOND","0","0","0","1","0","0","1231","0","0","0","0"
"84gebYpPpEafPeGJUVA8QzfaTQC3GeyVufCTHpqsQqE2","5","0","2.0.19","0.5390653622801886","1","0.95","0.9","0.8664877804935314","0.9999995195616355","0.9999995195616355","1","0.8328159942167871","NO_BOND","0","0","0","1","0","0","1232","0","0","0","0"
"BpoqTRHu5K2XZEJe4EicRnyYabeBLG9TVekBXiHXSXTi","5","0","2.0.19","0.5942495958307754","1","0.95","0.9","0.6756731455227554","0.9936599168777814","0.9577441582972839","1","0.8322409236508305","NO_BOND","0","0","0","1","0","0","1233","0","0","0","0"
"2EugUXCgvu1qAfKiUgDjcMpeMcr1pvWVeug9YHtGDoSq","5","0","2.0.20","0.6187419454874837","0.9999097166776438","0.95","0","0.978601504976187","0.9841794655832776","0.9982899090292938","1","0.8312773897123368","NO_BOND","0","0","0","1","0","0","1234","0","0","0","0"
"2YNubqM7eHLEL7JnygJYSWPq42LXYKiL5GkXfvEbZGQW","5","0","2.0.19","0.5743286927741114","0.9991657362336873","0.95","0.9","0.6756731455227554","0.9936599168777814","0.9971238386632094","1","0.8307615162981046","NO_BOND","0","0","0","1","0","0","1235","0","0","0","0"
"Hsk4q3CE6h7N4ryjMxX1ixUSaFrrAFZipu1w7p2ijokY","5","0","2.0.19","0.5825944178155796","0.9277321677608716","0.95","0.9","0.8664877804935314","0.9989405175100489","0.9577441582972839","1","0.8296467343118226","NO_BOND","0","0","0","1","0","0","1236","0","0","0","0"
"26pV97Ce83ZQ6Kz9XT4td8tdoUFPTng8Fb8gPyc53dJx","7","2.417748704","2.0.18","0.7660409848978917","1","0.93","0.93","0.9452388484454748","0.9753564047824665","0.8899547069118801","0","0.8286056641246705","SCORE,NO_BOND","0","0","0","1","957.374979724","0","1237","0","0","0","0"
"ACyyUk2AF8XCkyjVKL6kMxUHqaud5wrXo44jawohn3qT","5","0","2.0.19","0.5010220886493002","1","0.95","0.9","0.978601504976187","0.9841794655832776","0.9983271443994975","1","0.8260303506707484","NO_BOND","0","0","0","1","0","0","1238","0","0","0","0"
"34oGkjDsb6mRwSbvw9xZDtR9URfVpRnYjvwZecUZUsHF","5","0","2.0.19","0.5642520130972729","0.9898016705102609","0.95","0.9","0.6756731455227554","0.9936599168777814","0.9971238386632094","1","0.8260006412856685","BLACKLIST,NO_BOND","1","0","0","1","0","0","1239","0","0","0","0"
"APXk9VZkjTPFjJNLFvmCDHqMQ7moQd3ywf3qGtSjvHyj","5","0","2.0.20","0.6374124510499484","0.9168814991320895","0.95","0","0.978601504976187","0.9841794655832776","0.9982899090292938","1","0.8239084854509456","NO_BOND","0","0","0","1","0","0","1240","0","0","0","0"
"ADoWVeGQscFzTue51tMtFiLWiTTYYnkQryQFN9VzoRxL","5","0","2.0.19","0.5864031815673304","1","0.95","0.9","0.770290516389543","0.7793746850774765","0.9983271443994975","1","0.8203134026220261","NO_BOND","0","0","0","1","0","0","1241","0","0","0","0"
"E2MhCdSvsm8qexDPZ5AnZU2Wa1mG8F1US82vh7y317ff","0","3779.112605019","2.0.18","0.5150362463663408","1","1","1","0.6756731455227554","0.9930302624857659","0.9872221309054545","1","0.8203125182512271","","0","0","0","1","0","0","1242","0","0","0","0"
"8ACcAUtFEEYRYGJ5CPPBco8NvbwhjZKsgv7Fma64QDPM","5","0","2.0.19","0.4821829281767416","1","0.95","0.9","0.978601504976187","0.9841794655832776","0.9967494563986543","1","0.8197496294859433","NO_BOND","0","0","0","1","0","0","1243","0","0","0","0"
"7opSZGmevWhRDyLt5Wu38FZFjUyredGmMki4DNmxDnjd","5","0","2.0.19","0.7177414000935207","1","0.95","0","0.6756731455227554","0.9842597944565771","0.8990234197505745","0.8258889871292172","0.8196497202777799","NO_BOND","0","0","0","1","0","0","1244","0","0","0","0"
"6T5kjAEURp7jsEfX6NdQVczDseUgMFHtK349Agouwotq","5","0","2.0.19","0.4780490399466459","1","0.95","0.9","0.978601504976187","0.9841794655832776","0.9983271443994975","1","0.8186196897989244","NO_BOND","0","0","0","1","0","0","1245","0","0","0","0"
"D4EYN1xz2VJbNcXGpV2F5cGCi6pH7WZZeSYgarkZ2caY","100","0","2.0.19","0.9408904996946745","1","0","0","0.9921072360285483","0.9934913899001508","0.9979921945593466","1","0.8182439489336026","COMMISSION,NO_BOND","0","0","0","1","0","0","1246","0","0","0","0"
"s2VZdgVB1GkLy9y6N8CwEyD35bomuvxSkc4e8affvt9","5","0","2.0.19","0.5139114695128174","0.9168814991320895","0.95","0.9009999999999999","0.978601504976187","0.9841794655832776","0.9999721106508082","1","0.8170306012933568","","0","0","0","1","0","0","1247","0","0","0","0"
"HimWQUK61d9wxhw7EYu9jUje7xQiDs4jKexaTSvuCmXE","8","0","2.0.18","0.5610993609655922","1","0.92","0.92","0.8404679119581911","0.8857472340497605","0.955275728848644","0.9630187972983941","0.8160100530875145","COMMISSION,NO_BOND","0","0","0","1","0","0","1248","0","0","0","0"
"28E8jAYguhHPuuMKxQJpSmU3J75zi6iFmktYbiam8eyS","100","0","2.0.19","1","1","0","0","0.6756731455227554","0.9930302624857659","0.9872221309054545","1","0.8154621161975686","COMMISSION,NO_BOND","0","0","0","1","0","0","1249","0","0","0","0"
"Bwkz1ddKoGE8hgiSV6HZLXi9RBLqfBi3HZb2QujzVGgz","100","0","2.0.18","1","1","0","0","0.8404679119581911","0.8857472340497605","0.9962529428568745","0.9666646194658074","0.8147264044007992","COMMISSION,NO_BOND","0","0","0","1","0","0","1250","0","0","0","0"
"B38JgkTi7Fu2Uxk8JzNw4M7aMhVxzGu2fsRqHNScPkCQ","100","0","2.0.19","1","1","0","0","0.6756731455227554","0.9842597944565771","0.9814884080332837","1","0.8138735260176896","COMMISSION,NO_BOND","0","0","0","1","0","0","1251","0","0","0","0"
"CrEA7jydDYM1kxLR3MoYXm3r7WJxmgR54MyjhF9FgbtW","5","0","2.0.19","0.4698571318510597","1","0.95","0.9","0.9995323097609347","0.9995323097609347","0.9577441582972839","1","0.8135767580807873","NO_BOND","0","0","0","1","0","0","1252","0","0","0","0"
"DeQD32gem87WMYJWNSmNJ8VRcZMBxXnYBaC8TwGVKRfx","5","0","2.0.15","0.5526713393511511","0.9403912811611175","0.95","0.9","0.6756731455227554","0.9930302624857659","0.9872221309054545","1","0.8129569484336041","NO_BOND","0","0","0","1","0","0","1253","0","0","0","0"
"B8kmCsDCzhztpiNTL1nhJzsQyxEyW4Ks9Z8kvXXLbvzv","100","0","2.0.18","1","1","0","0","0.6756731455227554","0.9641362692070283","0.9816713170434049","1","0.8119496892529101","COMMISSION,NO_BOND","0","0","0","1","0","0","1254","0","0","0","0"
"Dh4K8fNV6pRFZtbzQnP5a5HmyBPb2kmxvWiYmc5fJMvj","100","0","2.0.19","1","1","0","0","0.6756731455227554","0.9936599168777814","0.9577441582972839","1","0.8117194411247738","COMMISSION,NO_BOND","0","0","0","1","0","0","1255","0","0","0","0"
"CviQXDMPZPVAZ5qgVGN2gSBSD9GqqwRt7VZidoHMpArr","5","0","2.0.19","0.5119266767755986","1","0.95","0.9","0.6756731455227554","0.9936599168777814","0.9971238386632094","1","0.8107663923899251","BLACKLIST,NO_BOND","1","0","0","1","0","0","1256","0","0","0","0"
"EXrWdDxFaE3Sfsbh3TV5ToGhMqu53xrmeoVdvn467jUH","100","0","2.0.18","0.9777053212794762","1","0","0","0.8404679119581911","0.8857472340497605","0.9965895443883762","1","0.80972867472303","COMMISSION","0","0","0","1","0.258984349","0","1257","0","0","0","0"
"DsT3eKbWAaX9wVZQYBsbkDwpFA9NTDtXfsYc9wXUEWpn","5","0","2.0.19","0.6235369192296778","1","0.95","0","0.6756731455227554","0.9936599168777814","0.9577441582972839","1","0.8089807053924118","NO_BOND","0","0","0","1","0","0","1258","0","0","0","0"
"jUP5hCf2fGJEz8F2j2gACezxFYCNE9zo1eTMsRQjRK9","0","0","2.0.19","0.4486255728766372","1","0.95","0.9","0.978601504976187","0.9841794655832776","0.994487345655914","1","0.8086327909062012","NO_BOND","0","0","0","1","0","0","1259","0","0","0","0"
"6V4SMF3vweyPZWUiPAXkZsNstHDoecsWdCDTUacn8j4u","5","0","2.0.19","0.5223343309329797","0.950957475331467","0.95","0.9","0.9452388484454748","0.9763758892609269","0.8899547069118801","1","0.8081040283325285","","0","0","0","1","0","0","1260","0","0","0","0"
"9KUA3BzMqFb5R8KLLdaMDHGkdKWUDwev7B3xY6a3VubD","5","0","2.0.19","0.5441403661679602","0.9027756299146729","0.95","0.9","0.6756731455227554","0.9962928467327955","0.9872221309054545","1","0.8044537150360864","NO_BOND","0","0","0","1","0","0","1261","0","0","0","0"
"8zHJtME22tiY3UsSHtDJXo2J8hUfwikBxXNbVqQzA92r","100","0","2.0.18","1","1","0","0","0.9251153894613704","0.9258064652774458","0.8990234197505745","0.8162308705432328","0.80181308370464","COMMISSION,NO_BOND","0","0","0","1","0","0","1262","0","0","0","0"
"5orRi4tMEGneZ9U2y381JnBEnsqFJDBSNQLhBn98Bkcv","100","0","2.0.18","1","1","0","0","0.9251153894613704","0.9258064652774458","0.8990234197505745","0.8141886946102974","0.8016813304186442","COMMISSION,NO_BOND","0","0","0","1","0","0","1263","0","0","0","0"
"5sMmkL4BXjU6vZXQxE3RquH2CR8v8Zbfi1EAAFxLfxMx","100","0","2.0.18","1","1","0","0","0.9251153894613704","0.9258064652774458","0.8990234197505745","0.8139819764453995","0.8016679937628443","COMMISSION,NO_BOND","0","0","0","1","0","0","1264","0","0","0","0"
"GRt2mJZKpK9WXph5HGg4pdgewCYLKitRRSiTkrtHLXV8","100","0","2.0.18","1","1","0","0.5","0.770290516389543","0.7793746850774765","0.9920367521575467","0.7199606788922213","0.801615272723424","COMMISSION,NO_BOND","0","0","0","1","0","0","1265","0","0","0","0"
"7S9dHgoeMYvtShTjEC3x5D3THRDQz123WVGPseZsm3hm","100","0","2.0.18","1","1","0","0","0.9251153894613704","0.9258064652774458","0.8990234197505745","0.8086723694628918","0.8013254384736502","COMMISSION,NO_BOND","0","0","0","1","0","0","1266","0","0","0","0"
"8uEgdseqbUrDLfmHbUpTHoH1LLRxeViYDk7K6NdXKRYM","100","0","2.0.19","1","1","0","0","0.9251153894613704","0.9258064652774458","0.8990234197505745","0.8057722985288307","0.8011383371230657","COMMISSION,NO_BOND","0","0","0","1","0","0","1267","0","0","0","0"
"3tUZu4CkwMLwYdosoGc85n48VgDMyxZVkL1VUJc7DrxW","100","0","2.0.18","1","1","0","0","0.9251153894613704","0.9258064652774458","0.8990234197505745","0.7931356330329231","0.8003230683813942","COMMISSION,NO_BOND","0","0","0","1","0","0","1268","0","0","0","0"
"74pfDmYto6aAqCzFH1mNJ8NxF7A4LQ4cXkipGwgjY39u","100","0","2.0.18","0.959236145948099","1","0","0","0.9741870446378578","0.9942728670132581","0.9898481742117521","0.6240000556818974","0.797772482516364","COMMISSION,NO_BOND","0","0","0","1","0","0","1269","0","0","0","0"
"DLKjd8DJc9NajCaHPeQL6BnhPi3a4BZm7zCdVF3MzDRZ","1","0","0.101.20106","0.5375651098976872","1","0.99","0","0.9402435887823499","0.9479844201336193","0.9973515329381429","0.8963033636119172","0.7973151740618979","NO_BOND","0","0","0","1","0","0","1270","0","0","0","0"
"AzbQjKoLepbDS8C6hgkRY7UCRwbwZZ9HqdtnWyef9WjX","100","0","2.0.18","1","1","0","0","0.9251153894613704","0.9258064652774458","0.8990234197505745","0.715902737204827","0.7953403009086137","COMMISSION,NO_BOND","0","0","0","1","0","0","1271","0","0","0","0"
"8ZvTbWfA7txjkNubA9jnv8CWQtwbaZSzpf7vaDDcxMr5","0","267.786215899","2.0.18","0.4425553386297094","0.8430331249938489","1","1","0.9984428099996653","0.9984441262218839","0.9938552747519105","1","0.7938180035141602","","0","0","0","1","0","0","1272","0","0","0","0"
"9SGUxCqs4fpRCRuVKyfqoZxkBSSXgH37ca6XfyLsK31F","5","0","2.0.15","0.5630693764681918","1","0.95","0","0.6756731455227554","0.9930302624857659","0.9872221309054545","1","0.7932177215098885","NO_BOND","0","0","0","1","0","0","1273","0","0","0","0"
"3Pb8KDmneuKuS38aDSFnK1WGz18aZN5Tuyu5ZaNUnySc","5","0","2.0.19","0.494533061003265","1","0.95","0","0.9970374894787379","0.9980583583896033","0.9938552747519105","1","0.7931848955860187","NO_BOND","0","0","0","1","0","0","1274","0","0","0","0"
"9jVU1ET9Xxqnrsqjw8FGxmHgcXs6Hbj1HECckWqn2LUD","100","0","2.0.19","0.9351524094461818","1","0","0","0.6756731455227554","0.9962928467327955","0.9872221309054545","0.9668947653906151","0.7927234509712505","COMMISSION,NO_BOND","0","0","0","1","0","0","1275","0","0","0","0"
"EpRvips2doUUdxvs3Qhf4MCLqVeJEPu47Aci5QbBXASV","6","0","2.0.17","0.637648590646958","1","0.94","0","0.8664877804935314","0.8740145471054379","0.8035455061174237","0.9927729394863111","0.7926525487811379","NO_BOND","0","0","0","1","0","0","1276","0","0","0","0"
"BWBf7yJzAgDrDA5L5Tjn9TN7DbsjKdjcWJPT7gNi51nD","5","0","2.0.19","0.5662980080576425","1","0.95","0","0.6756731455227554","0.9977138119816803","0.9577441582972839","1","0.7909088529276164","NO_BOND","0","0","0","1","0","0","1277","0","0","0","0"
"6tgtejPHUHR1pECzXqQT8EHZqnKCWZFSqdZXDyBaKe3b","100","0","2.0.18","1","1","0","0.98","0.770290516389543","0.7793746850774765","0.6480102150716736","0.9585171578809244","0.7900596214212924","COMMISSION,SCORE,NO_BOND","0","0","0","1","0","0","1278","0","0","0","0"
"CertusDeBmqN8ZawdkxK5kFGMwBXdudvWHYwtNgNhvLu","5","0","2.0.19","0.7798806134750926","1","0.95","0.7","0.770290516389543","0.7793746850774765","0.6480102150716736","0.3735056014386141","0.7898359124492377","SCORE,NO_BOND","0","0","0","1","0.1","0","1279","0","0","0","0"
"6xa5ZCMXmTz5VqWasz1PfVVBnYH24i5phRAK1HTDdmWN","100","0","2.0.19","1","1","0","0","0.9705964568678712","0.9705964568678712","0.6480102150716736","1","0.7885491336976146","COMMISSION,NO_BOND","0","0","0","1","0","0","1280","0","0","0","0"
"GuY9VVJkH2tdg1z2tePC3uy5y3FbyqT1cHt8ETYWPWNh","5","0","2.0.19","0.43727811206943556","1","0.95","0.92","0.6756731455227554","0.9930302624857659","0.9999645606959827","1","0.7877186594187449","NO_BOND","0","0","0","1","0","0","1281","0","0","0","0"
"GN3CMRBRrYb5D7h7xkSRgQB63emxQEng9KoWB4kuBs2a","5","0","2.0.19","0.43718226995891846","0.9553520515432261","0.95","0.9","0.8664877804935314","0.998515693824316","0.9577441582972839","1","0.7871532978372406","NO_BOND","0","0","0","1","0","0","1282","0","0","0","0"
"CqSMzh8DWZeqYVa5M1V1rHU825T19NCjYipM3pkdHncm","0","0","2.0.19","0.45701339026238474","0.8790979208711517","1","0.9","0.9741870446378578","0.9966944858885509","0.8899547069118801","1","0.7855238671473709","","0","0","0","1","0","0","1283","0","0","0","0"
"37Fz6yZjFdZS6DDsJSsswX5kSvunaZQtQ5zusC3y9V7S","0","37505.505071162","2.0.18","0.40940716083526474","0.9916007073629605","1","1","0.6756731455227554","0.9930302624857659","0.9872221309054545","1","0.784883895073938","","0","0","0","1","0","0","1284","0","0","0","0"
"8BMMDVM8Tb88a2Hx1VSZ1TKmH1rMHbVU7xVafMk9JrEW","100","0","2.0.19","1","1","0","0","0.9251153894613704","0.9258064652774458","0.8990234197505745","0.5448715503932821","0.7843060307917399","COMMISSION,NO_BOND","0","0","0","1","0","0","1285","0","0","0","0"
"ALiQdX94fYbGUt8ar6chuAN1nj8g8bKSgJ7qV3W7bPsS","100","0","2.0.18","1","1","0","0.98","0.770290516389543","0.7793746850774765","0.6480102150716736","0.858828039480521","0.7836280653954598","COMMISSION,SCORE,NO_BOND","0","0","0","1","0","0","1286","0","0","0","0"
"XBtfuT5gYU27UAukT3pEzgiKgHpHNQhSoa3zX2PYtiT","5","0","2.0.19","0.436278246300341","1","0.95","0.9","0.6756731455227554","0.9618615531937618","0.9971238386632094","1","0.7832864118800981","NO_BOND","0","0","0","1","0","0","1287","0","0","0","0"
"8wTSPukwTAzNzEYyUdc8UiKkTg1hNtZ1xLum7o1Ne6wr","100","0","2.0.19","1","1","0","0","0.6756731455227554","0.9881122335093074","0.9814884080332837","0.5114132693306674","0.7827246181409001","COMMISSION,NO_BOND","0","0","0","1","0","0","1288","0","0","0","0"
"696fkFqwiLxsDG8Jr5MvU9kvGm9uuMuTPh3rn3ybRNQm","0","0","2.0.18","0.5843370502451433","0.8822649854977891","1","0","0.6756731455227554","0.9842597944565771","0.9814884080332837","0.9300476675431005","0.7812345184379018","NO_BOND","0","0","0","1","0","0","1289","0","0","0","0"
"76nwV8zz8tLz97SBRXH6uwHvgHXtqJDLQfF66jZhQ857","5","0","2.0.19","0.3803425979022096","1","0.95","0.92","0.8664877804935314","0.9995506496829191","0.9995506496829191","0.9808160863862331","0.7810029116310342","NO_BOND","0","0","0","1","3.234248596","13.473098182","1290","0","0","0","0"
"A3ahHFBFkPkuLMhxLGEnKVVZu2J6Qy8Z7z2zozyXGhw2","100","0","2.0.18","1","1","0","0.98","0.770290516389543","0.7793746850774765","0.6480102150716736","0.8041332302560713","0.7800993680261404","COMMISSION,SCORE,NO_BOND","0","0","0","1","0","0","1291","0","0","0","0"
"31XTYdLdpZh3gAEr6oKkXRhx9hiEWJwRh84jo92C5CBX","5","0","2.0.19","0.4223907525339236","0.9768840771464742","0.95","0.9","0.6756731455227554","0.9936599168777814","0.9971238386632094","1","0.7781554615291387","NO_BOND","0","0","0","1","0","0","1292","0","0","0","0"
"E9W5kU2fnha9yp4RmFZgNNsRUvy6oKnB9ZyR9LC81WaE","100","0","2.0.18","1","1","0","0","0.9251153894613704","0.9258064652774458","0.8990234197505745","0.4078415545172922","0.7754653858965147","COMMISSION,NO_BOND","0","0","0","1","0","0","1293","0","0","0","0"
"BhREyEsP3YAtQbTCrKcXgTNTeaq9gdjWji3Nz4d8Q1P2","100","0","2.0.18","1","1","0","0","0.9251153894613704","0.9258064652774458","0.8990234197505745","0.38461514426088195","0.7739669078154561","COMMISSION,NO_BOND","0","0","0","1","0","0","1294","0","0","0","0"
"72LbWsZFEyB7xrB9ggeoPUrSw2vzPEnsPJJHZo1svkM7","100","0","2.0.19","0.9957936748242097","1","0","0","0.9251153894613704","0.9258064652774458","0.8990234197505745","0.3839959793616726","0.7725700826039619","COMMISSION,NO_BOND","0","0","0","1","0","0","1295","0","0","0","0"
"2qNayWrY4rcz6YMduqDG6r6rEBGwQ5a3LkPCJ3uAN2AD","100","0","2.0.19","1","1","0","0","0.8664877804935314","0.8740145471054379","0.6480102150716736","1","0.7724858084706475","COMMISSION,NO_BOND","0","0","0","1","0","0","1296","0","0","0","0"
"DNK1bxnRtsg3Xvif2wHbPsVjAJvoP2EQmwsTxtQbjAmh","5","0","2.0.19","0.47781087241569903","1","0.95","0.9","0.6756731455227554","0.9641362692070283","0.8035455061174237","1","0.7719263176546219","NO_BOND","0","0","0","1","0","0","1297","0","0","0","0"
"2mxWiqtwdpE8zgkWxwFaJLn127dbuuHY4D32d8A6UnPL","5","0","2.0.19","0.4887334207563298","0.9745873277487945","0.95","0","0.9741870446378578","0.9896419266535678","0.8899547069118801","1","0.7715199852642327","NO_BOND","0","0","0","1","0","0","1298","0","0","0","0"
"GHViLgbrJdZDPb6sphRbeuPNM9cmjsFuGWzrTF1sKF5n","100","0","2.0.19","1","1","0","0","0.6756731455227554","0.9926495325933633","0.955275728848644","0.3634645610449231","0.7702363524616136","COMMISSION,NO_BOND","0","0","0","1","0","0","1299","0","0","0","0"
"FuvD3qqrVjuh355sBs1u8bUS3aU8NgknymLskPvtAc6N","100","0","2.0.20","1","1","0","0.92","0.770290516389543","0.7793746850774765","0.6480102150716736","0.6831632593481585","0.7701143376449848","COMMISSION,SCORE,NO_BOND","0","0","0","1","0","0","1300","0","0","0","0"
"AWFQY2upeyu9YHstZM4gNDvRWS3ircS6EGrSTntg6E9k","5","0","2.0.19","0.45095526891020266","0.9331575020752627","0.95","0.9","0.9402435887823499","0.9479844201336193","0.8035455061174237","1","0.7679881503843095","NO_BOND","0","0","0","1","0","0","1301","0","0","0","0"
"Hr3z7PxvnZ7Wa5HnKoRkBcHU65imwqtKHQPQ7tE8Y5a2","5","0","2.0.19","0.521005950113249","0.9932882907264303","0.95","0.9","0.8404679119581911","0.8857472340497605","0.6480102150716736","1","0.7677544948747419","NO_BOND","0","0","0","1","0","0","1302","0","0","0","0"
"KRAKEnMdmT4EfM8ykTFH6yLoCd5vNLcQvJwF66Y2dag","100","0","2.0.19","1","1","0","0","0.9705964568678712","0.9705964568678712","0.984775962540646","0","0.7674866495000627","COMMISSION,SCORE,NO_BOND","0","0","0","1","0","0","1303","0","0","0","0"
"2uXzxR2EZVaHE3CuaDaUJ8C9Qr54LMfwkY5BtRPAzbPE","100","0","2.0.19","0.9788164459264495","1","0","0","0.9251153894613704","0.9258064652774458","0.8990234197505745","0.384002272379253","0.7670939631542057","COMMISSION,NO_BOND","0","0","0","1","0","0","1304","0","0","0","0"
"HDc84gs3CtqhebHycmoDpc5n2y3CFfd5GqYZkr2XiBMR","100","0","2.0.19","0.9774085159848902","1","0","0","0.9251153894613704","0.9258064652774458","0.8990234197505745","0.38461514426088195","0.7666793323267109","COMMISSION,NO_BOND","0","0","0","1","0","0","1305","0","0","0","0"
"7jPqpHuN5v59dtBom2tjmYEfi6WaM4sFtJeTD6fzhcdS","100","0","2.0.19","1","1","0","0","0.9402435887823499","0.9479844201336193","0.6480102150716736","0.6907883563114895","0.7644534842217817","COMMISSION,SCORE,NO_BOND","0","0","0","1","0","0","1306","0","0","0","0"
"G8wNSn917P34TADGh3MHwr5Un8LT7J7U4LrkhDMTMUSL","5","0","2.0.19","0.4534120301598392","1","0.95","0.9","0.6756731455227554","0.9641362692070283","0.8035455061174237","1","0.764055723378538","NO_BOND","0","0","0","1","0","14.000593216","1307","0","0","0","0"
"xBLpiTwufjcuFCjbk4aCmFy7HUY5D9xy8L1EX2rBwmC","7","0","2.0.19","0.46567974046556015","1","0.93","0.92","0.770290516389543","0.7793746850774765","0.9499491437909161","0.82126738564726","0.7618247690040421","NO_BOND","0","0","0","1","0","0","1308","0","0","0","0"
"4DW4nrbGrjXRhhj3CH3AYgocExfqEoCCSMxZ9uzc3NpK","5","0","2.0.19","0.6111795833225793","0.44157503637130735","0.95","1","0.9741870446378578","0.9896419266535678","0.8899547069118801","1","0.761390958450525","NO_BOND","0","0","0","1","0","0","1309","0","0","0","0"
"42U2eB71MKU7mqVpy5b63meM7Pd4YBqwAGSDevjJ9E9z","5","0","2.0.19","0.4596669751692908","1","0.95","0","0.6756731455227554","0.9988367445298785","0.9938552747519105","1","0.7612799153334096","NO_BOND","0","0","0","1","0","0","1310","0","0","0","0"
"EXhYxF25PJEHb3v5G1HY8Jn8Jm7bRjJtaxEghGrUuhQw","6","0","2.0.19","0.7201312539243174","1","0.94","0","0.770290516389543","0.7793746850774765","0.6480102150716736","0.5566774721360537","0.7556906268326933","SCORE,NO_BOND","0","0","0","1","1.000000001","152263.947460369","1311","0","0","0","0"
"7xENfwKCajMB5aVTgmTB6h7d7Su91wTcnfMjoAQCMvKq","100","0","2.0.19","0.9626303275326786","1","0","0","0.9251153894613704","0.9258064652774458","0.8990234197505745","0.27777752426192825","0.7550194250841297","COMMISSION,SCORE,NO_BOND","0","0","0","1","0","0","1312","0","0","0","0"
"Bkskrv38Kn7zJR5mvmbCDGn2M4Jyhzt2ZqwQXV6rYnXa","100","0","2.0.18","1","1","0","0","0.6756731455227554","0.9839761760537661","0.6480102150716736","0.7517928475813475","0.7548032701501998","COMMISSION,SCORE,NO_BOND","0","0","0","1","0","0","1313","0","0","0","0"
"FjkSLYmi6BJAJQn1iSLUGrPrBQjMaD4y1DVdnv3yaTsX","100","0","2.0.19","0.9911827064644456","1","0","0","0.770290516389543","0.7793746850774765","0.8990234197505745","0.491452748605559","0.7538558493183674","COMMISSION,SCORE,NO_BOND","0","0","0","1","0","0","1314","0","0","0","0"
"6tZcqt31FzJv6DhnNeS8xBCH66gvcL5ACrfqyqxQvgJg","5","0","2.0.19","0.461730399169009","0.9828605648264582","0.95","0","0.6756731455227554","0.9916892361917717","0.9577441582972839","1","0.7538299176978175","NO_BOND","0","0","0","1","0","0","1315","0","0","0","0"
"irKsY8c3sQur1XaYuQ811hzsEQJ5Hq3Yu3AAoXYnp8W","5","0","2.0.19","0.5113346307944512","1","0.95","0","0.8404679119581911","0.8857472340497605","0.8035455061174237","1","0.7530785760799957","NO_BOND","0","0","0","1","0","0","1316","0","0","0","0"
"EwsDhgfbT6H4FRC7AHdhXNBxfBSbWCbDfknrw6g5Dph6","20","0","2.0.19","0.7777712543014468","1","0","0.8","0.770290516389543","0.7793746850774765","0.986220225017172","0.8896572375657933","0.75102880665246","COMMISSION,NO_BOND","0","0","0","1","0","0","1317","0","0","0","0"
"At2rZHk554qWrjcmdNkCQGp8i4hdKLf52EXMrDmng5ab","100","0","2.0.18","1","1","0","0","0.770290516389543","0.7793746850774765","0.8990234197505745","0.38399597754203385","0.7497674426483188","COMMISSION,SCORE,NO_BOND","0","0","0","1","0","0","1318","0","0","0","0"
"EGg6LTZDgV9CgpPZnpTTzmebSSyaH91cQ2eoiDxiJPvm","0","0","2.0.19","0.35707578102941134","0.7711208505521163","1","0.92","0.9452388484454748","0.9992284534600647","0.9997745532996896","1","0.749145010758858","NO_BOND","0","0","0","1","0","0","1319","0","0","0","0"
"oixpqSNX7CKWHw93ViA8u1CcLzZXDmacKJjV4AvxMZE","100","0","2.0.18","0.9291104191064243","1","0","0","0.9402435887823499","0.9935289477941188","0.8035455061174237","0.3840011403341477","0.7462697586177189","COMMISSION,NO_BOND","0","0","0","1","0","0","1320","0","0","0","0"
"8uoJXyrWmE8hL5Kx3Z3zjC9S4zV6FSeP5NQEw2DTqkfU","0","0","2.0.19","0.3884822047474447","1","1","0","0.8404679119581911","0.8857472340497605","0.9898481742117521","1","0.7437352345286168","NO_BOND","0","0","0","1","0","0","1321","0","0","0","0"
"eYz2SxqtjoojYR3KVvLU3wBQks62fKcGX2821eChPw2","5","0","2.0.15","0.48475776683797955","1","0.95","0.9","0.770290516389543","0.7793746850774765","0.6480102150716736","1","0.7423223747315485","SCORE,NO_BOND","0","0","0","1","0","0","1322","0","0","0","0"
"3oN8bVsrN7FpDx1B4cv4w12EnfNt29Xt7Wbo3D6ovc2C","10","0","1.18.26","0.41391273643991405","0.8849323081695644","0.9","0","0.9941138821138796","0.9943793975079381","0.9987643043344813","0.9903775937878646","0.741839589255232","COMMISSION,NO_BOND","0","0","0","1","0","0","1323","0","0","0","0"
"BU3ZgGBXFJwNTrN6VUJ88k9SJ71SyWfBJTabYqRErm4F","100","0","2.0.18","0.9883689438198021","1","0","0","0.9402435887823499","0.9479844201336193","0.6480102150716736","0.38461540008578465","0.7409484366652208","COMMISSION,SCORE,NO_BOND","0","0","0","1","0","0","1324","0","0","0","0"
"12pVREJSt8d5AV4aBzGFf3QZn3qo8DWmwBQu3wQ5RAZ9","5","0","2.0.19","0.32483323664449404","1","0.95","0","0.9963203137369832","0.9963203137369832","0.9963203137369832","1","0.7385466190347674","NO_BOND","0","0","0","1","0","0","1325","0","0","0","0"
"3XDZhoRESsx9bU9rdX94qrtLL7YCxhgX3dKmXFRV2vU7","0","77231.756990537","2.0.18","0.3316812643998516","1","1","1","0.8664877804935314","0.8740145471054379","0.8035455061174237","1","0.7382585119603737","","0","0","0","1","0","0","1326","0","0","0","0"
"WENuuMXGi8adKogNbQj33Vxgia9oA2erkWAPF4szWN1","0","0","2.0.19","0.27549706384781425","0.9645038781139665","1","1","0.6756731455227554","0.9998626552087739","0.9872221309054545","1","0.7379778325594073","","0","0","0","1","0.07587035","0","1327","0","0","0","0"
"45W8qw7QurSGkRrsiQpYapifreLouNv7hFbwnnzRjMMR","5","0","2.0.19","0.3454378623983487","0.8831500727426147","0.95","0.9","0.6756731455227554","0.9930302624857659","0.9872221309054545","1","0.7368749867684253","BLACKLIST,NO_BOND","1","0","0","1","0","0","1328","0","0","0","0"
"CGj63fS6gJXm8KvaUkkL5yAZvH9cjeRgHCgJwcZZEsRd","5","0","2.0.19","0.5124494327640559","0.47019564058055874","0.95","1","0.9741870446378578","0.9966944858885509","0.8899547069118801","1","0.7348412550042659","NO_BOND","0","0","0","1","0","0","1329","0","0","0","0"
"CsnnNsr7aZrRdGCTYv7Mpvgx7TJe1GJxVfS4pmpEKdAf","5","0","2.0.19","0.29509310839965047","0.9095127614812002","0.95","0.95","0.9741870446378578","0.9987643701492915","0.8899547069118801","1","0.7339671264120521","NO_BOND","0","0","0","1","0","0","1330","0","0","0","0"
"rM9aGauE58jt9RHYwZwsqiVfE4F8Rq429iWFHohwQuf","5","0","2.0.19","0.30470126440124895","1","0.95","0","0.9970374894787379","0.9980583583896033","0.9938552747519105","1","0.7319488321660136","NO_BOND","0","0","0","1","0","0","1331","0","0","0","0"
"3LAzTH2Fbsza2wbnKgrDcQKdaQRshQkb4w4vk12E5KH2","5","0","2.0.19","0.4058357362636353","0.9278527307456359","0.95","0","0.8664877804935314","0.9994106557652822","0.8899547069118801","1","0.7312379797514504","NO_BOND","0","0","0","1","0","0","1332","0","0","0","0"
"5nkSzU4oVSDdxZvorYwxz6BQab2VfmHbdA9AnpYVkAL7","0","1244.939409272","2.0.18","0.3064395489310061","0.718116978341217","1","1","0.9936929193540976","0.9936929193540976","0.9938552747519105","1","0.7289956798965896","","0","0","0","1","0","0","1333","0","0","0","0"
"AZoCYB4VgoM9DR9f1ZFcBn8xPSbtbqoxZnKJR7tkvEoX","100","0","2.0.19","1","1","0","0","0.8664877804935314","0.8740145471054379","0.8035455061174237","0","0.7280387492507443","COMMISSION,SCORE,NO_BOND","0","0","0","1","0","0","1334","0","0","0","0"
"G9x1mqewTeVnXLmv3FamYD5tq1AdS395RHH3MLQPj6TY","100","0","2.0.19","1","1","0","0","0.8664877804935314","0.8740145471054379","0.8035455061174237","0","0.7280387492507443","COMMISSION,SCORE,NO_BOND","0","0","0","1","0","0","1335","0","0","0","0"
"4GAmUQ8FvKcTzeYGqxu2oSBMStYNwDTmBo7LC1Csg6SE","5","0","2.0.17","0.2873451352328705","0.9135229588422284","0.95","0.95","0.9452388484454748","0.9753564047824665","0.8899547069118801","1","0.72798167372341","NO_BOND","0","0","0","1","0","0","1336","0","0","0","0"
"BHZCk3XnebkC7QKk6az18LBPrqgrL6HRp8bUKX9Mg46v","0","0","2.0.18","0.2596471201990169","1","1","1","0.770290516389543","0.7793746850774765","0.9999949560396558","1","0.725005035940655","","0","0","0","1","0","0","1337","0","0","0","0"
"3ZYJxzCeweSoh2Jj7oCgencFs9y27iKmXJeqYapje1cj","100","0","2.0.19","1","1","0","0","0.6756731455227554","0.9641362692070283","0.8035455061174237","0","0.7244495846172997","COMMISSION,SCORE,NO_BOND","0","0","0","1","0","0","1338","0","0","0","0"
"H74qox1GASBWd94FWMyy6GVAbRVLf9SAMgbJ1tzSUAst","100","0","2.0.19","1","1","0","0","0.6756731455227554","0.9641362692070283","0.8035455061174237","0","0.7244495846172997","COMMISSION,SCORE,NO_BOND","0","0","0","1","0","0","1339","0","0","0","0"
"9y1fMDRdYaYbCSWEv3sivjns4Sc7eDW8wFQYT1DnCsQa","5","0","2.0.19","0.35997185691086253","1","0.95","0","0.8404679119581911","0.968035363249348","0.8899547069118801","1","0.7233648164651796","NO_BOND","0","0","0","1","0","0","1340","0","0","0","0"
"DfpdmTsSCBPxCDwZwgBMfjjV8mF8xHkGRcXP8dJBVmrq","5","0","2.0.19","0.34492840270987996","0.9561898546846243","0.95","0.92","0.6756731455227554","0.9641362692070283","0.8035455061174237","1","0.7227216910857487","","0","0","0","1","95.62049890899999","633.948092092","1341","0","0","0","0"
"HxYHGzR58gyf6c4JAX85eK8GVuaZU2zne4be82Lq9SBQ","100","0","2.0.19","1","1","0","0","0.770290516389543","0.7793746850774765","0.6480102150716736","0.43009512971189234","0.720352780894258","COMMISSION,SCORE,NO_BOND","0","0","0","1","0","0","1342","0","0","0","0"
"EcLPNfLFgCkbcTuvdeQ85pnQMgAfBDqi2dkoNVPrSyr5","100","0","2.0.19","0.9030729037215602","1","0","0","0.770290516389543","0.7793746850774765","0.6480102150716736","0.8675760093355334","0.7173105485220929","COMMISSION,SCORE,NO_BOND","0","0","0","1","0","0","1343","0","0","0","0"
"QhyTEHb5JkMBki8Lq1npsaixefUyMXWJtbxK6jNjxnn","100","0","2.0.18","0.7695100528401262","1","0","0","0.6756731455227554","0.9986806568199482","0.8035455061174237","0.9699131277727256","0.7160160345136053","COMMISSION,NO_BOND","0","0","0","1","0","0","1344","0","0","0","0"
"33hurzEz6aEnzfESL6pnNyR6DCgcKzssT1pwSzDCBTRQ","100","0","2.0.18","0.9886529182434102","1","0","0","0.770290516389543","0.7793746850774765","0.6480102150716736","0.38461540008578465","0.7137582558356091","COMMISSION,SCORE,NO_BOND","0","0","0","1","0","0","1345","0","0","0","0"
"ADaCfGqp5drykfme5omgfFsVgyFv2kHJMQCTxcGngrn2","0","0","2.0.19","0.291091235057494","0.6770817224360045","1","1","0.9995323097609347","0.9995323097609347","0.9577441582972839","1","0.7137083595080249","","0","0","0","1","0","0","1346","0","0","0","0"
"8mHUDJjzPo2AwJp8SHKmG9rk9ftWTp7UysqYz36cMpJe","100","0","2.0.18","0.9877731794480508","1","0","0","0.770290516389543","0.7793746850774765","0.6480102150716736","0.38400424243622056","0.7134350396016503","COMMISSION,SCORE,NO_BOND","0","0","0","1","0","0","1347","0","0","0","0"
"GREENr9zSeapgunqdMeTg8MCh2cDDn2y3py1mBGUzJYe","5","0","","0.23771896645987226","1","0.95","0","1","0.9999766049606359","1","1","0.7115112735316333","","0","0","0","1","1e-9","0","1348","0","0","0","0"
"4CtNJvygjgJ3aY77eLV6Ld5V7g2M9bD2t9XYxYFcbMJ8","5","0","2.0.19","0.37564417207812145","0.8275443274217833","0.95","0.903","0.6756731455227554","0.9536987878467417","0.8035455061174237","1","0.7102528334498568","NO_BOND","0","0","0","1","0","0","1349","0","0","0","0"
"JDMq8hxZnad2smKLGkFbfg8zVMZHKQcMugD4tMR9u2da","100","0","2.0.18","0.8924847666620486","1","0","0","0.9402435887823499","0.9479844201336193","0.6480102150716736","0.38461538662264616","0.7100180560683237","COMMISSION,SCORE,NO_BOND","0","0","0","1","0","0","1350","0","0","0","0"
"nxtHdSDmUZ8dWTC7KuPp8ZLxVVxhim4RCL4pmaQnLFA","0","0","2.0.19","0.5142471900541686","1","0","0.9","0.9944743963228857","0.9952491977448424","0.9577441582972839","1","0.70845435224552","NO_BOND","0","0","0","1","0","0","1351","0","0","0","0"
"HhYEE3dAShc3772wEiy73XDYnLjVxyBL8eAWKyRcF14y","100","0","2.0.18","0.7543268528329617","1","0","0","0.8404679119581911","0.8857472340497605","0.9898481742117521","0.5549577434029385","0.7080888463886507","COMMISSION,NO_BOND","0","0","0","1","0","0","1352","0","0","0","0"
"HZKopZYvv8v6un2H6KUNVQCnK5zM9emKKezvqhTBSpEc","100","0","2.0.16","0.9108587677768174","1","0","0","0.770290516389543","0.7793746850774765","0.986220225017172","0","0.7074894730918831","COMMISSION,SCORE,NO_BOND","0","0","0","1","0","0","1353","0","0","0","0"
"7yXM5mUSAtBuh2TcCABvSJa3LouZ8wcLps5zTEMiwxvj","5","0","2.0.18","0.21305486324849993","0.9619183104889022","0.95","0.9","0.6756731455227554","0.9930302624857659","0.9872221309054545","1","0.7068753479694884","NO_BOND","0","0","0","1","0","0","1354","0","0","0","0"
"CiTYUYPAPHdcri5yEfsmqVcs54J6j8X1QaiFLgYqMVe","5","0","2.0.18","0.427801560824521","0.6825864518867037","0.95","0.92","0.6756731455227554","0.9536987878467417","0.8035455061174237","0.999262942539918","0.7042677558649677","NO_BOND","0","0","0","1","210.1190803919998","6216.0729860110005","1355","0","0","0","0"
"86Sw9R6ynPmXnHfwUWinXtq1QoF2KHesfQQyZG5r8sXo","5","0","2.0.18","0.20315858125381583","0.9313272688125767","0.95","0.9","0.6756731455227554","0.9999087432832375","0.9999087432832375","1","0.7010516016332005","","0","0","0","1","1e-9","1.066967291","1356","0","0","0","0"
"DzGHc5pLJACrLNrXQqvhoLW5cyEDQnuRcP4QDEhumkpG","5","0","2.0.19","0.49283915047319793","0.37500969382888466","0.95","1","0.8664877804935314","0.8740145471054379","0.8899547069118801","1","0.6943421936718484","NO_BOND","0","0","0","1","0","0","1357","0","0","0","0"
"3dXXxEaV4fZqw1PL7VezfDkiJV5W4WTtRjh2EHgKSthF","5","17.890643909","2.0.19","0.2525290433064028","0.970726483779218","0.95","0.9","0.6756731455227554","0.9536987878467417","0.8035455061174237","1","0.6935231461617918","","0","0","0","1","0.942567315","0","1358","0","0","0","0"
"A8f4eVZPybix5Ep4W8Q6iAPZ83jo5Y2wWXttwF42MH87","5","0","2.0.19","0.2559036252780892","0.9672596034800065","0.95","0","0.8664877804935314","0.9994106557652822","0.8899547069118801","1","0.6892287298745597","NO_BOND","0","0","0","1","0","0","1359","0","0","0","0"
"iZADA4YKVRJZJaDUV3j79DzyK4VJkK3DGTfvvqvbC1K","100","0","2.0.18","0.8679715367548253","1","0","0","0.9402435887823499","0.9479844201336193","0.6480102150716736","0.1030753711128154","0.6839466905814883","COMMISSION,SCORE,NO_BOND","0","0","0","1","0","0","1360","0","0","0","0"
"6n8taYki7RscA1XW7xGmevLcqj855oSgDgjPe1dZyHfW","7","0","2.0.19","0.2315715182755822","0.9261888908444613","0.93","0","0.8664877804935314","0.9989405175100489","0.9577441582972839","0.9705248263986261","0.6790562914994106","NO_BOND","0","0","0","1","0","0","1361","0","0","0","0"
"5DnWqsJceNamPNNUpMnVr1XQ8anSxcj9TXRD5Rn52prJ","0","0","2.0.19","0.15632188336290653","1","1","1","0.770290516389543","0.7793746850774765","0.8990234197505745","1","0.678645729052996","NO_BOND","0","0","0","1","0","0","1362","0","0","0","0"
"HsCdVYYZAVSKhykpJdrmNKN15ePR8WugGXMbkJb8xdsU","5","0","2.0.19","0.09589848736265046","1","0.95","0.9","0.8404679119581911","0.8857472340497605","0.9898481742117521","1","0.6758137127915864","NO_BOND","0","0","0","1","0","0","1363","0","0","0","0"
"7t6MVrT846optKpHkXEKNMUMhMMukCVyjMhjTdd6ARBb","5","0","2.0.19","0.5677759780020459","0.9533621953840294","0","0","0.9741870446378578","0.9896419266535678","0.8899547069118801","1","0.6748932081878886","NO_BOND","0","0","0","1","0","0","1364","0","0","0","0"
"8TnaCtjPu6Md3BYs9vBv5YtSrDkm5vANRZL7Kd7amgf9","5","0","2.0.19","0.18187055772595845","0.8262009113058388","0.95","0.9","0.6756731455227554","0.9936599168777814","0.9577441582972839","1","0.6711833164082829","NO_BOND","0","0","0","1","0","0","1365","0","0","0","0"
"LunarE7WQyxpPwKo2hkEZZquu6UDWMNjvf3JyzGmdfp","0","0","2.0.19","0.00000385603995496205","1","1","0.9","0.9982829158431865","0.9997746132730266","0.9577441582972839","1","0.6682014472611012","NO_BOND","0","0","0","1","0","0","1366","0","0","0","0"
"CjspxRz7DTACphbx9J7ijypCvvVg3PHFo9rwmfajECfL","5","0","2.0.19","0.10118413779491714","0.8992491626103186","0.95","0.9","0.9741870446378578","0.9966944858885509","0.8899547069118801","1","0.6677430182448275","","0","0","0","1","0","0","1367","0","0","0","0"
"7obieMdVPKKcwEhhKizSkpdLaW1HMZh2ENrUDUhdGvVr","0","0","2.0.18","0.00021663979410085232","1","1","1","0.9741870446378578","0.9966944858885509","0.8899547069118801","1","0.6613046055654805","NO_BOND","0","0","0","1","0","0","1368","0","0","0","0"
"FKCcfoLt2pq7boiNqRGucVq5LE1K5Dt4HALCx2WbEQkv","5","0","2.0.19","0.08491874976503001","0.9135229588422284","0.95","0.9","0.6756731455227554","0.9977880029182914","0.9947251182393645","1","0.6591639698264287","NO_BOND","0","0","0","1","0","0","1369","0","0","0","0"
"36MVUhntTiTY7nsLyoCdRj4wbs2rvw2nPEZiM5XCkJLb","0","958.056271131","2.0.18","0.00554704396089159","1","1","1","0.6756731455227554","0.9641362692070283","0.9999658319200716","1","0.6548093182566387","","0","0","0","1","0","0","1370","0","0","0","0"
"BrPtQfUipB1yV2kMXPeQsEKERy4uZAX21t2ZMb2Ee48M","5","0","2.0.19","0.052588387941153954","0.9533621953840294","0.95","0.9","0.6756731455227554","0.9930302624857659","0.9872221309054545","1","0.6537319502727843","","0","0","0","1","0.016996421","2001081.60587682","1371","0","0","0","0"
"BbEcnQJRYUpnABxwQeHK2DQ9yCEdMAfJFxzZeNM4e4vS","0","3029.228732716","2.0.18","0.00022848855770225148","1","1","1","0.6756731455227554","0.9641362692070283","0.9872221309054545","1","0.6514493067053367","","0","0","0","1","0","0","1372","0","0","0","0"
"CxFH1pqJnEmyaE4wEwqdqMKpQMpkmdaMxhS7SzpHokA8","100","0","2.0.18","0.6679385312323318","1","0","0","0.9827135933740389","0.9827135933740389","0.6480102150716736","0.46598309701798457","0.6489342043069735","COMMISSION,SCORE,NO_BOND","0","0","0","1","0","0","1373","0","0","0","0"
"6xL2wVoBKjJkkvPYstjT6yrNHTaxMezmPhq3dqLA4q3i","5","0","2.0.19","0.12121279764815779","1","0.95","0","0.6756731455227554","0.9916892361917717","0.9577441582972839","1","0.6467499551384367","NO_BOND","0","0","0","1","0","0","1374","0","0","0","0"
"6oscGUEkXE8fyWoC4czRKbM1cuLkJNtgRsX1Un6w88Vf","5","0","2.0.19","0.0009269714831949495","1","0.95","1","0.9982829158431865","0.9988054362546422","0.8035455061174237","0.9974401283028338","0.6457304560115359","NO_BOND","0","0","0","1","0","0","1375","0","0","0","0"
"Hgv6JZhwTDyNywaANyzQqfX9ScMSdFzqKtGubFbf77AJ","100","0","2.0.15","0.42859877780669675","1","0","0","0.9402435887823499","0.9479844201336193","0.9973515329381429","1","0.645155946702745","COMMISSION,NO_BOND","0","0","0","1","0","0","1376","0","0","0","0"
"CpfvLiiPALdzZTP3fUrALg2TXwEDSAknRh1sn5JCt9Sr","7","0","2.0.18","0.01310056980430289","0.954858839332827","0.93","0.5","0.9741870446378578","0.9996808221475476","0.9920367521575467","1","0.6447234019050229","NO_BOND","0","0","0","1","0","0","1377","0","0","0","0"
"VALiDsfZKafvvQM5CMHhJd6PeVx9UpeDEC4Zk3WYikz","5","0","2.0.19","0.000035948489863908405","1","0.95","0.9","0.6756731455227554","0.9962928467327955","0.9872221309054545","0.9750969648579105","0.6430108635316185","NO_BOND","0","0","0","1","0","0","1378","0","0","0","0"
"4Nx9YfQSPe7Xv9Fwzg7T2Sy5wJGagKTkunpJwkMyciNx","0","0","2.0.19","0.06875660284842419","1","1","0","0.8404679119581911","0.8857472340497605","0.9962529428568745","1","0.6414243653541097","NO_BOND","0","0","0","1","0","0","1379","0","0","0","0"
"SANDhe6azby4EMLJd8N77QTk5K92n2tCi4NXba7iwuc","5","0","2.0.19","0.005476530182711809","1","0.95","0.9","0.9827135933740389","0.9827135933740389","0.8035455061174237","1","0.6411672675215163","NO_BOND","0","0","0","1","0","0","1380","0","0","0","0"
"5rfnWdpv3W3CQjmVDDurDYpkuGNsM2KwSZQnporFPRBo","5","0","2.0.19","0.17051286445395558","0.8816168260885476","0.95","0","0.6756731455227554","0.9618615531937618","0.9577441582972839","1","0.6406725922192975","NO_BOND","0","0","0","1","0","0","1381","0","0","0","0"
"RSSAw6n7Tvqi5iJc2xvHMfk1bhx47GVqj2pj1bq5NUq","0","0","2.0.19","4.00355470981851e-32","1","1","0","0.978601504976187","0.9999982015250553","0.9999982015250553","1","0.6396964651815407","","0","0","0","1","0","0","1382","0","0","0","0"
"ARK2Lvris4VzGVuY2je4sC6EzsNJhkDiik1ZAoL6KKgZ","0","0","2.0.18","3.6478897705981596e-13","1","1","0","0.9452388484454748","0.9992284534600647","0.9994541465671902","1","0.6373993433401146","NO_BOND","0","0","0","1","0","0","1383","0","0","0","0"
"5daP6pZoPSak6UEKuRg2HHjvTPpqqwB113oNamGNKuuZ","0","0","2.0.19","3.720972797849757e-12","1","1","0","0.9741870446378578","0.9961269683050649","0.9577441582972839","1","0.6335848912070082","NO_BOND","0","0","0","1","0","0","1384","0","0","0","0"
"5nH6sYJNSa71DCBQHgRCsX1dh5W1bWrUPeYieo9xyZ7f","5","0","2.0.19","0.057714997378799614","1","0.95","0","0.8404679119581911","0.8857472340497605","0.9999464856411419","1","0.6320917239489751","NO_BOND","0","0","0","1","2e-9","0","1385","0","0","0","0"
"GqcuMuWq4gKeCuCrD8iAjXTozCET2EP6qJXmZDFsSTWK","8","0","2.0.19","0.00003638309630314651","1","0.92","0.92","0.9402435887823499","0.9479844201336193","0.8035455061174237","0.9892060774417683","0.6295934983316716","COMMISSION,NO_BOND","0","0","0","1","0","0","1386","0","0","0","0"
"DLQCQrfALqY7HbSSFd1Je4eLkuNXHkgnFdmrvZ8rmSAR","10","0","2.0.19","0.000005780652809790629","1","0.9","0","0.9984428099996653","0.9999989707538416","0.9999986878703543","1","0.6284837125893669","COMMISSION,NO_BOND","0","0","0","1","0","0","1387","0","0","0","0"
"2vbLoZSGABNa1tX3XxvXK8dgn1LiNSN447AcSYLKGg8r","10","0","2.0.19","5.9179695147850014e-8","1","0.9","0","0.9984428099996653","0.999999717117095","0.9999986878703543","1","0.6284819391815801","COMMISSION,NO_BOND","0","0","0","1","0","0","1388","0","0","0","0"
"GuPnsaM3j4ojKe2KJpcaAWNmhk5n2kaJxc8ZKkowdxrw","5","0","2.0.19","0.027375154625784437","1","0.95","0.9","0.770290516389543","0.7793746850774765","0.8990234197505745","1","0.6271683972023115","NO_BOND","0","0","0","1","0","0","1389","0","0","0","0"
"EJHf5N9is5spAF5Kz384tTvTV3CwTka6qzUoZrYm53SV","5","0","2.0.19","0.01262663277878964","1","0.95","0.9","0.6756731455227554","0.9986806568199482","0.8035455061174237","1","0.6252098907665465","NO_BOND","0","0","0","1","0","0","1390","0","0","0","0"
"DzPT1ZWDeURdTj38QBSceWnrpYFxZRBLPRXmUgHVDAGR","0","0","2.0.19","1.2271137314488011e-30","1","1","0","0.9741870446378578","0.9966944858885509","0.8899547069118801","1","0.6248927862770609","NO_BOND","0","0","0","1","0","12.897851525","1391","0","0","0","0"
"8r4Fu6M8brgnL456RJfwxk8kN4iw1LgczfuXeuG1g4px","1","0","2.0.19","0.09274396497527577","0.8103152608837221","0.99","0","0.8664877804935314","0.998515693824316","0.9973515329381429","0.896490758398007","0.6233739433929021","NO_BOND","0","0","0","1","0","0","1392","0","0","0","0"
"F1wBgGku883aGGCQYMQFR4PmdJ7faej3qKSk8xGCycP7","0","0","2.0.19","0.00803619768986251","1","1","0","0.8404679119581911","0.8857472340497605","0.9962529428568745","1","0.6218371378836061","NO_BOND","0","0","0","1","0","0","1393","0","0","0","0"
"BjREhubbyR597w8tK9NUCLY74Zct2VuhvrNhyLinVc2e","10","0","2.0.21","0.15468742046744308","0.7774784254106704","0.9","0","0.6756731455227554","0.9998631205346432","0.9938552747519105","1","0.6208607446253183","COMMISSION,NO_BOND","0","0","0","1","0","0","1394","0","0","0","0"
"845yWKspevkXJP3aUrXHsYPJAwmhmeFFzRGA93LC1Yfp","10","0","2.0.19","0.20843464750649504","0.6907011823700621","0.9","0","0.6756731455227554","0.9618615531937618","0.9995947788642326","0.9852164085885621","0.6203114603282616","COMMISSION,NO_BOND","0","0","0","1","0","0","1395","0","0","0","0"
"7MYfub39nekhbLxcuDgAW9AXk4txK4vFLt52WzxFGrKy","0","0","2.0.19","1.1030708390990864e-9","1","1","0","0.8664877804935314","0.8740145471054379","0.9999999969180072","1","0.6202715871292296","NO_BOND","0","0","0","1","0","0","1396","0","0","0","0"
"vskzrzSd6owQiNb2YA52ZM4YtRzmsSyp6dJbjx2zTVN","0","0","2.0.19","4.1442002575759373e-23","1","1","0","0.6756731455227554","0.9977880029182914","0.9947251182393645","1","0.6192584120244465","","0","0","0","1","0","0","1397","0","0","0","0"
"A5bb5dNaqnVZBWxRNRW8UjsYZrybGkZM6snxGMaSxDg1","0","3070.78531499","2.0.18","0.00105301430547254","1","1","0","0.6756731455227554","0.9930302624857659","0.9872221309054545","1","0.6181695401670759","","0","0","0","1","0","0","1398","0","0","0","0"
"8ty86LdqsnSW4fpbZRFaR1EfgB3eUknJVz8BKY5izoWy","20","0","2.0.16","0.3780662570916897","0.8728366421879106","0","0","0.9997970297385417","0.9998545701384155","0.9998545701384155","1","0.6175297365258852","COMMISSION,NO_BOND","0","0","0","1","0","0","1399","0","0","0","0"
"F5Q9F429Ff7PMvVvSqmR57q5A921MMDBHzX7WuQVLHkw","5","0","2.0.19","0.15672788334768578","0.7319802404713563","0.95","0","0.6756731455227554","0.9618615531937618","0.9872221309054545","1","0.615894500325234","NO_BOND","0","0","0","1","0","0","1400","0","0","0","0"
"GTi71VkpXq9CFSt6heWiAkwndPQertmtXwrRJAwLG2uj","1","0","2.0.19","1.293440887736019e-12","1","0.9","0","0.9970374894787379","0.9980583583896033","0.8990234197505745","1","0.615174313972307","NO_BOND","0","0","0","1","0","0","1401","0","0","0","0"
"4qdXKJc1hQcwBVx4hdPFCG6p7fEXKbgp5P1HkcZn9Atc","5","0","2.0.19","0.02999385234175158","0.9293278543239278","0.95","0","0.9452388484454748","0.9960499464099887","0.8899547069118801","1","0.6149920696388901","NO_BOND","0","0","0","1","0","0","1402","0","0","0","0"
"axyQeKp44XqUnvC1jVHoeuAJ3j8wVnGeWtddeAcNYcF","5","0","2.0.19","4.346495583501849e-9","1","0.95","0","0.6756731455227554","0.9881122335093074","0.9814884080332837","1","0.6103666666829525","NO_BOND","0","0","0","1","0","0","1403","0","0","0","0"
"GLCrZmxWYcrGMA5uRa8mmNnQurGBL2p9zrKk9DKugSZX","10","0","2.2.0","0.2160782018600556","0.53418676326312","0.9","0","0.9402435887823499","0.9479844201336193","0.9938552747519105","0.9464201917485846","0.6100154114640814","COMMISSION,NO_BOND","0","0","0","1","0","0","1404","0","0","0","0"
"PineDoC593nrX16W8ZLWfF5Evb6otv7fRfZMLjPAHe3","5","0","2.0.19","1.3865099365399706e-9","1","0.95","0","0.9998761160211764","0.9998761160211764","0.8035455061174237","1","0.6094610522077637","NO_BOND","0","0","0","1","0","0","1405","0","0","0","0"
"SoLiDFg9qMi7tFEo4tiLxEVE7mteRyGZkBHJn2YYyjP","5","0","2.0.19","0.042291805346639635","0.8412227460568542","0.95","0","0.9741870446378578","0.9987643701492915","0.8899547069118801","1","0.6068789616490896","NO_BOND","0","0","0","1","0","0","1406","0","0","0","0"
"AGXZemZbyZjz5NBhufcob2pf8AXnr9HaGFUGNCfooWrB","5","0","2.0.19","0.2300701698637169","0.5824358902675308","0.95","0","0.8404679119581911","0.8857472340497605","0.8899547069118801","1","0.606148629151226","NO_BOND","0","0","0","1","0","0","1407","0","0","0","0"
"2zxo26eJJSryYa5fdMRoWWvPTx8aoeqZHe6L4767sCaN","10","0","2.0.21","0.05961018363791663","0.7186569159189171","0.9","0","0.9936929193540976","0.9936929193540976","0.9938552747519105","1","0.6006236165081252","COMMISSION,NO_BOND","0","0","0","1","0","0","1408","0","0","0","0"
"EWRHPjhZmYj4oqgo4MyjuqoWzuPhCcRvTtdGDjuLWeMq","0","0","2.0.16","0.0362395972358081","0.8421414458159261","1","0","0.8404679119581911","0.968035363249348","0.8899547069118801","1","0.5997214175080535","NO_BOND","0","0","0","1","0","0","1409","0","0","0","0"
"HjQugFHAUm7XbaZhmjnGioNUccdMUnFmwFTJgepm5q3n","7","0","2.0.19","0.07859988193022584","0.7890654519116859","0.93","0.2","0.6756731455227554","0.9618615531937618","0.9577441582972839","0.9752986551163967","0.5992713862228843","NO_BOND","0","0","0","1","0","0","1410","0","0","0","0"
"EsnouLyTd4WcFyBtdL6XFWnVRnzuZj7ZPfYpawdsiW1n","5","0","2.0.19","0.07747322310490272","0.8933717171030615","0.95","0","0.9827135933740389","0.9827135933740389","0.6480102150716736","1","0.5944170852813297","NO_BOND","0","0","0","1","0","0","1411","0","0","0","0"
"4T799AaK9YT7zBtVqYZEnCY5ihUF5XaEYemwr5EnozoQ","100","0","0.101.20106","0.25660353083845155","1","0","0","0.8664877804935314","0.998515693824316","0.9973515329381429","1","0.5898052929870031","COMMISSION,NO_BOND","0","0","0","1","0","0","1412","0","0","0","0"
"2zTwGrCrmXNvuhmasxZerKd8ep43Rr2MMoxgs8xS8gWb","5","0","2.0.19","0.16508540776758807","0.5078112918270035","0.95","0","0.6756731455227554","0.9981173405726453","0.9947251182393645","1","0.5869109458881226","NO_BOND","0","0","0","1","0","0","1413","0","0","0","0"
"chrtyiAw8suFRvS7rTcfgcDyNu49bGPNZ2fjSPzNPFr","5","0","2.0.19","1.5604989264012812e-12","1","0.95","0","0.6756731455227554","0.9536987878467417","0.8035455061174237","1","0.5840759573893883","NO_BOND","0","0","0","1","0","0","1414","0","0","0","0"
"DCkFCCEQCuRTcJ3y4rTnWyXnQsi5abfCFXPZZ7pjPJqG","5","0","2.0.19","0.0010306023078428127","0.5184860036672108","0.95","0.95","0.9741870446378578","0.9966944858885509","0.8899547069118801","1","0.5758391101936572","NO_BOND","0","0","0","1","0","0","1415","0","0","0","0"
"5PyiGb6dNrCaKTkMfovKRQPYgH5zizcsvXp9YUAVWqbo","5","0","2.0.19","0.00039280810759841685","0.548113775305337","0.95","0.9","0.9452388484454748","0.9763758892609269","0.8899547069118801","1","0.5747610048362555","","0","0","0","1","0","0","1416","0","0","0","0"
"HdP3326wLHUqtzNvVfxFWtfp5EA8njHdfwnWfPoCBjWa","5","0","2.0.19","0.0001425997613326829","0.7052934608708381","0.95","0","0.9741870446378578","0.9966944858885509","0.8899547069118801","1","0.5711580540824647","","0","0","0","1","0","0","1417","0","0","0","0"
"ducZeBYuxQeeHStH1QtNRJV7tKixfKSo7RMR2TeP1Y1","100","0","2.0.18","0.23651300104325954","0.9724046013708576","0","0","0.8404679119581911","0.968035363249348","0.8899547069118801","1","0.5603875405999623","COMMISSION,NO_BOND","0","0","0","1","0","0","1418","0","0","0","0"
"E3yhPs5PPN4RZh8FbJo2eqtdrAYKCK9H7pcSD1vCNCP4","5","0","2.0.19","0.0000364455893715659","0.3563588012821077","0.95","0.95","0.9452388484454748","0.9753564047824665","0.8899547069118801","1","0.5454362645545202","NO_BOND","0","0","0","1","0","0","1419","0","0","0","0"
"Csp2hDVRX4cRitFEswJJcoH9ju4rcPUSsqU9pkh5JBQU","5","0","2.0.19","0.00031826677732124604","0.376156512464447","0.95","0.95","0.9998761160211764","0.9998761160211764","0.8035455061174237","1","0.5434686398280977","NO_BOND","0","0","0","1","0","0","1420","0","0","0","0"
"EsSodfiCfuM4ANfpPAunwj3wo8RaoRrZR9yY79CoXoUV","5","0","2.0.19","0.0006447922552994189","1","0","0.9","0.9741870446378578","0.9942728670132581","0.8899547069118801","1","0.5326257884037421","NO_BOND","0","0","0","1","0","0","1421","0","0","0","0"
"8rdvwkMEXZEF19RD7AMsETVUXq6WDVYVXXmwnV49WsZX","100","0","","0.000006461443034056553","1","0","0","1","0.9999766049606359","1","1","0.5161288525584596","COMMISSION,NO_BOND","0","0","0","1","0","0","1422","0","0","0","0"
"EjyNztuWsaiVFnEB3M6NSut6p6e8UHsUdE8BkmRLMHWp","5","0","2.0.18","0.000008463363355231012","1","0","0","0.9982829158431865","0.9988054362546422","0.9577441582972839","1","0.5104530131378383","NO_BOND","0","0","0","1","0","0","1423","0","0","0","0"
"BeLBaGs8dVP1bcA2zhv1RHmEPFY9PfmSR2mFgoqKkiaz","5","0","2.0.19","0.0005497229004783755","0.3224198678266688","0.95","0","0.9741870446378578","0.9996808221475476","0.8899547069118801","1","0.5098245790807744","NO_BOND","0","0","0","1","0","0","1424","0","0","0","0"
"vsxurakbU9y5XddhpnvbgPoZzA46osJmfXj2AXCn94c","5","0","2.0.19","1.52694699339437e-7","1","0","0","0.9741870446378578","0.9961269683050649","0.9577441582972839","1","0.5086365533653884","NO_BOND","0","0","0","1","0","0","1425","0","0","0","0"
"38JAWSzCLbTVf8XVnYGFEEXDXQcUAxcwNgYAsC3cZMUf","100","0","2.0.17","6.409061009709847e-31","1","0","0","0.9741870446378578","0.9942728670132581","0.8899547069118801","1","0.4997100489665487","COMMISSION,NO_BOND","0","0","0","1","0","0","1426","0","0","0","0"
"4GWXbzZFntDor4S25siX1tSWFv7Q6hHsHcKGzHQJK7QB","100","0","2.0.18","0.00030275440479127474","1","0","0","0.6756731455227554","0.9999872563867768","0.986220225017172","1","0.4935231130426594","COMMISSION,NO_BOND","0","0","0","1","0","0","1427","0","0","0","0"
"2Y2opv8Kq8zFATg6ipqb2AjgCf18tkv1CLMLXQGif2NH","7","0","2.0.20","0.0006201809300483569","0.2749751720863521","0.93","0","0.6756731455227554","0.9842597944565771","0.9814884080332837","1","0.490755450847762","NO_BOND","0","0","0","1","0","0","1428","0","0","0","0"
"jag77EXci8uf5uGmKE5izaYvxBCS5H9U2rxWYh8BUUf","0","0","2.0.19","0.00022135579075603716","1","0","0","0.9982829158431865","0.9988054362546422","0.8035455061174237","1","0.4906250878331469","NO_BOND","0","0","0","1","0","0","1429","0","0","0","0"
"59uncaiGG7RMfH6yMc6tLR69d61aT5yEcJq6ccq5Xbbu","100","0","2.0.19","2.0007927027926983e-29","1","0","0","0.9827135933740389","0.9827135933740389","0.8035455061174237","1","0.4879919352045125","COMMISSION,NO_BOND","0","0","0","1","0","0","1430","0","0","0","0"
"AZcKUCnvQfdL3BWgX5KUDDRd769WR1AtFE7SV3Q4Pzeg","100","0","0.202.20016","0.007730319088017476","0.7301861712545148","0","0","0.6756731455227554","0.9999897203446093","0.9999897203446093","1","0.45417768969711364","COMMISSION,NO_BOND","0","0","0","1","0","0","1431","0","0","0","0"
"8dk8UAi3d6K49fCPiwXyPynhYjQX6wxVA8mdSNzTGVts","5","0","2.0.19","0.0010306344650593937","0","0.95","0","0.9452388484454748","0.9763758892609269","0.8899547069118801","1","0.45385356570876917","NO_BOND","0","0","0","1","0","0","1432","0","0","0","0"
"Gr432yJ6wqeyh1p87fVCxcdf8RsWsGtfAdEVLYrajBAm","90","0","2.1.4","7.482602090952123e-7","0.694442792242056","0","0","0.6756731455227554","0.9842597944565771","0.9814884080332837","1","0.4420097016245403","COMMISSION,NO_BOND","0","0","0","1","0","0","1433","0","0","0","0"
