{
  "staked_sol": 5409572.105586971,
  "staked_usd": 1267354491.0114107,
  "msol_directed_stake_sol": 1081914.4211173942,
  "msol_directed_stake_msol": 469379.03990670457,
  "liquidity_sol": 14383.019930833,
  "liquidity_usd": 3369653.744853807,
  "total_sol": 8141663.348046077,
  "total_usd": 1907428796.0396063,
  "self_staked_sol": 1214034.725192254,
  "self_staked_usd": 284424041.529484,
  "standard_staked_sol": 4195537.380394717,
  "standard_staked_usd": 982930449.4819266,
  "total_virtual_staked_sol": 5336189.821566142,
  "total_virtual_staked_usd": 1250162490.3505042,
  "marinade_native_stake_sol": 2717708.222528273,
  "marinade_native_stake_usd": 636704651.2833416
}