{
  "staked_sol": 6085775.309659224,
  "staked_usd": 1042506208.7976741,
  "msol_directed_stake_sol": 1217155.0619318448,
  "msol_directed_stake_msol": 978378.6155809314,
  "liquidity_sol": 19225.870953704,
  "liquidity_usd": 3293432.441872653,
  "total_sol": 9927989.747039976,
  "total_usd": 1700685685.1486974,
  "self_staked_sol": 1214034.725192254,
  "self_staked_usd": 207966721.46277002,
  "standard_staked_sol": 4871740.58446697,
  "standard_staked_usd": 834539487.334904,
  "total_virtual_staked_sol": 6050073.971819595,
  "total_virtual_staked_usd": 1036390493.9599732,
  "marinade_native_stake_sol": 3822988.566427048,
  "marinade_native_stake_usd": 654886043.9091508
}