{
  "staked_sol": 6290301.504522051,
  "staked_usd": 1166771469.1195931,
  "msol_directed_stake_sol": 1258060.3009044102,
  "msol_directed_stake_msol": 933890.0345102819,
  "liquidity_sol": 21978.498110303,
  "liquidity_usd": 4076733.7639960875,
  "total_sol": 10142495.793344853,
  "total_usd": 1881304848.2386594,
  "self_staked_sol": 1214034.725192254,
  "self_staked_usd": 225188105.66654962,
  "standard_staked_sol": 5076266.779329797,
  "standard_staked_usd": 941583363.4530436,
  "total_virtual_staked_sol": 6260443.020716641,
  "total_virtual_staked_usd": 1161233097.5502372,
  "marinade_native_stake_sol": 3830215.7907125,
  "marinade_native_stake_usd": 710456645.3550702
}