{
  "staked_sol": 6151175.443719621,
  "staked_usd": 899724734.8179657,
  "msol_directed_stake_sol": 1230235.0887439242,
  "msol_directed_stake_msol": 981235.3907191968,
  "liquidity_sol": 19516.067065653,
  "liquidity_usd": 2854590.708067381,
  "total_sol": 10137846.886771476,
  "total_usd": 1482850178.0319836,
  "self_staked_sol": 1214034.725192254,
  "self_staked_usd": 177575340.05937728,
  "standard_staked_sol": 4937140.718527367,
  "standard_staked_usd": 722149394.7585886,
  "total_virtual_staked_sol": 6091248.340807554,
  "total_virtual_staked_usd": 890959272.4653972,
  "marinade_native_stake_sol": 3967155.375986203,
  "marinade_native_stake_usd": 580270852.5059507
}