{
  "staked_sol": 6289576.940921997,
  "staked_usd": 1166131430.8094592,
  "msol_directed_stake_sol": 1257915.3881843993,
  "msol_directed_stake_msol": 933890.0345102819,
  "liquidity_sol": 21587.933260347,
  "liquidity_usd": 4002553.389134185,
  "total_sol": 10140363.75262008,
  "total_usd": 1880094162.5873153,
  "self_staked_sol": 1214034.725192254,
  "self_staked_usd": 225090505.2022909,
  "standard_staked_sol": 5075542.215729743,
  "standard_staked_usd": 941040925.6071683,
  "total_virtual_staked_sol": 6259713.74104648,
  "total_virtual_staked_usd": 1160594585.2749357,
  "marinade_native_stake_sol": 3829198.878437735,
  "marinade_native_stake_usd": 709960178.3887218
}