{
  "rewards_mev": [
    [
      587,
      6504.103583216
    ],
    [
      586,
      5804.921731273
    ],
    [
      585,
      13900.207420315
    ],
    [
      584,
      16586.118829987
    ],
    [
      583,
      10732.963379397
    ],
    [
      582,
      7825.209135461001
    ],
    [
      581,
      5709.192112448
    ],
    [
      580,
      6059.806310825
    ],
    [
      579,
      4223.74761092
    ],
    [
      578,
      2792.983313059
    ],
    [
      577,
      2807.566607125
    ],
    [
      576,
      3064.881237088
    ],
    [
      575,
      3438.782218402
    ],
    [
      574,
      4719.177069533
    ]
  ],
  "rewards_inflation_est": [
    [
      587,
      169490.80845108072
    ],
    [
      586,
      169594.71494172607
    ],
    [
      585,
      169698.43366325184
    ],
    [
      584,
      169801.0722829515
    ],
    [
      583,
      169903.82363286827
    ],
    [
      582,
      170005.79785687503
    ],
    [
      581,
      170107.45322368323
    ],
    [
      580,
      170209.13118332563
    ],
    [
      579,
      170310.8061011884
    ],
    [
      578,
      170412.47726938574
    ],
    [
      577,
      170514.27376637395
    ],
    [
      576,
      170616.19298836557
    ],
    [
      575,
      170718.1677772298
    ],
    [
      574,
      170820.19693028636
    ]
  ]
}