{
  "staked_sol": 6741324.321730875,
  "staked_usd": 1233102597.9550378,
  "msol_directed_stake_sol": 1348264.8643461752,
  "msol_directed_stake_msol": 1280149.1669762249,
  "liquidity_sol": 20399.366969671,
  "liquidity_usd": 3731390.3331802506,
  "total_sol": 10436917.532009177,
  "total_usd": 1909089298.9492905,
  "self_staked_sol": 1214034.725192254,
  "self_staked_usd": 222067549.6677228,
  "standard_staked_sol": 5527289.596538621,
  "standard_staked_usd": 1011035048.287315,
  "total_virtual_staked_sol": 6690379.056677117,
  "total_virtual_staked_usd": 1223783844.592469,
  "marinade_native_stake_sol": 3675193.84330863,
  "marinade_native_stake_usd": 672255310.6610723
}