{
  "staked_sol": 6163448.701860856,
  "staked_usd": 899680624.4306582,
  "msol_directed_stake_sol": 1232689.7403721714,
  "msol_directed_stake_msol": 984156.2492587238,
  "liquidity_sol": 19639.11635674,
  "liquidity_usd": 2866728.2428689036,
  "total_sol": 10161080.937338293,
  "total_usd": 1483216310.348283,
  "self_staked_sol": 1214034.725192254,
  "self_staked_usd": 177213046.21415955,
  "standard_staked_sol": 4949413.976668602,
  "standard_staked_usd": 722467578.2164986,
  "total_virtual_staked_sol": 6123721.525613085,
  "total_virtual_staked_usd": 893881635.5102718,
  "marinade_native_stake_sol": 3977993.119120696,
  "marinade_native_stake_usd": 580668957.6747557
}