{
  "staked_sol": 5324556.810347683,
  "staked_usd": 791308891.6322039,
  "msol_directed_stake_sol": 1064911.3620695367,
  "msol_directed_stake_msol": 500113.4224406981,
  "liquidity_sol": 14813.457696587,
  "liquidity_usd": 2201501.6852381704,
  "total_sol": 8004933.686106346,
  "total_usd": 1189653041.2506733,
  "self_staked_sol": 1214034.725192254,
  "self_staked_usd": 180423743.61147246,
  "standard_staked_sol": 4110522.085155429,
  "standard_staked_usd": 610885148.0207316,
  "total_virtual_staked_sol": 5248200.086800597,
  "total_virtual_staked_usd": 779961138.8650087,
  "marinade_native_stake_sol": 2665563.418062076,
  "marinade_native_stake_usd": 396142647.9332312
}