{
  "staked_sol": 6287500.31276103,
  "staked_usd": 841248909.217499,
  "msol_directed_stake_sol": 1257500.062552206,
  "msol_directed_stake_msol": 944685.61072999,
  "liquidity_sol": 20719.662638203,
  "liquidity_usd": 2772229.459514513,
  "total_sol": 10383833.505742796,
  "total_usd": 1389326151.2008219,
  "self_staked_sol": 1214034.725192254,
  "self_staked_usd": 162434248.51165757,
  "standard_staked_sol": 5073465.587568776,
  "standard_staked_usd": 678814660.7058414,
  "total_virtual_staked_sol": 6213578.474926073,
  "total_virtual_staked_usd": 831358386.3781129,
  "marinade_native_stake_sol": 4075613.530343562,
  "marinade_native_stake_usd": 545305012.5238082
}