{
  "staked_sol": 6265361.091846341,
  "staked_usd": 1187832364.1943772,
  "msol_directed_stake_sol": 1253072.2183692683,
  "msol_directed_stake_msol": 901686.1039771128,
  "liquidity_sol": 20976.713447215,
  "liquidity_usd": 3976916.695106336,
  "total_sol": 10113447.744261224,
  "total_usd": 1917380398.0517206,
  "self_staked_sol": 1214034.725192254,
  "self_staked_usd": 230165463.20305094,
  "standard_staked_sol": 5051326.366654087,
  "standard_staked_usd": 957666900.9913262,
  "total_virtual_staked_sol": 6236060.934178952,
  "total_virtual_staked_usd": 1182277428.885283,
  "marinade_native_stake_sol": 3827109.938967668,
  "marinade_native_stake_usd": 725571117.1622372
}