{
  "staked_sol": 5101734.139530486,
  "staked_usd": 734452795.4297372,
  "msol_directed_stake_sol": 1020346.8279060973,
  "msol_directed_stake_msol": 541450.2290162778,
  "liquidity_sol": 16621.876513696,
  "liquidity_usd": 2392908.6339837033,
  "total_sol": 7614229.674849204,
  "total_usd": 1096155173.2783387,
  "self_staked_sol": 1214034.725192254,
  "self_staked_usd": 174774140.18055487,
  "standard_staked_sol": 3887699.414338232,
  "standard_staked_usd": 559678655.2491822,
  "total_virtual_staked_sol": 5051769.151620023,
  "total_virtual_staked_usd": 727259765.7577069,
  "marinade_native_stake_sol": 2495873.658805022,
  "marinade_native_stake_usd": 359309469.2146179
}