{
  "staked_sol": 6004275.021074486,
  "staked_usd": 858394714.1854262,
  "msol_directed_stake_sol": 1200855.0042148973,
  "msol_directed_stake_msol": 956381.4732762142,
  "liquidity_sol": 20741.9435613,
  "liquidity_usd": 2965349.630464816,
  "total_sol": 9942006.277660146,
  "total_usd": 1421348223.9217243,
  "self_staked_sol": 1214034.725192254,
  "self_staked_usd": 173563167.45732543,
  "standard_staked_sol": 4790240.295882232,
  "standard_staked_usd": 684831546.7281007,
  "total_virtual_staked_sol": 6062041.009254242,
  "total_virtual_staked_usd": 866653166.4946822,
  "marinade_native_stake_sol": 3916989.31302436,
  "marinade_native_stake_usd": 559988160.1058333
}