{
  "staked_sol": 5405664.837472986,
  "staked_usd": 855836424.4346823,
  "msol_directed_stake_sol": 1081132.9674945974,
  "msol_directed_stake_msol": 715224.4453965917,
  "liquidity_sol": 18329.807042507,
  "liquidity_usd": 2902014.274190606,
  "total_sol": 7955375.88202898,
  "total_usd": 1259512133.033463,
  "self_staked_sol": 1214034.725192254,
  "self_staked_usd": 192208575.5567847,
  "standard_staked_sol": 4191630.112280732,
  "standard_staked_usd": 663627848.8778975,
  "total_virtual_staked_sol": 5364383.226439937,
  "total_virtual_staked_usd": 849300631.4390618,
  "marinade_native_stake_sol": 2531381.237513487,
  "marinade_native_stake_usd": 400773694.3245902
}