{
  "staked_sol": 5449873.354091352,
  "staked_usd": 1167013459.8656294,
  "msol_directed_stake_sol": 1089974.6708182704,
  "msol_directed_stake_msol": 470432.7445985225,
  "liquidity_sol": 14379.018315197,
  "liquidity_usd": 3079063.828316629,
  "total_sol": 8170708.744088367,
  "total_usd": 1749641957.0620875,
  "self_staked_sol": 1214034.725192254,
  "self_staked_usd": 259968401.64735365,
  "standard_staked_sol": 4235838.628899098,
  "standard_staked_usd": 907045058.2182759,
  "total_virtual_staked_sol": 5348618.776045354,
  "total_virtual_staked_usd": 1145331221.0730555,
  "marinade_native_stake_sol": 2706456.371681818,
  "marinade_native_stake_usd": 579549433.3681415
}