{
  "staked_sol": 5403896.7227167,
  "staked_usd": 951069078.2514426,
  "msol_directed_stake_sol": 1080779.3445433402,
  "msol_directed_stake_msol": 483427.67951493413,
  "liquidity_sol": 14820.280973332,
  "liquidity_usd": 2608323.5279981857,
  "total_sol": 8141271.127645935,
  "total_usd": 1432838491.2716668,
  "self_staked_sol": 1214034.725192254,
  "self_staked_usd": 213666349.72871444,
  "standard_staked_sol": 4189861.997524446,
  "standard_staked_usd": 737402728.522728,
  "total_virtual_staked_sol": 5313901.544761339,
  "total_virtual_staked_usd": 935230205.797557,
  "marinade_native_stake_sol": 2722554.123955903,
  "marinade_native_stake_usd": 479161089.4922261
}