{
  "staked_sol": 5325315.442755683,
  "staked_usd": 827067547.3392473,
  "msol_directed_stake_sol": 1065063.0885511367,
  "msol_directed_stake_msol": 508474.9500853781,
  "liquidity_sol": 15643.029625868,
  "liquidity_usd": 2429497.798711977,
  "total_sol": 7898237.689359698,
  "total_usd": 1226664625.6471956,
  "self_staked_sol": 1214034.725192254,
  "self_staked_usd": 188550093.105818,
  "standard_staked_sol": 4111280.717563429,
  "standard_staked_usd": 638517454.2334292,
  "total_virtual_staked_sol": 5283886.84180515,
  "total_virtual_staked_usd": 820633327.2923455,
  "marinade_native_stake_sol": 2557279.216978147,
  "marinade_native_stake_usd": 397167580.5092363
}