{
  "staked_sol": 6741324.321730875,
  "staked_usd": 1230398935.5007339,
  "msol_directed_stake_sol": 1348264.8643461752,
  "msol_directed_stake_msol": 1280149.1669762246,
  "liquidity_sol": 20401.976969671,
  "liquidity_usd": 3723685.369160291,
  "total_sol": 10436920.285359511,
  "total_usd": 1904903991.5817616,
  "self_staked_sol": 1214034.725192254,
  "self_staked_usd": 221580651.25606456,
  "standard_staked_sol": 5527289.596538621,
  "standard_staked_usd": 1008818284.2446691,
  "total_virtual_staked_sol": 6690379.056677117,
  "total_virtual_staked_usd": 1221100614.1473334,
  "marinade_native_stake_sol": 3675193.986658966,
  "marinade_native_stake_usd": 670781370.7118679
}