{
  "staked_sol": 6741324.321730875,
  "staked_usd": 1178147798.9655704,
  "msol_directed_stake_sol": 1348264.8643461752,
  "msol_directed_stake_msol": 1280149.1669762242,
  "liquidity_sol": 20385.360240345,
  "liquidity_usd": 3562648.25011656,
  "total_sol": 10436962.70430986,
  "total_usd": 1824016180.074728,
  "self_staked_sol": 1214034.725192254,
  "self_staked_usd": 212170824.468772,
  "standard_staked_sol": 5527289.596538621,
  "standard_staked_usd": 965976974.4967983,
  "total_virtual_staked_sol": 6690481.025116273,
  "total_virtual_staked_usd": 1169262168.3179607,
  "marinade_native_stake_sol": 3675253.02233864,
  "marinade_native_stake_usd": 642305732.8590412
}