{
  "staked_sol": 5445603.591690725,
  "staked_usd": 884132399.218189,
  "msol_directed_stake_sol": 1089120.718338145,
  "msol_directed_stake_msol": 891221.987681874,
  "liquidity_sol": 18800.073810472,
  "liquidity_usd": 3052325.4371460793,
  "total_sol": 8230341.168351759,
  "total_usd": 1336254312.4994223,
  "self_staked_sol": 1214034.725192254,
  "self_staked_usd": 197107155.56972232,
  "standard_staked_sol": 4231568.866498471,
  "standard_staked_usd": 687025243.6484668,
  "total_virtual_staked_sol": 5393071.313244165,
  "total_virtual_staked_usd": 875603410.9072837,
  "marinade_native_stake_sol": 2765937.502850562,
  "marinade_native_stake_usd": 449069587.84408706
}