{
  "staked_sol": 6741317.919025888,
  "staked_usd": 1230930183.8578467,
  "msol_directed_stake_sol": 1348263.5838051776,
  "msol_directed_stake_msol": 1280149.1669762249,
  "liquidity_sol": 20460.21753589,
  "liquidity_usd": 3735931.1095750593,
  "total_sol": 10439192.931857819,
  "total_usd": 1906143254.076953,
  "self_staked_sol": 1214034.725192254,
  "self_staked_usd": 221676533.4969767,
  "standard_staked_sol": 5527283.193833634,
  "standard_staked_usd": 1009253650.36087,
  "total_virtual_staked_sol": 6659443.436968668,
  "total_virtual_staked_usd": 1215980322.055969,
  "marinade_native_stake_sol": 3677414.79529604,
  "marinade_native_stake_usd": 671477139.1095309
}