{
  "staked_sol": 6482241.982097488,
  "staked_usd": 1221716092.8167145,
  "msol_directed_stake_sol": 1296448.3964194977,
  "msol_directed_stake_msol": 923692.8340144086,
  "liquidity_sol": 20962.329493923,
  "liquidity_usd": 3950795.9370201477,
  "total_sol": 10383732.87188477,
  "total_usd": 1957034863.5745757,
  "self_staked_sol": 1214034.725192254,
  "self_staked_usd": 228810612.917873,
  "standard_staked_sol": 5268207.256905234,
  "standard_staked_usd": 992905479.8988416,
  "total_virtual_staked_sol": 6451621.023340443,
  "total_virtual_staked_usd": 1215944923.1821535,
  "marinade_native_stake_sol": 3880528.560293359,
  "marinade_native_stake_usd": 731367974.8208408
}