{
  "staked_sol": 6230182.99084545,
  "staked_usd": 885626235.0701724,
  "msol_directed_stake_sol": 1246036.59816909,
  "msol_directed_stake_msol": 939393.4625725683,
  "liquidity_sol": 20915.941248434,
  "liquidity_usd": 2973220.261430205,
  "total_sol": 10387948.546538377,
  "total_usd": 1476656428.052206,
  "self_staked_sol": 1214034.725192254,
  "self_staked_usd": 172576151.37409675,
  "standard_staked_sol": 5016148.265653196,
  "standard_staked_usd": 713050083.6960757,
  "total_virtual_staked_sol": 6157713.595960041,
  "total_virtual_staked_usd": 875324644.0182747,
  "marinade_native_stake_sol": 4136849.614444494,
  "marinade_native_stake_usd": 588056972.7206036
}