{
  "staked_sol": 6112516.142581461,
  "staked_usd": 876202451.0596899,
  "msol_directed_stake_sol": 1222503.2285162923,
  "msol_directed_stake_msol": 954866.6303979349,
  "liquidity_sol": 20716.517052323,
  "liquidity_usd": 2969622.0991899604,
  "total_sol": 10260501.799403992,
  "total_usd": 1470798050.431541,
  "self_staked_sol": 1214034.725192254,
  "self_staked_usd": 174026567.3042112,
  "standard_staked_sol": 4898481.417389207,
  "standard_staked_usd": 702175883.7554786,
  "total_virtual_staked_sol": 6074425.788963546,
  "total_virtual_staked_usd": 870742365.4871956,
  "marinade_native_stake_sol": 4127269.139770209,
  "marinade_native_stake_usd": 591625977.2726613
}