{
  "rewards_mev": [
    [
      646,
      13506.761676691
    ],
    [
      645,
      11215.983031878
    ],
    [
      644,
      10962.366561908
    ],
    [
      643,
      12980.974260257
    ],
    [
      642,
      16413.148805312
    ],
    [
      641,
      10661.811891927
    ],
    [
      640,
      10370.383251823
    ],
    [
      639,
      12469.216493658
    ],
    [
      638,
      12011.651929267
    ],
    [
      633,
      13434.936033259
    ],
    [
      632,
      15419.479012658
    ],
    [
      631,
      19167.406784027
    ],
    [
      630,
      18569.821360541
    ],
    [
      629,
      12258.223992519
    ]
  ],
  "rewards_inflation_est": [
    [
      647,
      163262.332285248
    ],
    [
      646,
      163364.77340053703
    ],
    [
      645,
      163467.84276221515
    ],
    [
      644,
      163570.7704957685
    ],
    [
      643,
      163673.783619884
    ],
    [
      642,
      163777.1484928168
    ],
    [
      641,
      163881.23503489606
    ],
    [
      640,
      163984.05165993632
    ],
    [
      639,
      164086.72092818635
    ],
    [
      638,
      164189.68718137755
    ],
    [
      637,
      164292.33545317248
    ],
    [
      636,
      164395.4660400609
    ],
    [
      635,
      164498.64133518713
    ],
    [
      634,
      164603.18608843855
    ]
  ]
}