{
  "staked_sol": 5402908.678625965,
  "staked_usd": 1001629705.595493,
  "msol_directed_stake_sol": 1080581.735725193,
  "msol_directed_stake_msol": 700831.608555111,
  "liquidity_sol": 17628.94413097,
  "liquidity_usd": 3268179.2660529423,
  "total_sol": 7945985.868358315,
  "total_usd": 1473083473.995299,
  "self_staked_sol": 1214034.725192254,
  "self_staked_usd": 225066407.13503078,
  "standard_staked_sol": 4188873.953433711,
  "standard_staked_usd": 776563298.4604622,
  "total_virtual_staked_sol": 5353126.248346903,
  "total_virtual_staked_usd": 992400683.9795057,
  "marinade_native_stake_sol": 2525448.24560138,
  "marinade_native_stake_usd": 468185589.133753
}