{
  "staked_sol": 5433724.693267818,
  "staked_usd": 1148196130.432769,
  "msol_directed_stake_sol": 1086744.9386535636,
  "msol_directed_stake_msol": 464000.81303724763,
  "liquidity_sol": 14417.648394947,
  "liquidity_usd": 3046582.0466628564,
  "total_sol": 8156881.717223236,
  "total_usd": 1723624319.00852,
  "self_staked_sol": 1214034.725192254,
  "self_staked_usd": 256536731.68311384,
  "standard_staked_sol": 4219689.968075564,
  "standard_staked_usd": 891659398.7496554,
  "total_virtual_staked_sol": 5399338.87109978,
  "total_virtual_staked_usd": 1140930089.1473124,
  "marinade_native_stake_sol": 2708739.375560471,
  "marinade_native_stake_usd": 572381606.5290877
}