{
  "staked_sol": 6283811.135330807,
  "staked_usd": 1168763550.0518553,
  "msol_directed_stake_sol": 1256762.2270661616,
  "msol_directed_stake_msol": 933890.0345102826,
  "liquidity_sol": 25282.437173542,
  "liquidity_usd": 4702431.436675626,
  "total_sol": 10138294.929676635,
  "total_usd": 1885682003.8493714,
  "self_staked_sol": 1214034.725192254,
  "self_staked_usd": 225805566.83571127,
  "standard_staked_sol": 5069776.410138553,
  "standard_staked_usd": 942957983.2161441,
  "total_virtual_staked_sol": 6253948.123425333,
  "total_virtual_staked_usd": 1163209150.1728327,
  "marinade_native_stake_sol": 3829201.357172286,
  "marinade_native_stake_usd": 712216022.3608403
}