{
  "staked_sol": 5085903.746112267,
  "staked_usd": 805131078.3111194,
  "msol_directed_stake_sol": 1017180.7492224533,
  "msol_directed_stake_msol": 542490.8190464017,
  "liquidity_sol": 16492.982490014,
  "liquidity_usd": 2610944.571434731,
  "total_sol": 7595364.096075235,
  "total_usd": 1202394695.2423558,
  "self_staked_sol": 1214034.725192254,
  "self_staked_usd": 192189458.58901957,
  "standard_staked_sol": 3871869.020920013,
  "standard_staked_usd": 612941619.7220999,
  "total_virtual_staked_sol": 5043476.500734423,
  "total_virtual_staked_usd": 798414574.1210932,
  "marinade_native_stake_sol": 2492967.367472954,
  "marinade_native_stake_usd": 394652672.3598017
}