{
  "staked_sol": 6290390.562979995,
  "staked_usd": 1171034032.854372,
  "msol_directed_stake_sol": 1258078.1125959991,
  "msol_directed_stake_msol": 933890.0345102819,
  "liquidity_sol": 21778.60578406,
  "liquidity_usd": 4054356.9283830556,
  "total_sol": 10142437.750227625,
  "total_usd": 1888140277.254395,
  "self_staked_sol": 1214034.725192254,
  "self_staked_usd": 226007585.06696486,
  "standard_staked_sol": 5076355.837787741,
  "standard_staked_usd": 945026447.787407,
  "total_virtual_staked_sol": 6245532.079170255,
  "total_virtual_staked_usd": 1162683071.0694861,
  "marinade_native_stake_sol": 3830268.581463568,
  "marinade_native_stake_usd": 713051887.4716398
}