{
  "staked_sol": 5430122.459700931,
  "staked_usd": 1121365088.5562825,
  "msol_directed_stake_sol": 1086024.4919401861,
  "msol_directed_stake_msol": 461153.5470799186,
  "liquidity_sol": 14416.240987154,
  "liquidity_usd": 2977072.7034577793,
  "total_sol": 8137005.124538854,
  "total_usd": 1680358691.6829827,
  "self_staked_sol": 1214034.725192254,
  "self_staked_usd": 250708187.0121568,
  "standard_staked_sol": 4216087.734508677,
  "standard_staked_usd": 870656901.5441258,
  "total_virtual_staked_sol": 5368804.69785047,
  "total_virtual_staked_usd": 1108702464.8387132,
  "marinade_native_stake_sol": 2692466.423850769,
  "marinade_native_stake_usd": 556016530.4232426
}