{
  "staked_sol": 5503855.762426513,
  "staked_usd": 819279751.0038778,
  "msol_directed_stake_sol": 1100771.1524853026,
  "msol_directed_stake_msol": 766215.2725763596,
  "liquidity_sol": 18458.607775811,
  "liquidity_usd": 2747667.132864221,
  "total_sol": 8200687.493723521,
  "total_usd": 1220718256.060608,
  "self_staked_sol": 1214034.725192254,
  "self_staked_usd": 180715867.25722286,
  "standard_staked_sol": 4289821.037234259,
  "standard_staked_usd": 638563883.7466547,
  "total_virtual_staked_sol": 5454814.427855198,
  "total_virtual_staked_usd": 811979673.7288201,
  "marinade_native_stake_sol": 2678373.123521197,
  "marinade_native_stake_usd": 398690837.923866
}