{
  "staked_sol": 5340075.548012803,
  "staked_usd": 1228004331.5395257,
  "msol_directed_stake_sol": 1068015.1096025608,
  "msol_directed_stake_msol": 436698.4139839637,
  "liquidity_sol": 14046.573735083,
  "liquidity_usd": 3230151.5652508335,
  "total_sol": 8210262.635958034,
  "total_usd": 1888032854.4762783,
  "self_staked_sol": 1214034.725192254,
  "self_staked_usd": 279179552.3811026,
  "standard_staked_sol": 4126040.822820549,
  "standard_staked_usd": 948824779.1584231,
  "total_virtual_staked_sol": 5258193.737738252,
  "total_virtual_staked_usd": 1209174781.8847713,
  "marinade_native_stake_sol": 2856140.514210148,
  "marinade_native_stake_usd": 656798371.3715019
}