{
  "staked_sol": 6289475.819401768,
  "staked_usd": 1166153690.5630064,
  "msol_directed_stake_sol": 1257895.1638803536,
  "msol_directed_stake_msol": 933890.0345102819,
  "liquidity_sol": 21226.302537791,
  "liquidity_usd": 3935642.929907363,
  "total_sol": 10139889.851166377,
  "total_usd": 1880072411.6568372,
  "self_staked_sol": 1214034.725192254,
  "self_staked_usd": 225098420.9029447,
  "standard_staked_sol": 5075441.094209514,
  "standard_staked_usd": 941055269.6600617,
  "total_virtual_staked_sol": 6259612.619526251,
  "total_virtual_staked_usd": 1160616650.3156419,
  "marinade_native_stake_sol": 3829187.729226816,
  "marinade_native_stake_usd": 709983078.1639231
}