{
  "staked_sol": 5384526.519663644,
  "staked_usd": 733763059.2249966,
  "msol_directed_stake_sol": 1076905.303932729,
  "msol_directed_stake_msol": 795127.6253671563,
  "liquidity_sol": 18547.760710624,
  "liquidity_usd": 2527550.3038381953,
  "total_sol": 8051766.815000782,
  "total_usd": 1097234646.1226718,
  "self_staked_sol": 1214034.725192254,
  "self_staked_usd": 165439585.2094518,
  "standard_staked_sol": 4170491.79447139,
  "standard_staked_usd": 568323474.0155448,
  "total_virtual_staked_sol": 5280830.33939317,
  "total_virtual_staked_usd": 719632118.2430283,
  "marinade_native_stake_sol": 2648692.534626514,
  "marinade_native_stake_usd": 360944036.5938372
}