{
  "staked_sol": 5368508.086746408,
  "staked_usd": 821596384.7204803,
  "msol_directed_stake_sol": 1073701.6173492817,
  "msol_directed_stake_msol": 680516.7359799915,
  "liquidity_sol": 17631.692208706,
  "liquidity_usd": 2698353.870592091,
  "total_sol": 7957999.723048966,
  "total_usd": 1217892139.9420185,
  "self_staked_sol": 1214034.725192254,
  "self_staked_usd": 185795853.3406218,
  "standard_staked_sol": 4154473.361554154,
  "standard_staked_usd": 635800531.3798586,
  "total_virtual_staked_sol": 5241708.072843433,
  "total_virtual_staked_usd": 802190912.7864094,
  "marinade_native_stake_sol": 2571859.944093852,
  "marinade_native_stake_usd": 393597401.35094607
}