{
  "staked_sol": 6266332.421906278,
  "staked_usd": 1179036706.6915498,
  "msol_directed_stake_sol": 1253266.4843812555,
  "msol_directed_stake_msol": 901686.1039771135,
  "liquidity_sol": 20948.522045151,
  "liquidity_usd": 3941552.2157467143,
  "total_sol": 10114388.394477578,
  "total_usd": 1903064564.7101347,
  "self_staked_sol": 1214034.725192254,
  "self_staked_usd": 228425721.43091205,
  "standard_staked_sol": 5052297.696714024,
  "standard_staked_usd": 950610985.2606378,
  "total_virtual_staked_sol": 6236032.185799087,
  "total_virtual_staked_usd": 1173335590.2830255,
  "marinade_native_stake_sol": 3827107.450526149,
  "marinade_native_stake_usd": 720086305.8028382
}