{
  "staked_sol": 5224955.513248203,
  "staked_usd": 1231373102.3522315,
  "msol_directed_stake_sol": 1044991.1026496408,
  "msol_directed_stake_msol": 466833.5660252703,
  "liquidity_sol": 14124.254512283,
  "liquidity_usd": 3328684.2448903797,
  "total_sol": 7938412.570377964,
  "total_usd": 1870857596.7303,
  "self_staked_sol": 1214034.725192254,
  "self_staked_usd": 286113384.53176033,
  "standard_staked_sol": 4010920.788055949,
  "standard_staked_usd": 945259717.8204709,
  "total_virtual_staked_sol": 5290498.548021134,
  "total_virtual_staked_usd": 1246819727.6605778,
  "marinade_native_stake_sol": 2699332.802617478,
  "marinade_native_stake_usd": 636155810.1331784
}