{
  "staked_sol": 6741324.321730875,
  "staked_usd": 1178791663.3908448,
  "msol_directed_stake_sol": 1348264.8643461752,
  "msol_directed_stake_msol": 1280149.1669762242,
  "liquidity_sol": 20385.596351678,
  "liquidity_usd": 3564636.5440609604,
  "total_sol": 10436957.425130168,
  "total_usd": 1825012092.097321,
  "self_staked_sol": 1214034.725192254,
  "self_staked_usd": 212286777.0224979,
  "standard_staked_sol": 5527289.596538621,
  "standard_staked_usd": 966504886.3683468,
  "total_virtual_staked_sol": 6690380.680911353,
  "total_virtual_staked_usd": 1169883630.4532733,
  "marinade_native_stake_sol": 3675247.507047616,
  "marinade_native_stake_usd": 642655792.1624156
}