{
  "staked_sol": 6284180.225799091,
  "staked_usd": 1169447492.7781715,
  "msol_directed_stake_sol": 1256836.0451598184,
  "msol_directed_stake_msol": 933890.0345102819,
  "liquidity_sol": 25284.765711119,
  "liquidity_usd": 4705340.204114148,
  "total_sol": 10138666.956382496,
  "total_usd": 1886743891.2044768,
  "self_staked_sol": 1214034.725192254,
  "self_staked_usd": 225924434.77242628,
  "standard_staked_sol": 5070145.500606837,
  "standard_staked_usd": 943523058.0057452,
  "total_virtual_staked_sol": 6254317.213893617,
  "total_virtual_staked_usd": 1163890168.9674559,
  "marinade_native_stake_sol": 3829201.964872286,
  "marinade_native_stake_usd": 712591058.2221912
}