{
  "staked_sol": 5120679.888251277,
  "staked_usd": 753895647.9953307,
  "msol_directed_stake_sol": 1024135.9776502554,
  "msol_directed_stake_msol": 587893.0712808972,
  "liquidity_sol": 17542.533989304,
  "liquidity_usd": 2582711.7331997296,
  "total_sol": 7618251.324750426,
  "total_usd": 1121602334.9245877,
  "self_staked_sol": 1214034.725192254,
  "self_staked_usd": 178737104.41021323,
  "standard_staked_sol": 3906645.163059023,
  "standard_staked_usd": 575158543.5851175,
  "total_virtual_staked_sol": 5082461.39303681,
  "total_virtual_staked_usd": 748268903.5309434,
  "marinade_native_stake_sol": 2480028.902509845,
  "marinade_native_stake_usd": 365123975.1960572
}