{
  "rewards_mev": [
    [
      633,
      13434.936033259
    ],
    [
      632,
      15419.479012658
    ],
    [
      631,
      19167.406784027
    ],
    [
      630,
      18569.821360541
    ],
    [
      629,
      12258.223992519
    ],
    [
      628,
      23293.816760142
    ],
    [
      627,
      23343.109881926
    ],
    [
      626,
      28971.851875726
    ],
    [
      625,
      23399.483806396
    ],
    [
      624,
      18374.934322505
    ],
    [
      623,
      17690.220939178
    ],
    [
      622,
      21342.728516212
    ],
    [
      621,
      25633.596030223
    ],
    [
      620,
      16208.938623818
    ]
  ],
  "rewards_inflation_est": [
    [
      634,
      164603.18608843855
    ],
    [
      633,
      164706.32494656768
    ],
    [
      632,
      164809.0906114766
    ],
    [
      631,
      164912.24873606698
    ],
    [
      630,
      165016.3982186467
    ],
    [
      629,
      165120.17132142067
    ],
    [
      628,
      165222.8241186215
    ],
    [
      627,
      165327.43571674533
    ],
    [
      626,
      165431.56301747746
    ],
    [
      625,
      165535.86565149162
    ],
    [
      624,
      165640.05800233735
    ],
    [
      623,
      165742.90238060209
    ],
    [
      622,
      165845.72260262643
    ],
    [
      621,
      165949.22961629415
    ]
  ]
}