{
  "staked_sol": 5530207.038940244,
  "staked_usd": 815996299.9391725,
  "msol_directed_stake_sol": 1106041.407788049,
  "msol_directed_stake_msol": 768402.5174337127,
  "liquidity_sol": 18472.635869356,
  "liquidity_usd": 2725685.0265061134,
  "total_sol": 8201265.911341438,
  "total_usd": 1210117919.8806827,
  "self_staked_sol": 1214034.725192254,
  "self_staked_usd": 179133952.2696039,
  "standard_staked_sol": 4316172.31374799,
  "standard_staked_usd": 636862347.6695685,
  "total_virtual_staked_sol": 5486320.000225156,
  "total_virtual_staked_usd": 809520654.2798624,
  "marinade_native_stake_sol": 2652586.236531838,
  "marinade_native_stake_usd": 391395934.91500425
}