{
  "staked_sol": 5349986.840155626,
  "staked_usd": 910680325.6831,
  "msol_directed_stake_sol": 1069997.3680311253,
  "msol_directed_stake_msol": 484336.6818984443,
  "liquidity_sol": 14814.573962166,
  "liquidity_usd": 2521752.1918856264,
  "total_sol": 8095660.217485777,
  "total_usd": 1378051704.378623,
  "self_staked_sol": 1214034.725192254,
  "self_staked_usd": 206654253.91897112,
  "standard_staked_sol": 4135952.114963372,
  "standard_staked_usd": 704026071.7641289,
  "total_virtual_staked_sol": 5292979.27476366,
  "total_virtual_staked_usd": 900976438.595399,
  "marinade_native_stake_sol": 2730858.803367985,
  "marinade_native_stake_usd": 464849626.5036373
}