{
  "staked_sol": 6741324.321730875,
  "staked_usd": 1221139111.938298,
  "msol_directed_stake_sol": 1348264.8643461752,
  "msol_directed_stake_msol": 1280149.1669762246,
  "liquidity_sol": 20394.936054896,
  "liquidity_usd": 3694385.9861232066,
  "total_sol": 10436913.805034366,
  "total_usd": 1890566756.1746817,
  "self_staked_sol": 1214034.725192254,
  "self_staked_usd": 219913063.8774671,
  "standard_staked_sol": 5527289.596538621,
  "standard_staked_usd": 1001226048.0608308,
  "total_virtual_staked_sol": 6690379.056677117,
  "total_virtual_staked_usd": 1211910768.5511289,
  "marinade_native_stake_sol": 3675194.547248595,
  "marinade_native_stake_usd": 665733258.2502607
}