{
  "staked_sol": 5382458.18602791,
  "staked_usd": 1273319615.8129644,
  "msol_directed_stake_sol": 1076491.6372055819,
  "msol_directed_stake_msol": 432026.04740611906,
  "liquidity_sol": 14042.228822021,
  "liquidity_usd": 3321947.8518621973,
  "total_sol": 8366085.956073908,
  "total_usd": 1979151716.0503266,
  "self_staked_sol": 1214034.725192254,
  "self_staked_usd": 287202273.838042,
  "standard_staked_sol": 4168423.460835656,
  "standard_staked_usd": 986117341.9749225,
  "total_virtual_staked_sol": 5325766.039356603,
  "total_virtual_staked_usd": 1259908044.3851533,
  "marinade_native_stake_sol": 2969585.541223977,
  "marinade_native_stake_usd": 702510152.3855
}