{
  "staked_sol": 6278632.311289455,
  "staked_usd": 1178682177.997797,
  "msol_directed_stake_sol": 1255726.462257891,
  "msol_directed_stake_msol": 933890.0345102819,
  "liquidity_sol": 24339.115279203,
  "liquidity_usd": 4569160.923191364,
  "total_sol": 10132292.421110488,
  "total_usd": 1902126435.6492276,
  "self_staked_sol": 1214034.725192254,
  "self_staked_usd": 227909682.09455216,
  "standard_staked_sol": 5064597.586097201,
  "standard_staked_usd": 950772495.903245,
  "total_virtual_staked_sol": 6248769.299383981,
  "total_virtual_staked_usd": 1173076020.769729,
  "marinade_native_stake_sol": 3829320.99454183,
  "marinade_native_stake_usd": 718875096.7282392
}