{
  "rewards_mev": [
    [
      616,
      15869.76478048
    ],
    [
      615,
      20744.366298085
    ],
    [
      614,
      18828.971938915
    ],
    [
      613,
      14551.314259653
    ],
    [
      612,
      18026.725261728
    ],
    [
      611,
      18800.638030164
    ],
    [
      610,
      19572.252696687
    ],
    [
      609,
      14523.137212456
    ],
    [
      608,
      14471.997205343
    ],
    [
      607,
      14549.06539991
    ],
    [
      606,
      16395.95588117
    ],
    [
      605,
      12083.909544404
    ],
    [
      604,
      12192.481925364
    ],
    [
      603,
      11315.79274592
    ]
  ],
  "rewards_inflation_est": [
    [
      617,
      166362.254789262
    ],
    [
      616,
      166465.11144083645
    ],
    [
      615,
      166568.10934811973
    ],
    [
      614,
      166671.76307720327
    ],
    [
      613,
      166775.24535435665
    ],
    [
      612,
      166878.38341285376
    ],
    [
      611,
      166981.88824150577
    ],
    [
      610,
      167084.98923076663
    ],
    [
      609,
      167188.08888452756
    ],
    [
      608,
      167290.53658517924
    ],
    [
      607,
      167393.2836081496
    ],
    [
      606,
      167495.9154928518
    ],
    [
      605,
      167600.09398734823
    ],
    [
      604,
      167703.13042948293
    ]
  ]
}