{
  "staked_sol": 6085396.694642149,
  "staked_usd": 1134978015.9070504,
  "msol_directed_stake_sol": 1217079.3389284299,
  "msol_directed_stake_msol": 977800.6231471752,
  "liquidity_sol": 19123.062878552,
  "liquidity_usd": 3566613.164771016,
  "total_sol": 9156618.356833499,
  "total_usd": 1707786863.625017,
  "self_staked_sol": 1214034.725192254,
  "self_staked_usd": 226427756.93721524,
  "standard_staked_sol": 4871361.969449895,
  "standard_staked_usd": 908550258.9698353,
  "total_virtual_staked_sol": 6045422.090636729,
  "total_virtual_staked_usd": 1127522413.747098,
  "marinade_native_stake_sol": 3052098.599312797,
  "marinade_native_stake_usd": 569242234.5531954
}