{
  "staked_sol": 5402149.109051984,
  "staked_usd": 974895755.2022688,
  "msol_directed_stake_sol": 1080429.8218103969,
  "msol_directed_stake_msol": 705085.857689038,
  "liquidity_sol": 18272.023221708,
  "liquidity_usd": 3297450.2403037986,
  "total_sol": 7922593.769943874,
  "total_usd": 1429746362.1594937,
  "self_staked_sol": 1214034.725192254,
  "self_staked_usd": 219090083.66223758,
  "standard_staked_sol": 4188114.38385973,
  "standard_staked_usd": 755805671.5400313,
  "total_virtual_staked_sol": 5351419.397811838,
  "total_virtual_staked_usd": 965740846.8218644,
  "marinade_native_stake_sol": 2502172.637670182,
  "marinade_native_stake_usd": 451553156.716921
}