{
  "staked_sol": 5435437.528773029,
  "staked_usd": 801411838.1678258,
  "msol_directed_stake_sol": 1087087.5057546059,
  "msol_directed_stake_msol": 862006.9398644379,
  "liquidity_sol": 18776.191537198,
  "liquidity_usd": 2768399.433157273,
  "total_sol": 8221930.650714768,
  "total_usd": 1212257986.8129063,
  "self_staked_sol": 1214034.725192254,
  "self_staked_usd": 178999720.91768718,
  "standard_staked_sol": 4221402.803580775,
  "standard_staked_usd": 622412117.2501386,
  "total_virtual_staked_sol": 5358214.032717547,
  "total_virtual_staked_usd": 790025850.6376666,
  "marinade_native_stake_sol": 2767716.930404541,
  "marinade_native_stake_usd": 408077749.2119232
}