{
  "staked_sol": 6188814.437659743,
  "staked_usd": 934751947.8893422,
  "msol_directed_stake_sol": 1237762.8875319487,
  "msol_directed_stake_msol": 940602.3680164103,
  "liquidity_sol": 20791.146759961,
  "liquidity_usd": 3140272.68526018,
  "total_sol": 10346174.13820061,
  "total_usd": 1562675133.7114606,
  "self_staked_sol": 1214034.725192254,
  "self_staked_usd": 183366513.1843711,
  "standard_staked_sol": 4974779.712467489,
  "standard_staked_usd": 751385434.704971,
  "total_virtual_staked_sol": 6109231.240387652,
  "total_virtual_staked_usd": 922731786.4482958,
  "marinade_native_stake_sol": 4136568.553780906,
  "marinade_native_stake_usd": 624782913.1368581
}