{
  "rewards_mev": [
    [
      627,
      23343.109881926
    ],
    [
      626,
      28971.851875726
    ],
    [
      625,
      23399.483806396
    ],
    [
      624,
      18374.934322505
    ],
    [
      623,
      17690.220939178
    ],
    [
      622,
      21342.728516212
    ],
    [
      621,
      25633.596030223
    ],
    [
      620,
      16208.938623818
    ],
    [
      619,
      15746.139873275
    ],
    [
      618,
      16536.297265371
    ],
    [
      617,
      15868.451141337
    ],
    [
      616,
      15869.76478048
    ],
    [
      615,
      20744.366298085
    ],
    [
      614,
      18828.971938915
    ]
  ],
  "rewards_inflation_est": [
    [
      628,
      165222.8241186215
    ],
    [
      627,
      165327.43571674533
    ],
    [
      626,
      165431.56301747746
    ],
    [
      625,
      165535.86565149162
    ],
    [
      624,
      165640.05800233735
    ],
    [
      623,
      165742.90238060209
    ],
    [
      622,
      165845.72260262643
    ],
    [
      621,
      165949.22961629415
    ],
    [
      620,
      166053.36545935512
    ],
    [
      619,
      166156.19360511177
    ],
    [
      618,
      166259.28349238072
    ],
    [
      617,
      166362.254789262
    ],
    [
      616,
      166465.11144083645
    ],
    [
      615,
      166568.10934811973
    ]
  ]
}