{
  "staked_sol": 5387157.218298598,
  "staked_usd": 798596444.6961083,
  "msol_directed_stake_sol": 1077431.4436597198,
  "msol_directed_stake_msol": 802993.71230616,
  "liquidity_sol": 18562.28458269,
  "liquidity_usd": 2751687.740395174,
  "total_sol": 8113599.048814925,
  "total_usd": 1202766336.9586446,
  "self_staked_sol": 1214034.725192254,
  "self_staked_usd": 179969467.38123068,
  "standard_staked_sol": 4173122.493106344,
  "standard_staked_usd": 618626977.3148776,
  "total_virtual_staked_sol": 5334553.258228975,
  "total_virtual_staked_usd": 790798392.070905,
  "marinade_native_stake_sol": 2707879.545933637,
  "marinade_native_stake_usd": 401418204.5221409
}