{
  "staked_sol": 5020114.18965626,
  "staked_usd": 724761886.2672617,
  "msol_directed_stake_sol": 1004022.8379312521,
  "msol_directed_stake_msol": 522759.11518249015,
  "liquidity_sol": 16300.342787582,
  "liquidity_usd": 2353306.466588524,
  "total_sol": 7544924.785836591,
  "total_usd": 1089272815.9042077,
  "self_staked_sol": 1214034.725192254,
  "self_staked_usd": 175272128.1195683,
  "standard_staked_sol": 3806079.464464006,
  "standard_staked_usd": 549489758.1476934,
  "total_virtual_staked_sol": 4982483.551666184,
  "total_virtual_staked_usd": 719329091.0875578,
  "marinade_native_stake_sol": 2508510.253392749,
  "marinade_native_stake_usd": 362157623.1703573
}