{
  "rewards_mev": [
    [
      604,
      12192.481925364
    ],
    [
      603,
      11315.79274592
    ],
    [
      602,
      14604.172742834
    ],
    [
      601,
      18343.098709165
    ],
    [
      600,
      19630.470685094
    ],
    [
      599,
      21270.19739627
    ],
    [
      598,
      19048.910428837
    ],
    [
      597,
      19935.014774566
    ],
    [
      596,
      17749.733203603
    ],
    [
      595,
      14641.215565999
    ],
    [
      594,
      11755.885548015
    ],
    [
      593,
      11850.304184604
    ],
    [
      592,
      10467.377168367
    ],
    [
      591,
      13369.486318175
    ]
  ],
  "rewards_inflation_est": [
    [
      605,
      167600.09398734823
    ],
    [
      604,
      167703.13042948293
    ],
    [
      603,
      167805.88633008383
    ],
    [
      602,
      167908.7666618694
    ],
    [
      601,
      168012.3251331933
    ],
    [
      600,
      168115.8923917844
    ],
    [
      599,
      168220.82184032633
    ],
    [
      598,
      168326.441800426
    ],
    [
      597,
      168431.85727275268
    ],
    [
      596,
      168537.30520762995
    ],
    [
      595,
      168642.48351851854
    ],
    [
      594,
      168748.26681246902
    ],
    [
      593,
      168853.18096033554
    ],
    [
      592,
      168958.30063628728
    ]
  ]
}