{
  "staked_sol": 6108751.671555118,
  "staked_usd": 969036262.3390648,
  "msol_directed_stake_sol": 1221750.3343110236,
  "msol_directed_stake_msol": 946790.513661945,
  "liquidity_sol": 20782.794593771,
  "liquidity_usd": 3296791.6649624542,
  "total_sol": 10259238.093619976,
  "total_usd": 1627431310.2266288,
  "self_staked_sol": 1214034.725192254,
  "self_staked_usd": 192583319.09744266,
  "standard_staked_sol": 4894716.946362864,
  "standard_staked_usd": 776452943.2416222,
  "total_virtual_staked_sol": 6073982.745601005,
  "total_virtual_staked_usd": 963520839.243868,
  "marinade_native_stake_sol": 4129703.627471087,
  "marinade_native_stake_usd": 655098256.2226015
}