{
  "staked_sol": 5559569.887997692,
  "staked_usd": 743334614.7758646,
  "msol_directed_stake_sol": 1111913.9775995386,
  "msol_directed_stake_msol": 792070.2513952876,
  "liquidity_sol": 18540.573533243,
  "liquidity_usd": 2478941.781955075,
  "total_sol": 8239760.635852528,
  "total_usd": 1101685817.6959956,
  "self_staked_sol": 1214034.725192254,
  "self_staked_usd": 162320836.495559,
  "standard_staked_sol": 4345535.162805438,
  "standard_staked_usd": 581013778.2803055,
  "total_virtual_staked_sol": 5498254.383369654,
  "total_virtual_staked_usd": 735136509.8989269,
  "marinade_native_stake_sol": 2661650.174321593,
  "marinade_native_stake_usd": 355872261.1381759
}