{
  "staked_sol": 6741324.321730875,
  "staked_usd": 1186363988.3348389,
  "msol_directed_stake_sol": 1348264.8643461752,
  "msol_directed_stake_msol": 1280149.1669762246,
  "liquidity_sol": 20449.227323848,
  "liquidity_usd": 3598733.086922173,
  "total_sol": 10437020.889782084,
  "total_usd": 1836746778.2586555,
  "self_staked_sol": 1214034.725192254,
  "self_staked_usd": 213650465.3712121,
  "standard_staked_sol": 5527289.596538621,
  "standard_staked_usd": 972713522.9636266,
  "total_virtual_staked_sol": 6690380.680911353,
  "total_virtual_staked_usd": 1177398731.9521837,
  "marinade_native_stake_sol": 3675247.340727362,
  "marinade_native_stake_usd": 646784056.8368948
}