{
  "staked_sol": 5074570.641565107,
  "staked_usd": 806912700.5648634,
  "msol_directed_stake_sol": 1014914.1283130214,
  "msol_directed_stake_msol": 535842.2618915468,
  "liquidity_sol": 16479.94184277,
  "liquidity_usd": 2620492.5139046013,
  "total_sol": 7598909.10081874,
  "total_usd": 1208310357.0704126,
  "self_staked_sol": 1214034.725192254,
  "self_staked_usd": 193044911.16164017,
  "standard_staked_sol": 3860535.916372853,
  "standard_staked_usd": 613867789.4032233,
  "total_virtual_staked_sol": 5039466.132845635,
  "total_virtual_staked_usd": 801330696.5031177,
  "marinade_native_stake_sol": 2507858.517410863,
  "marinade_native_stake_usd": 398777163.9916447
}