{
  "staked_sol": 5029574.772410812,
  "staked_usd": 666514802.3940076,
  "msol_directed_stake_sol": 1005914.9544821624,
  "msol_directed_stake_msol": 532918.0138716435,
  "liquidity_sol": 16395.979571468,
  "liquidity_usd": 2172780.7177812397,
  "total_sol": 7544470.620369213,
  "total_usd": 999786576.8466315,
  "self_staked_sol": 1214034.725192254,
  "self_staked_usd": 160882808.50293836,
  "standard_staked_sol": 3815540.047218558,
  "standard_staked_usd": 505631993.8910692,
  "total_virtual_staked_sol": 4995262.015126499,
  "total_virtual_staked_usd": 661967706.1332266,
  "marinade_native_stake_sol": 2498499.868386933,
  "marinade_native_stake_usd": 331098993.7348427
}