{
  "staked_sol": 5389912.724490798,
  "staked_usd": 804682256.3284922,
  "msol_directed_stake_sol": 1077982.5448981596,
  "msol_directed_stake_msol": 520574.1939014273,
  "liquidity_sol": 16274.417610562,
  "liquidity_usd": 2429674.793024849,
  "total_sol": 7909388.852529871,
  "total_usd": 1180825218.0251098,
  "self_staked_sol": 1214034.725192254,
  "self_staked_usd": 181248241.2729857,
  "standard_staked_sol": 4175877.999298544,
  "standard_staked_usd": 623434015.0555065,
  "total_virtual_staked_sol": 5307584.655797318,
  "total_virtual_staked_usd": 792391160.0785625,
  "marinade_native_stake_sol": 2503201.710428511,
  "marinade_native_stake_usd": 373713286.90359277
}