{
  "staked_sol": 6290392.566081961,
  "staked_usd": 1169312798.9717472,
  "msol_directed_stake_sol": 1258078.5132163921,
  "msol_directed_stake_msol": 933890.034510282,
  "liquidity_sol": 23699.663708694,
  "liquidity_usd": 4405499.309427525,
  "total_sol": 10143804.74604342,
  "total_usd": 1885618519.8639917,
  "self_staked_sol": 1214034.725192254,
  "self_staked_usd": 225675317.9790264,
  "standard_staked_sol": 5076357.840889707,
  "standard_staked_usd": 943637480.9927208,
  "total_virtual_staked_sol": 6245534.082272221,
  "total_virtual_staked_usd": 1160974114.4285872,
  "marinade_native_stake_sol": 3829712.516252765,
  "marinade_native_stake_usd": 711900221.5828171
}