{
  "staked_sol": 5521643.341364765,
  "staked_usd": 743381203.7713324,
  "msol_directed_stake_sol": 1104328.668272953,
  "msol_directed_stake_msol": 793430.9634014836,
  "liquidity_sol": 18543.135232824,
  "liquidity_usd": 2496470.2243271326,
  "total_sol": 8208943.955614861,
  "total_usd": 1105173634.3963275,
  "self_staked_sol": 1214034.725192254,
  "self_staked_usd": 163446014.10103956,
  "standard_staked_sol": 4307608.616172511,
  "standard_staked_usd": 579935189.670293,
  "total_virtual_staked_sol": 5487332.97048564,
  "total_virtual_staked_usd": 738761983.8708199,
  "marinade_native_stake_sol": 2668757.479017272,
  "marinade_native_stake_usd": 359295960.4006679
}