{
  "staked_sol": 6735348.612290643,
  "staked_usd": 1149948057.9404705,
  "msol_directed_stake_sol": 1347069.7224581288,
  "msol_directed_stake_msol": 1280149.1669762244,
  "liquidity_sol": 20576.107656124,
  "liquidity_usd": 3513026.036389043,
  "total_sol": 10429769.453319434,
  "total_usd": 1780708589.5636451,
  "self_staked_sol": 1214034.725192254,
  "self_staked_usd": 207276112.17622328,
  "standard_staked_sol": 5521313.887098389,
  "standard_staked_usd": 942671945.7642472,
  "total_virtual_staked_sol": 6684719.382499401,
  "total_virtual_staked_usd": 1141303964.2454212,
  "marinade_native_stake_sol": 3673844.733372667,
  "marinade_native_stake_usd": 627247505.5867856
}