{
  "staked_sol": 6127300.473162972,
  "staked_usd": 905115436.1752971,
  "msol_directed_stake_sol": 1225460.0946325946,
  "msol_directed_stake_msol": 954866.6303979347,
  "liquidity_sol": 20715.522557695,
  "liquidity_usd": 3060065.2469273168,
  "total_sol": 10273281.619343556,
  "total_usd": 1517553417.6217453,
  "self_staked_sol": 1214034.725192254,
  "self_staked_usd": 179335349.17002547,
  "standard_staked_sol": 4913265.747970718,
  "standard_staked_usd": 725780087.0052716,
  "total_virtual_staked_sol": 6074121.85551726,
  "total_virtual_staked_usd": 897259972.2697133,
  "marinade_native_stake_sol": 4125265.623622888,
  "marinade_native_stake_usd": 609377916.1995207
}