{
  "staked_sol": 6109569.37299759,
  "staked_usd": 878924337.4624941,
  "msol_directed_stake_sol": 1221913.874599518,
  "msol_directed_stake_msol": 956381.4732762144,
  "liquidity_sol": 20741.9435613,
  "liquidity_usd": 2983941.7296534292,
  "total_sol": 10045496.609659337,
  "total_usd": 1445147916.8317556,
  "self_staked_sol": 1214034.725192254,
  "self_staked_usd": 174651370.88254875,
  "standard_staked_sol": 4895534.647805336,
  "standard_staked_usd": 704272966.5799453,
  "total_virtual_staked_sol": 6065014.12720709,
  "total_virtual_staked_usd": 872514607.4969138,
  "marinade_native_stake_sol": 3915185.293100447,
  "marinade_native_stake_usd": 563239637.6396081
}