{
  "staked_sol": 6331925.277752615,
  "staked_usd": 1247786568.3272724,
  "msol_directed_stake_sol": 1266385.055550523,
  "msol_directed_stake_msol": 923692.8340144086,
  "liquidity_sol": 20970.972662796,
  "liquidity_usd": 4132597.411617404,
  "total_sol": 10232450.293738425,
  "total_usd": 2016434729.9649384,
  "self_staked_sol": 1214034.725192254,
  "self_staked_usd": 239241013.9298821,
  "standard_staked_sol": 5117890.552560361,
  "standard_staked_usd": 1008545554.3973905,
  "total_virtual_staked_sol": 6301427.703523438,
  "total_virtual_staked_usd": 1241776632.6725616,
  "marinade_native_stake_sol": 3879554.043323014,
  "marinade_native_stake_usd": 764515564.2260484
}