{
  "staked_sol": 5586493.059768831,
  "staked_usd": 944309238.3327966,
  "msol_directed_stake_sol": 1117298.6119537663,
  "msol_directed_stake_msol": 911752.8127209387,
  "liquidity_sol": 18910.433731476,
  "liquidity_usd": 3196512.9254545,
  "total_sol": 8456165.384875862,
  "total_usd": 1429382442.3257608,
  "self_staked_sol": 1214034.725192254,
  "self_staked_usd": 205213573.9524757,
  "standard_staked_sol": 4372458.334576577,
  "standard_staked_usd": 739095664.3803208,
  "total_virtual_staked_sol": 5523246.871775843,
  "total_virtual_staked_usd": 933618459.8833945,
  "marinade_native_stake_sol": 2850761.891375554,
  "marinade_native_stake_usd": 481876691.06750965
}