{
  "staked_sol": 6193767.776668928,
  "staked_usd": 896305985.5328647,
  "msol_directed_stake_sol": 1238753.5553337855,
  "msol_directed_stake_msol": 979991.1530353935,
  "liquidity_sol": 20473.319898928,
  "liquidity_usd": 2962713.461467114,
  "total_sol": 10231908.128601436,
  "total_usd": 1480669090.248013,
  "self_staked_sol": 1214034.725192254,
  "self_staked_usd": 175684111.84763214,
  "standard_staked_sol": 4979733.051476674,
  "standard_staked_usd": 720621873.6852326,
  "total_virtual_staked_sol": 6153350.483590662,
  "total_virtual_staked_usd": 890457160.8737379,
  "marinade_native_stake_sol": 4017667.032033579,
  "marinade_native_stake_usd": 581400391.253681
}