{
  "staked_sol": 6741324.321730875,
  "staked_usd": 1222114023.5882382,
  "msol_directed_stake_sol": 1348264.8643461752,
  "msol_directed_stake_msol": 1280149.1669762235,
  "liquidity_sol": 20395.880820975,
  "liquidity_usd": 3697506.7190281707,
  "total_sol": 10436860.489541968,
  "total_usd": 1892066448.336714,
  "self_staked_sol": 1214034.725192254,
  "self_staked_usd": 220088634.2165482,
  "standard_staked_sol": 5527289.596538621,
  "standard_staked_usd": 1002025389.37169,
  "total_virtual_staked_sol": 6690369.056677118,
  "total_virtual_staked_usd": 1212876499.7686064,
  "marinade_native_stake_sol": 3675140.286990118,
  "marinade_native_stake_usd": 666254918.0294477
}