{
  "rewards_mev": [
    [
      707,
      38964.814802529
    ],
    [
      706,
      46772.845571711
    ],
    [
      705,
      44294.049077162
    ],
    [
      704,
      51147.094107423
    ],
    [
      703,
      64331.102356244
    ],
    [
      702,
      61117.999272417
    ],
    [
      701,
      73820.625651296
    ],
    [
      700,
      116070.354050243
    ],
    [
      699,
      111012.321412413
    ],
    [
      698,
      89822.343909259
    ],
    [
      696,
      64464.664939194
    ],
    [
      695,
      37793.551643746
    ],
    [
      694,
      47429.818252541
    ],
    [
      693,
      40910.087715062
    ]
  ],
  "rewards_inflation_est": [
    [
      708,
      156976.5649252196
    ],
    [
      707,
      157078.59983257108
    ],
    [
      706,
      157181.89641086682
    ],
    [
      705,
      157283.71537922838
    ],
    [
      704,
      157283.71537922838
    ],
    [
      703,
      157283.71537922838
    ],
    [
      702,
      157600.5245862347
    ],
    [
      701,
      157707.06867299526
    ],
    [
      700,
      157816.0040291104
    ],
    [
      699,
      157929.99970926202
    ],
    [
      698,
      158042.4215744666
    ],
    [
      697,
      158152.36932350442
    ],
    [
      696,
      158262.1477457443
    ],
    [
      695,
      158368.3873309743
    ]
  ]
}