{
  "staked_sol": 5414373.988400092,
  "staked_usd": 1255353375.0913007,
  "msol_directed_stake_sol": 1082874.7976800185,
  "msol_directed_stake_msol": 432026.04740611895,
  "liquidity_sol": 14020.676669827,
  "liquidity_usd": 3250773.555029604,
  "total_sol": 8406640.335503966,
  "total_usd": 1949127330.5027072,
  "self_staked_sol": 1214034.725192254,
  "self_staked_usd": 281480849.49678165,
  "standard_staked_sol": 4200339.263207838,
  "standard_staked_usd": 973872525.594519,
  "total_virtual_staked_sol": 5381186.207927903,
  "total_virtual_staked_usd": 1247658599.6072264,
  "marinade_native_stake_sol": 2978245.670434046,
  "marinade_native_stake_usd": 690523181.8563769
}