{
  "staked_sol": 5314755.193114801,
  "staked_usd": 776139312.2306496,
  "msol_directed_stake_sol": 1062951.0386229602,
  "msol_directed_stake_msol": 498771.20892149105,
  "liquidity_sol": 14812.686639199,
  "liquidity_usd": 2163168.0110741295,
  "total_sol": 7984103.729803629,
  "total_usd": 1165957142.4203696,
  "self_staked_sol": 1214034.725192254,
  "self_staked_usd": 177291341.25604275,
  "standard_staked_sol": 4100720.467922547,
  "standard_staked_usd": 598847970.9746068,
  "total_virtual_staked_sol": 5272608.620825894,
  "total_virtual_staked_usd": 769984445.1783403,
  "marinade_native_stake_sol": 2654535.850049629,
  "marinade_native_stake_usd": 387654662.1786458
}