{
  "staked_sol": 5515459.264927459,
  "staked_usd": 770347263.7824072,
  "msol_directed_stake_sol": 1103091.8529854917,
  "msol_directed_stake_msol": 762600.149044389,
  "liquidity_sol": 18491.479406355,
  "liquidity_usd": 2582715.215495596,
  "total_sol": 8192349.029863686,
  "total_usd": 1144229946.4048262,
  "self_staked_sol": 1214034.725192254,
  "self_staked_usd": 169564905.43511972,
  "standard_staked_sol": 4301424.539735205,
  "standard_staked_usd": 600782358.3472874,
  "total_virtual_staked_sol": 5462004.513143412,
  "total_virtual_staked_usd": 762881208.863851,
  "marinade_native_stake_sol": 2658398.285529872,
  "marinade_native_stake_usd": 371299967.4069234
}