{
  "staked_sol": 5490305.347280121,
  "staked_usd": 785008039.3667306,
  "msol_directed_stake_sol": 1098061.0694560243,
  "msol_directed_stake_msol": 756589.9923667322,
  "liquidity_sol": 18360.486912482,
  "liquidity_usd": 2625196.400073855,
  "total_sol": 8036367.883428615,
  "total_usd": 1149045999.586403,
  "self_staked_sol": 1214034.725192254,
  "self_staked_usd": 173583609.48329136,
  "standard_staked_sol": 4276270.622087867,
  "standard_staked_usd": 611424429.8834392,
  "total_virtual_staked_sol": 5444209.588017172,
  "total_virtual_staked_usd": 778417232.6058544,
  "marinade_native_stake_sol": 2527702.049236012,
  "marinade_native_stake_usd": 361412763.8195985
}