{
  "staked_sol": 5004918.135122914,
  "staked_usd": 681408204.8954401,
  "msol_directed_stake_sol": 1000983.6270245828,
  "msol_directed_stake_msol": 526804.8616708912,
  "liquidity_sol": 16386.772124852,
  "liquidity_usd": 2231021.702286408,
  "total_sol": 7534876.844306004,
  "total_usd": 1025856320.9167619,
  "self_staked_sol": 1214034.725192254,
  "self_staked_usd": 165288062.74943528,
  "standard_staked_sol": 3790883.40993066,
  "standard_staked_usd": 516120142.14600486,
  "total_virtual_staked_sol": 4939276.519680317,
  "total_virtual_staked_usd": 672471248.4582739,
  "marinade_native_stake_sol": 2513571.937058238,
  "marinade_native_stake_usd": 342217094.31903523
}