{
  "staked_sol": 6314360.619981873,
  "staked_usd": 1141080834.357041,
  "msol_directed_stake_sol": 1262872.1239963747,
  "msol_directed_stake_msol": 936710.1100629367,
  "liquidity_sol": 19717.352692314,
  "liquidity_usd": 3563162.5457467614,
  "total_sol": 10364647.558727106,
  "total_usd": 1873016350.4920228,
  "self_staked_sol": 1214034.725192254,
  "self_staked_usd": 219390662.10076153,
  "standard_staked_sol": 5100325.894789619,
  "standard_staked_usd": 921690172.2562796,
  "total_virtual_staked_sol": 6273336.978454645,
  "total_virtual_staked_usd": 1133667369.4126856,
  "marinade_native_stake_sol": 4030569.586052919,
  "marinade_native_stake_usd": 728372353.5892351
}