vote_account,max_commission,marinade_stake,version,score_credits,score_block_production,score_inflation_commission,score_mev_commission,score_country_concentration,score_city_concentration,score_aso_concentration,score_node_concentration,score,ui_hints,blacklisted,eligible_stake_algo,eligible_bonus,in_algo_stake_set,msol_votes,vemnde_votes,rank,target_stake_vemnde,target_stake_msol,target_stake_algo,target_stake
"GuxBSrv5jnSwwPepkqnmkM7YCBSakKanbnw4BKMdda4j","0","0","2.0.19","1","1","1","1","0.9975008721120749","0.9975008721120749","0.9998329782231873","1","0.9995753636597783","","0","1","1","0","391.804982873","2929.15329456","1","0","0","0","0"
"3pBPy27F1Wz3iVydZnGkdvefStrFm8UMCDakYZii8AUZ","0","715.858199847","2.0.19","1","1","1","1","0.9975008721120749","0.9975008721120749","0.9988576506412343","1","0.9994495149395263","","0","1","1","1","0","0","2","0","0","23500","23500"
"FahWJg2PkphJaMUUCzdYhXkD5NngUuuFRFD3YCE3BSwb","0","0","2.0.19","1","1","1","1","0.9994739327754141","0.9994739327754141","0.9995661125965944","0.9823213746898853","0.9987186085046199","","0","1","1","0","0.086625531","0","3","0","0","0","0"
"4jx1b7HCN9nCxygP3hruC85BxcYndhxby4hkNexuHvxT","0","37300.157301875","2.0.19","1","1","1","1","0.9964378211968397","0.9964378211968397","0.9964378211968397","0.9934984926035505","0.9985463669670535","","0","1","1","1","0","0","4","0","0","51224","51224"
"EBGfQMkRqBZ6mj2AJ1UxwKD7MbiuMGJamzKZe2UZrG6B","0","0","2.0.19","1","1","1","1","0.9899404716429412","0.9990617824186641","0.9990617824186641","0.9808824200331715","0.9979057503317057","","0","1","1","1","1e-9","2.105238173","5","0","0","48882","48882"
"Dcoj98wWiKhA4iqxcSg7NtuR2miA7tZqtycMdkPo8XDw","0","0","2.0.19","1","1","1","1","0.994033267172025","0.9942972902590204","0.9987794361666361","0.9832235233851454","0.997823328921224","","0","1","1","0","3.0000000000000004e-9","90.877417603","6","0","0","0","0"
"Atw2Wond9H3DHfgg5NGqi4dxMwF3Nrgdhm39x2oK8MCW","0","0","2.0.19","1","1","1","1","0.9899404716429412","0.9990617824186641","0.9990617824186641","0.9767745094268538","0.9976407238409755","","0","1","1","1","0","0","7","0","0","47978","47978"
"3Xn3K5zeTzs4sURj1PCRaF6rvFg2hPgT49B4SiM998f7","0","0","2.0.19","1","1","1","1","0.9974969473500533","0.9974969473500533","0.9974969473500533","0.9724868098804151","0.9974982627713326","","0","1","1","1","0","1653.75412925","8","2809","0","47508","50317"
"GFK84uv9cr1d6KnkPERSEYagTvpLKTuwa8W9adx1qMg6","0","5752.769146028","2.0.19","1","1","1","0.95","0.994033267172025","0.9942972902590204","0.9989821015845755","1","0.9970328003696585","","0","1","1","1","0","0","9","0","0","46043","46043"
"5AC692spnjbegP7ttCXJEzUe8S81sLYsqJd8Ae6Zv1xU","0","73.155345316","2.0.19","1","1","1","1","0.9975008721120749","0.9975008721120749","0.9988576506412343","0.9610200413270498","0.9969346788961101","","0","1","1","1","0","15232.613199621","10","0","0","23","23"
"BK5Km4MyuncoBWKCM9y3zntA1JjhdqNcHd3mxitms4Xo","0","28366.717275179","2.0.19","1","1","1","1","0.9944187197385863","0.9957171727235764","0.9991564603829403","0.9659752660095492","0.9969214622967342","","0","1","1","1","0","0","11","0","0","45708","45708"
"D3DfFvmLBKkX9JJNEpJRXpM1pYTVPQ5dpPQRc9F49xk4","0","0","2.0.19","1","1","1","0.92","0.9992964597949789","0.9992964597949789","0.9994459749664147","1","0.9967765870593727","","0","1","1","1","0","0","12","0","0","45281","45281"
"ATRFbtnsDd9ka3eZooTPixm3AjicHxod1BAhNYBMsj8K","0","0","2.0.19","1","1","1","0.95","0.978782770911304","0.9998649601456693","0.999773748620403","1","0.9966898521529429","","0","1","1","1","0","0","13","0","0","45030","45030"
"7XTz9RDt9gbckonUUYvzQ8q3Pfdo36oiQsreXsHhNFzj","0","101181.168970142","2.0.19","1","1","1","1","0.978782770911304","0.9842453647794797","0.9967559257545269","0.997829567476842","0.9965478862623495","","0","1","1","1","0","1.208240393","14","0","0","14777","14777"
"Fm3YevqrrvwKWEAJVmypyja8JZnanYudvx2ZXV4RogX9","0","1452.240573134","2.0.19","1","1","1","0.98","0.978782770911304","0.9842453647794797","0.9967559257545269","1","0.9959283012638437","","0","1","1","1","0","0","15","0","0","42969","42969"
"9Gko8QZBbV5SrEvHKtQHcMrGGSfgFP3KJUozEGifu25x","0","0","2.0.19","1","1","1","0.92","0.9964378211968397","0.9964378211968397","0.9964378211968397","0.9998848950928336","0.9959199413212008","","0","1","1","0","0","1253.73126047","16","0","0","0","0"
"HQbdXrLm3EuFyu66mCpDS4ir9zRkhNHJVnck4vxG7jEo","0","0","2.0.19","1","1","1","0.93","0.978782770911304","0.999793223325854","0.9995588924877536","1","0.9958955736048769","","0","1","1","1","0","0","17","0","0","42886","42886"
"6JfBwvcz5QUKQJ37BMKTLrf968DDJBtwoZLw19aHwFtQ","0","69649.006939371","2.0.19","1","1","1","1","0.9974969473500533","0.9974969473500533","0.9974969473500533","0.9475281552347034","0.9958880269877383","","0","1","1","0","1e-9","354.75466051","18","0","0","0","0"
"BUyTfHHrp3HQ4TQXaXrRrNuhLsbz23auKYNrxkQRfViP","0","0","2.0.19","1","1","1","0.9","0.9982434557106112","0.9982434557106112","0.999495216428304","1","0.9958534885247186","","0","1","1","1","0","0","19","0","0","42780","42780"
"2g2QU1NDRax6i2mKzRwgRfdBFoDkMC6bj7Zp5Q3i8sCq","0","0","2.0.19","1","1","1","0.95","0.994033267172025","0.9942972902590204","0.9987794361666361","0.9815438041253379","0.9958159276786558","","0","1","1","0","1e-9","1269.13019132","20","0","0","0","0"
"Cc7UtVq4G25VbC3w6Ccs2XL2xikjc926q1sHp8zfddoL","0","0","2.0.19","1","1","1","0.9","0.994033267172025","0.9998992729684333","0.9997389808002319","1","0.9957735573048477","","0","1","1","1","0","0","21","0","0","42580","42580"
"9KCBBdzx4cGZg14YaqBuZd1tGUvo9ohYnW7KEqQes1E1","0","0","2.0.19","1","1","1","0.9","0.994033267172025","0.9998397401294451","0.9997389808002319","1","0.995767796062365","","0","1","1","1","0","0","22","0","0","12184","12184"
"DnHUCbu4unnxGukqp5hJWZL6a1P5Msb491f6iybbRCF5","0","0","2.0.19","1","1","1","0.9","0.994033267172025","0.9998397401294451","0.9997389808002319","1","0.995767796062365","","0","1","1","1","1.1e-8","1.591863269","23","0","0","5489","5489"
"HBH2mppWdny8NBgxm61DjDqBzNLymn8fZFkFX6JnSAX6","0","0","2.0.19","1","1","1","0.9","0.9923455878780997","0.9999231639799819","0.9999231639799819","1","0.9956907523747123","","0","1","1","1","0","0","24","0","0","42376","42376"
"g4MMQmzT7182jBvyUebMvsgvNM3RVrVFFJd9tRjWXhf","0","0","2.0.19","1","1","1","0.9","0.9982434557106112","0.9982434557106112","0.999495216428304","0.9957529766810451","0.9955794870202698","","0","1","1","1","0","31373.681388286","25","53300","0","42106","95406"
"B1UaJwhZ9rmB6rUwCikMCkYEPVgpGYgmmrKqfAHCZanw","0","0","2.0.19","1","1","1","0.9","0.9975008721120749","0.9975008721120749","0.9986844888381541","0.9987960988513042","0.9955514359230839","","0","1","1","1","0","0","26","0","0","42038","42038"
"AjdEzodq5LpRA63AtQaiHyTLDfjTkr6csrtYWiSDPjaK","0","124251.465041708","2.0.19","1","1","1","1","0.9939855840925584","0.9939855840925584","0.9910843401205105","0.961284616310267","0.9953817585021086","","0","1","1","1","0","0","27","0","0","41638","41638"
"GxMWXbj3xLVf9bK4rspJ3yjg7cmaLhZX6325brY8J1wi","0","958.043112266","2.0.19","1","1","1","0.93","0.9975008721120749","0.9975008721120749","0.9988576506412343","0.9779797158970123","0.9953702062877207","","0","1","1","1","0","2.644673327","28","0","0","41611","41611"
"A7uqmajxP3NdzbYDXiGQRGTL8d3dZ5pjS4kR9NTZcxtg","0","26613.989184257","2.0.19","1","1","1","1","0.9939855840925584","0.9939855840925584","0.9910843401205105","0.9603262241666334","0.9953199267509064","","0","1","1","1","2.459410903","17.293399638","29","0","0","23","23"
"FGj3nQTn2Lwe9KkaKnFGm4HcxLSh8B8TjpvP4CinP4iX","0","4558.276125113","2.0.19","1","1","1","0.91","0.9923455878780997","0.9937175560378543","0.9982431410954319","1","0.9952532389758546","","0","1","1","1","0","0","30","0","0","41341","41341"
"3FLezD8GJgnawEHhZcsjdPxZVar9FzqEdViusQ5ZdSwe","0","4768.441761982","2.0.19","1","1","1","0.91","0.9923455878780997","0.9937175560378543","0.9982431410954319","1","0.9952532389758546","","0","1","1","1","0","0","31","0","0","41341","41341"
"9esjPxaUdD7yg4yDrBkP3jLipcAGVjpLDXsddF89avzW","0","4648.972224724","2.0.19","1","1","1","0.91","0.9923455878780997","0.9937175560378543","0.9982431410954319","1","0.9952532389758546","","0","1","1","1","0","0","32","0","0","41341","41341"
"GhBWWed6j9tXLEnKiw9CVDHyQCYunAVGnssrbYxbBmFm","0","38698.691122883","2.0.19","1","1","1","0.9","0.9964378211968397","0.9964378211968397","0.9964378211968397","0.9997650139743695","0.9951525941522676","","0","1","1","1","0","0","33","0","0","1288","1288"
"6bb3VS1Mx1UBEiyFbrdh4QeB4FRVCBwreL3C9mWvKWiH","0","118310.76932005101","2.0.19","1","1","1","0.95","0.9899404716429412","0.9910285485972158","0.9908960333465555","0.9952862199215112","0.9951049407195734","","0","1","1","1","0","0","34","0","0","292","292"
"LigajjQqkEj6VwowzP8VjmP85qQmkmvmbM1LUWazaLQ","0","0","2.0.19","1","1","1","0.9","0.9923455878780997","0.9937175560378543","0.9982431410954319","1","0.9948734325242417","","0","1","1","0","0","0","35","0","0","0","0"
"8XPteKmVNkkAwESc7b68BLKLLfHfBwKrag9jk2JnotqM","0","0","2.0.19","1","1","1","0.92","0.9939855840925584","0.9939855840925584","0.9910843401205105","1","0.9948410735788655","","0","1","1","0","0.002898285","8.795043087","36","0","0","0","0"
"EsEtxoyhFTgfvudcy2VwwQJ1qA6BScLUW39PKpYczuxF","0","0","2.0.19","1","1","1","0.9","0.9975008721120749","0.9975008721120749","0.9986844888381541","0.9863904825574557","0.9947510735815454","","0","1","1","1","0","17188.531024289","37","29197","0","40242","69439"
"DimavhUqvCpWjUZqSFZGLqBiUVUYQ5jZEaCHutKKVs45","0","118892.917429645","2.0.19","1","1","1","0.95","0.9944187197385863","0.9957171727235764","0.9993283630421914","0.9586002206859546","0.9945688016512445","","0","1","1","1","1e-9","17789.209518295","38","281","0","17200","17481"
"EKUh585fWD7LeDRHgmYd9EXpQnY6KNbNAhyBi3FuVw6Y","0","0","2.0.19","1","1","1","0.92","0.9944187197385863","0.9957171727235764","0.999493935869722","0.9751188421808159","0.9945164640480137","","0","1","1","0","85.827317708","10751.259068658","39","0","0","0","0"
"5HScvYkTWL9iojhPv26xK7GqB7oBsj9A2qHCeNRFmdyG","0","1071.95723556","2.0.19","1","1","1","0.92","0.9944187197385863","0.9994352418408626","0.9994352418408626","0.9692625181279377","0.9944908764070673","","0","1","1","1","1.5312595320000002","156.19177298","40","263","152","39706","40121"
"DzQHN1oTdN85Sbku2bc9Fu9yEwrgRMiu2XbRcntZ31yb","0","0","2.0.19","1","1","1","1","0.9985088499863423","0.9998166840078848","0.9578999111013335","1","0.9944537869806991","","0","1","1","1","0","0","41","0","0","39632","39632"
"MNDE6ueF5uMvyk3ohq7wWZ8H749pbpj1yHj2MvMRCJM","0","0","2.0.19","1","1","1","0.92","0.9944187197385863","0.9957171727235764","0.9994786531220868","0.9735939066507519","0.9944161091431534","","0","1","1","0","1.099448586","67.608695859","42","0","0","0","0"
"HcbE5huUVDgsf7SURsRfQqnFMp3Zz3i49eXMddugPyAP","0","1319.206383688","2.0.19","1","1","1","0.9","0.9944187197385863","0.999521015890695","0.999521015890695","0.9778210419046226","0.9943027946619769","","0","1","1","1","0.24147975700000002","31700.20895535","43","53854","24","39334","93212"
"8F4e1nbeC6hn9jkojtboERZGaafxUUtsqUy3MKJLohkh","0","5364.099239885","2.0.19","1","1","1","0.92","0.9899404716429412","0.9910285485972158","0.9908960333465555","1","0.9942696362085082","","0","1","1","1","1e-9","16227.688725375","44","126","0","8347","8473"
"D8aGMETy3q6ymADJs7YS81QY2qTQmptVox3iCfGDgSTA","0","124405.873249231","2.0.19","1","1","1","1","0.978782770911304","0.9967491246791571","0.9967491246791571","0.9423655069567459","0.9941787234996837","","0","1","1","1","8.677250823","3.845768911","45","0","862","39094","39956"
"H4QVPxS7napq3NEYxqLhxbKi9nJ8s56dD2EQZGsyZ3sb","0","0","2.0.19","1","1","1","0.9","0.9984401416940147","0.9994691008483166","0.9988303704568848","0.9726407900995188","0.9941338918696632","","0","1","1","0","3.2991962399999997","32.753788983","46","0","0","0","0"
"HFLsfstZkJeWDgVEA5fmXeea876Ad9f1VxrbXk386bBY","0","106364.283916313","2.0.19","1","1","1","1","0.978782770911304","0.9842453647794797","0.9945183580082584","0.9647786565421318","0.9941268510089788","","0","1","1","1","0","0","47","0","0","38995","38995"
"Fhks5gukimP6vxKYbRY4V1aw888EgHhpdDSscD9V6bub","0","0","2.0.19","1","1","1","0.95","0.9899404716429412","0.9910285485972158","0.9908960333465555","0.9797623178907341","0.9941033986530716","","0","1","1","0","0","0","48","0","0","0","0"
"GNajgJGjkdnmZTRGZzsQ4P4eL54gHRMfDDLyZpnZYmUy","0","2592.538705898","2.0.19","1","1","1","0.9","0.9939855840925584","0.9939855840925584","0.9910843401205105","1","0.9940814606756398","","0","1","1","1","0","0","49","0","0","38910","38910"
"9PzBVUpbEGcGxnjxq4WvJMnScwvQTY2wFrfMZv8FEPjC","0","0","2.0.19","1","1","1","0.92","0.978782770911304","0.9842453647794797","0.998578664892833","1","0.9938846547010444","","0","1","1","1","0","0","50","0","0","38545","38545"
"q1phrX11VjA2XEPqsTFMYRfrTZiwUeG7HCVz3d6V5Ua","0","0","2.0.18","1","1","1","0.93","0.9742519037120594","0.9946009434037487","0.99008592203535","1","0.9938784621218312","","0","1","1","1","0","0","51","0","0","38534","38534"
"4DcSke272vfn4QQK49RNzPPj9pYasbyjoiY1a5UxLDH1","0","12065.333611825","2.0.19","1","1","1","0.9","0.9974969473500533","0.9974969473500533","0.9974969473500533","0.97474863002263","0.9938461221353464","","0","1","1","1","2e-9","0","52","0","0","38475","38475"
"NikGQUQqSLtsdHGGx7mQopojZcgd3N9uWFaZQ1r5EXn","0","3458.510318019","2.0.19","1","1","1","0.9","0.9944187197385863","0.9957171727235764","0.9988008808213605","0.9762509816918149","0.993740465945709","","0","1","1","1","0","12868.43329421","53","21858","0","38286","60144"
"DySC6eaUthvVVzu4s8GFupm4PzYLNvq372AYnNrKP4xP","0","0","2.0.19","1","1","1","0.9","0.9944187197385863","0.9957171727235764","0.9994737915826195","0.9731088247122751","0.9936245733355784","","0","1","1","0","1e-9","0","54","0","0","0","0"
"bXr9MyoUAaGusQZ4gaUPmSZByHAV7RRGr1FhCW5tFh8","0","0","2.0.19","0.9958925366281633","1","1","0.92","0.994033267172025","0.9942972902590204","0.9965538241660681","0.9886910368682533","0.9935254561872104","","0","1","1","1","1e-9","0","55","0","0","37911","37911"
"3zxkHtntSzfW2rukRFqhN9SDPzqicvF6WwN6yDwdSvxQ","0","2777.774510866","2.0.19","1","1","1","0.9","0.9899404716429412","0.9910285485972158","0.9908960333465555","1","0.9935100233052825","","0","1","1","1","0","0","56","0","0","1564","1564"
"J5L2z5rVWQHFeM8PzSSTnDedLrYgnK6WKxU4X8hh4qry","0","0","2.0.19","1","1","1","0.9","0.9899404716429412","0.9910285485972158","0.9908960333465555","1","0.9935100233052825","","0","1","1","0","0","0","57","0","0","0","0"
"H1ScoL1TosVSRvJgARRnMs9extCdXZRWdKRqY4H7k3ik","0","0","2.0.19","1","1","1","0.9","0.9899404716429412","0.9910285485972158","0.9908960333465555","1","0.9935100233052825","","0","1","1","0","0","0","58","0","0","0","0"
"HVuzQEZtxQycpfJsLNAeykrqT2vLzKtUyKaAnNsnKy1A","0","0","2.0.19","1","1","1","0.9","0.9899404716429412","0.9910285485972158","0.9908960333465555","1","0.9935100233052825","","0","1","1","0","0","0","59","0","0","0","0"
"5hxHdAJAJrJ8UYkDU2BboECxJdosCYcQqGYjkqJFuCJi","0","0","2.0.15","1","1","1","0.9","0.9899404716429412","0.9910285485972158","0.9908960333465555","1","0.9935100233052825","","0","1","1","0","0","0","60","0","0","0","0"
"7Bp6dp5UVhwbDWnrNQhvVBUK3K2poxQSf5we274wYnSF","0","0","2.0.15","1","1","1","0.9","0.9899404716429412","0.9910285485972158","0.9908960333465555","1","0.9935100233052825","","0","1","1","0","0","0","61","0","0","0","0"
"CCknLtNpJWNzq2cBrwqYxXR9oguZmaXtoMQQQDCec2xY","0","0","2.0.19","1","1","1","0.9","0.9899404716429412","0.9910285485972158","0.9908960333465555","1","0.9935100233052825","","0","1","1","0","0","0","62","0","0","0","0"
"B1w6SZcyvjyp6zEyStcc8u9AxXAh2AbYvNzMmP9rRKE9","0","242.67050879","2.0.19","1","1","1","0.91","0.9899404716429412","0.9910285485972158","0.9908960333465555","0.9937972437998382","0.9934896519375299","","0","1","1","0","0.169320433","0","63","0","0","0","0"
"9G19HT8xqceG7mKQVSrTRS3DGnGqDHErPyQEaEfyWEuW","0","0","2.0.19","1","1","1","1","0.9923455878780997","0.9937175560378543","0.9578999111013335","1","0.993465918976616","","0","1","1","1","0.485291024","0","64","0","47","37809","37856"
"EsELtZoep4TYcugKyMnB4ZWZYxn99V5Vb1TwexDzFey","0","48835.711329793005","2.0.19","1","1","1","0.9","0.9984401416940147","0.9993619482810313","0.9988303704568848","0.9619504599143565","0.9934338235447542","","0","1","1","1","0","0","65","0","0","37755","37755"
"NipDoZC37aMQvv2fFq2moUyyiApQxszc7X4mvWHP2pZ","0","18728.330229847","2.0.19","1","1","1","0.9","0.9944187197385863","0.9957171727235764","0.9988008808213605","0.9713019689409287","0.9934211748004905","","0","1","1","1","2.025382542","36002.691037443","66","61159","200","37734","99093"
"3M4QYXfFM64wqSpSeQZWA6PJNmR6QQtF64BLzA9SG7ZD","0","32281.827936102","2.0.19","1","1","1","0.91","0.978782770911304","0.9842453647794797","0.9984035931264601","0.9989479286709941","0.9934143827744798","","0","1","1","1","0.000424454","1090.876169082","67","1856","0","37722","39578"
"HG574XwiowrjLx8h91KhHUhPeMfmUPBLfC9XrXynj9x","0","6770.068507143001","2.0.19","1","1","1","0.91","0.978782770911304","0.9842453647794797","0.9973477537712613","1","0.9933460210079385","","0","1","1","1","0","0","68","0","0","107","107"
"9mg9SH69itqkRdy1CudMforH3ju7uR3K8GH8esGx4Mfx","0","0","2.0.15","1","1","1","0.92","0.9450199616641256","0.9992297933621771","0.9997775073833739","1","0.9933112042886542","","0","1","1","1","0","0","69","0","0","30199","30199"
"H7CfFGvmUHWvryBKAaVibVxz85SYmWyoECx3CjLHq3zC","0","0","2.0.19","1","1","1","0.9","0.978782770911304","0.9842453647794797","0.9984035931264601","1","0.9931024518924801","","0","1","1","0","0.856847745","7.940640003","70","0","0","0","0"
"o27rnqfNHPwHsRp2xPXXwWzn2q2dGxn6UD4Rt5KMU5h","0","58840.908005359","2.0.19","1","1","1","0.92","0.9964378211968397","0.9964378211968397","0.9964378211968397","0.9552431317178874","0.9930398275550752","","0","1","1","1","0.108059429","13925.41671057","71","23664","10","37112","60786"
"xnYks8B2TPLRumBHQSocoXqpH6fmDxTStVQvhZNf9D5","0","3066.961146546","2.0.19","1","1","1","0.9","0.978782770911304","0.9842453647794797","0.9973477537712613","1","0.9929662145563255","","0","1","1","1","0","0","72","0","0","36996","36996"
"5ni6KoVM62cRJNfFFKGdiyDfYbKWWAGZ21cfGZcj1y66","0","50243.382407426","2.0.19","1","1","1","0.9","0.978782770911304","0.9842453647794797","0.9973477537712613","1","0.9929662145563255","","0","1","1","1","0","0","73","0","0","36996","36996"
"P4f3F3VfMhKvpGQXg2MuvLfWmZui41gvcH9XKtYDiFX","0","62039.391777763","2.0.19","1","1","1","0.9","0.978782770911304","0.9842453647794797","0.9973477537712613","1","0.9929662145563255","","0","1","1","1","1.000000003","1.722849011","74","0","3","1672","1675"
"5akpkYincAbsTBXVbf2GDCg4KatMnc8BKkXZCh7MWGPK","0","7013.635519759","2.0.19","1","1","1","0.9","0.978782770911304","0.9992728138473728","0.9994715064205673","0.9728808140339059","0.9929448915198326","","0","1","1","1","0","0","75","0","0","36963","36963"
"GQ8DSRSNCFGEdCEwc6em1ma18qSPc5cXCSDnSPSznWBP","0","22014.044817099","2.0.19","1","1","1","0.92","0.9939855840925584","0.9939855840925584","0.9910843401205105","0.9703529108221156","0.9929283581480344","","0","1","1","1","0","0","76","0","0","36937","36937"
"BSRRvjdKd8SHApi3KtTGbzrdhUojitiwAt4xt4nAxbFh","0","0","2.0.19","1","1","1","0.9","0.9742519037120594","0.9995062657196547","0.9995062657196547","0.9763491671289415","0.9929034194103091","","0","1","1","0","0.000032747000000000003","18.3628423","77","0","0","0","0"
"8guXF5HQVU4g71ZCnn6aEJxQyb59NaEc4XCGjF5arsiH","0","89854.48680036899","2.0.19","1","1","1","0.9","0.978782770911304","0.9842453647794797","0.9967559257545269","1","0.9928898496509404","","0","1","1","1","0.129000392","67.575342626","78","3","5","23608","23616"
"5WPxGiB6zBXNJp8JN3WhSKDuTY3ZBX6dBDcbtVMQAJLX","0","83646.620715307","2.0.19","1","1","1","0.9","0.978782770911304","0.9842453647794797","0.9967559257545269","1","0.9928898496509404","","0","1","1","1","0.061162736999999995","36.961209338","79","0","2","12799","12801"
"DM8eVQwKYpFUq4MAC1XEeZMjV4T34LfvGkK9vca55GaY","0","99206.120980952","2.0.19","1","1","1","0.9","0.978782770911304","0.9842453647794797","0.9967559257545269","0.9998313296770915","0.9928789676946237","","0","1","1","1","1.723634614","1195.0569243839998","80","7","18","5784","5809"
"GdVBPczdFaPf1GXvx8ByHeA1ZHAHwwmdQEPihH74SXm9","0","27604.883124938002","2.0.19","1","1","1","0.9","0.9964378211968397","0.9964378211968397","0.9964378211968397","0.9641220406348777","0.9928530474852038","","0","1","1","1","1e-9","7.692513879","81","0","0","36821","36821"
"EUiPhYZ8NoWX5ZzDh2cRR1fAS4su9jjV3YE7veyactzd","0","0","2.0.19","0.9967822991221851","1","1","0.92","0.978782770911304","0.9842453647794797","0.9984035931264601","1","0.9928240967706043","","0","1","1","1","0","0","82","0","0","36777","36777"
"8FPz3JG4E3HVXxGbPZVibarva4AGXSZWx3qKLUS5uFtN","0","0","2.0.19","1","1","1","0.9","0.978782770911304","0.9842453647794797","0.9984035931264601","0.9952577667293436","0.9927965013588894","","0","1","1","1","166.95352625","124.09963334100001","83","203","16603","36735","53541"
"5iJDEVRi1nMLwKAWhYbEokZnvBAe15rgFaHGkggVEP9z","0","57.182752229","2.0.19","1","1","1","0.9","0.9974969473500533","0.9974969473500533","0.9974969473500533","0.9584106283754316","0.9927920575129466","","0","1","1","0","0.001420864","142.408472151","84","0","0","0","0"
"8StzUMT1Kq33EHPoFx9zYhfuvzAbiqeh5nE3DftLLDPG","0","43475.239337057996","2.0.19","1","1","1","1","0.9923455878780997","0.9937175560378543","0.9578999111013335","0.9874852111768176","0.9926585132460881","","0","1","1","1","0","0","85","0","0","36529","36529"
"6xwWwNVXJLGhgPfBpew7UDcSjQr73McXSRK2EhdhcL1u","0","48612.081112258995","2.0.19","1","1","1","0.9","0.978782770911304","0.9842453647794797","0.9945183580082584","1","0.9926011312320672","","0","1","1","1","0","0","86","0","0","9602","9602"
"5kYPCTLoF2y7cynJEuv5LVaTPpLoPbcxiCYKk3KKcB1C","0","59565.465572981004","2.0.19","1","1","1","0.91","0.978782770911304","0.9842453647794797","0.9984035931264601","0.9854889785659562","0.9925460634128644","","0","1","1","1","0","3227.572206415","87","5479","0","36364","41843"
"CzmqDuqEpfnkptuLAcikmJrhCnhFXo8aUBj6Rto1SPAc","0","69117.610022072","2.0.19","1","1","1","1","0.978782770911304","0.9842453647794797","0.9967559257545269","0.9353714877109454","0.9925183327290659","","0","1","1","1","314.409140784","1450.959355748","88","2461","31272","36324","70057"
"GFQmJaC2SqTDf2tfAHauiGdaBfBD8tJVpwZTT78SeBCr","0","0","2.0.19","1","1","1","1","0.9742519037120594","0.9957784992903463","0.9578999111013335","1","0.9924980306354997","","0","1","1","0","0","0","89","0","0","0","0"
"We11J5D4iXcNbdMwCZX2o9RRkwaWBo1AGLADfubmeTb","0","1611.1563275049998","2.0.15","1","1","1","0.95","0.9973349686360685","0.9992158950663164","0.9578999111013335","1","0.9924208795766587","","0","1","1","1","379.66013986400003","266.061145701","90","3","7244","10666","17913"
"FxQLh2b8JnBFwPw325tix5x6BEJ7ibmqz2LyKLZWiGAX","0","2056.505924233","2.0.19","1","1","0.95","1","0.978782770911304","0.9992728138473728","0.9999204181010377","1","0.9923850211538346","","0","1","1","1","0","0","91","0","0","36133","36133"
"8DHFGo3fDB8GudbNLZEyExLzXQPwvY4twybPbxwDnffx","0","57053.132674467","2.0.19","1","1","1","0.9","0.9964378211968397","0.9964378211968397","0.9964378211968397","0.9556336543366162","0.9923054096595093","","0","1","1","1","2.952369811","48.379112107","92","87","293","36022","36402"
"AShjuYEE1bTBar9HGJehw3FgzibJuVwuP846guzbjRPM","0","62485.4328584","2.0.19","1","1","1","1","0.9923455878780997","0.9937175560378543","0.9578999111013335","0.9799679903495638","0.9921735312572331","","0","1","1","1","0","0","93","0","0","35840","35840"
"5cXLZKeTuRm95ng96K2qCdxB2kSU1ajW291HmEkNpXkM","0","0","2.0.19","1","1","1","0.9495999999999999","0.9923455878780997","0.998722284180443","0.9578999111013335","1","0.9920360229904149","","0","1","1","1","0","0","94","0","0","35655","35655"
"GiXx1mwSR44Tz96CaDqoadzAhZgZv7e3yZshqUwiEwwh","0","0","2.0.19","1","1","1","0.92","0.978782770911304","0.9842453647794797","0.9967559257545269","0.9739903289423683","0.9919714192601254","","0","1","1","0","0.674978444","3.744519054","95","0","0","0","0"
"CJznrtFkWvkK91W57btS77cXqRKce3DcoX8KXRp2WzpR","0","87457.557912719","2.0.19","1","1","1","0.9","0.9899404716429412","0.9910285485972158","0.9908960333465555","0.9746796616060154","0.9918764530863157","","0","1","1","1","0","0","96","0","0","1065","1065"
"6p7SQ6D3ACRYDM7x5Pjb9xa6sChaD3ZBoZxXpR2LyUZ7","0","0","2.0.19","1","1","1","1","0.9450199616641256","0.9753748972900845","0.9826269806694102","1","0.9918281463831016","","0","1","1","1","0","0","97","0","0","25167","25167"
"6tajb2FFdjiRJLrdwfKQsijHGmeVFcTcXJn6NH3BEoLW","0","0","2.0.19","1","1","1","0.9","0.9899404716429412","0.9910285485972158","0.9908960333465555","0.9738921616082985","0.9918256466348501","","0","1","1","1","84.525411476","2596.024318137","98","4407","8408","35381","48196"
"masvNDXtxVVMrYSV84RMry97JyHXAFcdfTZJ5VzpSYR","0","0","2.0.19","1","1","1","1","0.9985088499863423","0.9988744028944051","0.9578999111013335","0.9606179012765557","0.9918218179230432","","0","1","1","0","0","0","99","0","0","0","0"
"G1juWDqojmp5CWDhgRqtXrtpAFw9xqhjmEQAKr9faf4V","0","0","2.0.19","1","1","1","0.93","0.9450199616641256","0.9992297933621771","0.9994525298766355","0.9709876537632667","0.9917773138854149","","0","1","1","1","0","0","100","0","0","35319","35319"
"tri1cHBy47fPyhCvrCf6FnR7Mz6XdSoSBah2FsZVQeT","0","0","2.0.19","1","1","1","1","0.9923455878780997","0.998722284180443","0.9578999111013335","0.9652319910409785","0.991707150154349","","0","1","1","1","3.2308574319999996","400070.897584244","101","6732","96","16199","23027"
"eondcw2upjH14EuvBzmn6HfGEGo8t9hG9JbXtPj6cym","0","50.343359881000005","2.0.19","1","1","1","0.9","0.9899404716429412","0.9910285485972158","0.9908960333465555","0.9697357274464347","0.9915574895921492","","0","1","1","1","0","0","102","0","0","23","23"
"AAhcGqPdM9WdjhVH6T4vAQLvoDFrYQqirkxCdvxoKhgp","0","24664.169005011998","2.0.19","1","1","1","0.9","0.9899404716429412","0.9910285485972158","0.9908960333465555","0.9695324769804392","0.9915443766588592","","0","1","1","1","0","0","103","0","0","35029","35029"
"3uvqr8aX2fS3W9XHdud5avRGbUtY9uswBGmr9S2N7uF2","0","24473.300199261997","2.0.19","1","1","1","0.9","0.9899404716429412","0.9910285485972158","0.9908960333465555","0.9693681319236095","0.9915337737519669","","0","1","1","1","0","0","104","0","0","35016","35016"
"vahVByZszdHguLa7U7GLz8UdUFN85mcwdkefiqVjtGt","0","0","2.0.19","0.9943006735942875","1","1","0.92","0.978782770911304","0.9842453647794797","0.9945183580082584","1","0.9915222517463533","","0","1","1","1","841.227204752","7.043843076","105","0","35287","22684","57971"
"DUCKsGEPEdNv9QeskPNwoJdWgAXjxUFrkNDEKjAnLWyY","0","101368.522855128","2.0.19","1","1","1","0.92","0.978782770911304","0.9967491246791571","0.9967491246791571","0.9477086274730797","0.9914849893394473","","0","1","1","1","0","0","106","0","0","34957","34957"
"21wUViiyG1g47VZ39ZZsSkFX9nu6bkyfy6jryHGD2TUB","0","2750.946465822","2.0.19","1","1","1","0.9","0.978782770911304","0.9842453647794797","0.999464856173552","0.9722172664418951","0.9914469546367434","","0","1","1","1","0","149.877669736","107","0","0","23","23"
"BCRg6hEiLbrdgaTUbUbuz8deDcbyCgP37fCBMGqNhhq7","0","22863.669778288","2.0.19","1","1","1","0.9","0.9899404716429412","0.9910285485972158","0.9908960333465555","0.9677805303896503","0.9914313478465502","","0","1","1","1","0","0","108","0","0","34892","34892"
"5kAKXkZyBpAncEyYxGcn2peRkkCMZh6ZrhopWQXq78Pe","5","0","2.0.19","0.9936860922889188","1","0.95","1","0.9944187197385863","0.9999330652364834","0.9999330652364834","1","0.991422574807153","","0","1","1","0","1e-9","0","109","0","0","0","0"
"9xEFsHZt2mbuGQjtVGABxpeQiNeDvj54pfsJrrrUUev6","0","0","2.0.19","1","1","1","0.9","0.9899404716429412","0.9910285485972158","0.9908960333465555","0.967118354611869","0.9913886268286289","","0","1","1","0","222.390392218","5426.724411074","110","0","0","0","0"
"2Gife8andd4BkEbT5CncpriPxmQYqbspDh8cXkN6RUSH","0","115294.836259681","2.0.19","1","1","1","0.92","0.978782770911304","0.9967491246791571","0.9967491246791571","0.9450722416720184","0.9913148999329272","","0","1","1","1","1e-9","0","111","0","0","34754","34754"
"BTquv7QcKQU48GyQEspnpseM7dKjMiXSb2XF1TF8BnfZ","0","2780.795547829","2.0.19","1","1","1","0.9","0.978782770911304","0.9842453647794797","0.9945183580082584","0.9788754314576823","0.9912382558422402","","0","1","1","1","0","0","112","0","0","34665","34665"
"H7JJ6aE73ufbUuDCZSQMxguQsj28XHe4VQyMk2hsVGoo","0","120340.98259095","2.0.19","1","1","1","0.92","0.978782770911304","0.9967491246791571","0.9967491246791571","0.9437614252520531","0.991230331131639","","0","1","1","1","0","0","113","0","0","34656","34656"
"48oxpSHQkM4sdXUY9NQ8KnEtebzZbyk8uUT7JRdVQNuf","0","0","2.0.19","1","1","1","1","0.9923455878780997","0.9937175560378543","0.9578999111013335","0.9645285536924","0.9911774385696741","","0","1","1","0","0","0","114","0","0","0","0"
"A1taSaBJrLMrqfWsPESYDujnZv5yD7bF35LjXoyNXhzN","0","82014.009785551","2.0.19","1","1","1","0.9","0.978782770911304","0.9842453647794797","0.9945183580082584","0.9760946939717638","0.9910588534237939","","0","1","1","1","0","0","115","0","0","34461","34461"
"9w3YAf77BSGLQXahTpwAe9U9mNdCXkqmxH17uCyN1wyH","0","2","2.0.19","1","1","0.95","1","0.978782770911304","0.9842453647794797","0.9998824511221177","1","0.9909258529241779","","0","1","1","1","0","101.463793564","116","1","0","3072","3073"
"5vfEHBMSCTkR41GeKLyLb6ua6dd632eCpEXYC4YzG5df","0","116.580070093","2.0.19","1","1","0.95","1","0.978782770911304","0.9842453647794797","0.998578664892833","1","0.9907576224429798","","0","1","1","1","0","0","117","0","0","9157","9157"
"Rash24BXgUyy65JJ5KBzpYLrj3pyCqEMEixLVimTcDp","0","17469.486430635","2.0.19","1","1","1","0.9","0.978782770911304","0.9842453647794797","0.9945183580082584","0.9700092153603713","0.9906662419004781","","0","1","1","1","333.102392942","163.04586143199998","118","274","33129","34035","67438"
"6SmEcnuXJ3ZYqJWTqCoPQMhfvey6PfWb1LebLzoH3f7m","0","35332.636341657","2.0.19","1","1","1","0.9","0.978782770911304","0.9842453647794797","0.9973477537712613","0.9639140976288556","0.9906380918227032","","0","1","1","1","563.06530317","303.04086663","119","514","56002","34006","90522"
"GZgVV7MMweKm11hh8z8Nui9kRo3VxUVr2qgmkDdtJesa","0","0","2.0.19","1","1","1","1","0.9742519037120594","0.9957784992903463","0.9578999111013335","0.9709583905816874","0.9906243784149634","","0","1","1","1","1e-9","0","120","0","0","33992","33992"
"AY271jdvcyo5VzBiWsMGLEjpZFFrarq8FDydJHLmYgCG","0","0","2.0.19","1","1","1","1","0.9742519037120594","0.9957784992903463","0.9578999111013335","0.9709134304795048","0.9906214777632097","","0","1","1","1","0","0","121","0","0","11153","11153"
"HAK7iPgQTFwqEzPfVrRDbG5epFdk1dsA9qQexytsDoes","0","109145.270092077","2.0.19","1","1","1","0.9","0.978782770911304","0.9842453647794797","0.9945183580082584","0.9653085959454816","0.9903629761317757","","0","1","1","1","0","0","122","0","0","33727","33727"
"2ZuVhyBsUbTh27LBCQH3BkenjPp86gUZiNBKmhPsTRpT","0","159633.09836710402","2.0.19","0.9998671572196948","1","1","0.91","0.978782770911304","0.9842453647794797","0.9973477537712613","0.9535802201700176","0.9903083439930025","","0","1","1","1","0.090380208","33411.533071226004","123","268","1","7354","7623"
"FPjq7vB2V3TiseJJSPsp47UWSfT4AwvKjiU7GEro7bX9","0","120472.793137659","2.0.19","1","1","1","0.9","0.978782770911304","0.9842453647794797","0.9945183580082584","0.9620234874770661","0.9901510336499423","","0","1","1","1","0","0","124","0","0","33521","33521"
"FCvNkHa4U3yh7AXWGGL2jWLWiSRouR8EtzY5WVTHKTHa","0","0","2.0.19","1","1","1","1","0.8831955492132963","0.9993809473190286","0.9993809473190286","0.9638457768420072","0.9899919123659293","","0","1","1","0","0","19.34250967","125","0","0","0","0"
"votem3UdGx5xWFbY9EFbyZ1X2pBuswfR5yd2oB3JAaj","0","0","2.0.19","1","1","1","0.9","0.9943941819391231","0.9951127345422154","0.9578999111013335","1","0.9899350390938784","","0","1","1","1","0","141.2","126","236","0","33319","33555"
"39xF5qkfK5HBaG4Hkq6bjumUB2k4B5ozEAmfZoobhUVw","0","165284.346650085","2.0.19","1","1","1","0.91","0.978782770911304","0.9842453647794797","0.9945183580082584","0.9509554531500964","0.9898167733707831","","0","1","1","1","0.043038189000000004","2003.921028062","127","3409","4","33211","36624"
"5PKBzZEbwGEXhQj47eiwH6RHAPSCxcVhdYcFttW5gLWQ","5","0","2.0.19","1","1","0.95","0.9","0.9975008721120749","0.9975008721120749","0.9986844888381541","1","0.9894636230939675","","0","1","1","1","0","4060.311870951","128","6897","0","32904","39801"
"6ZUCygEHeA1MRgdxZ4V6e6gcAsJz1e2uDA3e3jv1bY7M","0","0","2.0.19","1","1","1","0.9","0.9943941819391231","0.9995381993973889","0.9578999111013335","0.9795357866392164","0.9890430380565864","","0","1","1","1","0","0","129","0","0","32563","32563"
"J6XZBDuUpuBzgcVGmY8NgHQYKbGZegoYmbpadAKo1qRw","5","0","2.0.19","1","1","0.95","0.9","0.9975008721120749","0.9975008721120749","0.9986844888381541","0.9926570612110062","0.9889898851075808","","0","1","1","1","0","15131.181440639","130","25701","0","32522","58223"
"2w4dcnbJDcGrAh4CFAYYpAaEJiUB2q1rFMGByBuB5Cqz","0","74651.225143887","2.0.19","0.9880163508339499","1","1","0.92","0.9923455878780997","0.9937175560378543","0.9982431410954319","0.9549634225446992","0.988861766505819","","0","1","1","1","264.605377896","1486.163092459","131","2525","26316","32424","61265"
"C2KtdF4FBNybpJrAW9p57SRxv1cqH7EAFeJPJ9J3biLi","5","0","2.0.19","1","1","0.95","0.9","0.978782770911304","0.9999165809897052","0.9995588924877536","1","0.9886026082175077","","0","1","1","0","1e-9","0","132","0","0","0","0"
"FnAPJkzf19s87sm24Qhv6bHZMZvZ43gjNUBRgjwXpD4v","0","0","2.0.19","1","1","1","0.92","0.9943941819391231","0.9951127345422154","0.9578999111013335","0.9672419063762528","0.9885812266020236","","0","1","1","1","512.672443965","0","133","0","26797","26017","52814"
"8EfUy8zz6DF2iTMQCUe4QAnoq4jVUzfU1yvZMCr2yJ7m","0","43045.582069585","2.0.19","1","1","1","0.9","0.8831955492132963","0.9997117137760013","0.9993396877639741","1","0.9885530642196934","","0","1","1","1","0","21529.969106329","134","211","0","8641","8852"
"HkqCfZFY5Hh8UDSGH6AJqtxpS6CFC2aqqFgqiDYtSPZw","0","0","2.0.19","1","1","1","0.9","0.8831955492132963","0.9997117137760013","0.9993396877639741","1","0.9885530642196934","","0","1","1","1","0","11448.457185423","135","247","0","19022","19269"
"i6PZjkPHGYmPfPE8LsJuLn5huZyusXhmysiDiHGPjxb","0","26326.394531893002","2.0.19","1","1","1","0.9","0.9973349686360685","0.9992158950663164","0.9578999111013335","0.9686562562640151","0.9884996703033694","","0","1","1","1","1e-9","7500","136","12746","0","32160","44906"
"5XGMWvqZSBk1fktPtxbwaMF5dhkbrtchpwd4xiXG9q8u","0","0","2.0.19","1","1","1","0.9","0.9923455878780997","0.998722284180443","0.9578999111013335","0.97236903993086","0.9883695404053092","","0","1","1","0","0","0","137","0","0","0","0"
"AV2h5iBU1Tkdy8j4rxgJK7nBJYvR11hD3dyvjoyBvbYu","0","0","2.0.19","1","1","1","0.9","0.9943941819391231","0.9951127345422154","0.9578999111013335","0.9754946193972328","0.9883540467969256","","0","1","1","1","0","0","138","0","0","32058","32058"
"2ayMCC4aizr8RGg5ptXYqu8uoxW1whNek1hE1zaAd58z","0","10.158724168","2.0.19","1","1","1","0.9","0.9943941819391231","0.9951127345422154","0.9578999111013335","0.9743238703346349","0.9882785145993387","","0","1","1","1","1199.402871846","712879.40726429","139","333924","119291","32007","485222"
"Node56Cr7y4Udym2vPt9DsRbWcBL29JivsGh2drpbKb","0","0","2.0.19","1","1","1","0.9","0.9923455878780997","0.9937175560378543","0.9578999111013335","0.9779381583205987","0.9882445098360095","","0","1","1","0","0","177.5","140","0","0","0","0"
"HeTyhZdUKswQoonJJTXqAnDN48ceyVAeFaKfYKayGPNS","5","0","2.0.19","1","1","0.95","0.9","0.9982434557106112","0.9982434557106112","0.9987495050742483","0.9772049456443059","0.9881211351657633","","0","1","1","0","0","0","141","0","0","0","0"
"7zFvisPXq7xCFoSAL4oxZhRpDonmf8NxQFuLNGW4UYFh","0","4687.850269981999","2.0.19","1","1","0.95","0.92","0.9899404716429412","0.9910285485972158","0.9908960333465555","1","0.9881041523375405","","0","1","1","1","0","0","142","0","0","31891","31891"
"H5oqciP46Ls3mJZu334niaKMcVWjsC7JKULLCZHxT8hr","0","4535.35101451","2.0.19","1","1","0.95","0.92","0.9899404716429412","0.9910285485972158","0.9908960333465555","1","0.9881041523375405","","0","1","1","1","0","0","143","0","0","31891","31891"
"indVHvxmQVkK4VsdHiK8kXjLDSjHfHRfP3yvZ947Gn3","5","0","2.0.19","1","1","0.95","0.93","0.978782770911304","0.9842453647794797","0.998578664892833","1","0.9880989772816896","","0","1","1","1","0","0","144","0","0","31887","31887"
"77hUX7gpQov27qQTBDyJKJXNwm7apatfhEdsStC3YUb8","0","0","2.0.19","1","1","1","0.9","0.9450199616641256","0.9753748972900845","0.9826269806694102","1","0.9880300818669726","","0","1","1","1","1e-9","0","145","0","0","31842","31842"
"MENFRm8PpkP2QwFV3iubwiqG6GyJ4LZQ7f9k8DUE9Xy","0","0","2.0.19","1","1","1","0.9","0.9923455878780997","0.9937175560378543","0.9578999111013335","0.972417286346091","0.9878883245473317","","0","1","1","1","0","0","146","0","0","11156","11156"
"VotESBSkLKU8vebS6wTR2rzWWJsLc6YThYS6tebPxXq","5","0","2.0.19","1","1","0.95","0.9","0.9939855840925584","0.9939855840925584","0.9910843401205105","0.9991025345477167","0.9878580758077505","","0","1","1","1","0","2.632576933","147","0","0","31733","31733"
"2Q9mEXrNcJknsDyBjsAieH8XrL4MBePEaLJwmHr3NK3L","5","0","2.0.19","1","1","0.95","0.92","0.9939855840925584","0.9939855840925584","0.9826269806694102","1","0.9875843175206591","","0","1","1","1","0","0","148","0","0","7992","7992"
"BXf5pMTSWJdfwaiRYpwJjkTUuUe2sdvcJx7X7UNbyGe1","5","0","2.0.19","1","1","0.95","0.9","0.9899404716429412","0.9910285485972158","0.9908960333465555","1","0.9873445394343147","","0","1","1","0","0","42379.592687672","149","0","0","0","0"
"GVQEm6h2UjDKhSU54kf7kFumJ5NDWddyYUtgy5eLCtBn","0","5616.188728157","2.0.19","1","1","0.95","0.9","0.9899404716429412","0.9910285485972158","0.9908960333465555","1","0.9873445394343147","","0","1","1","1","0","0","150","0","0","31427","31427"
"2wUhcnViyzstvWmk7NAboKtjbFbqJPo4BvFBV37dacLc","5","1089.209755252","2.0.19","1","1","0.95","0.9","0.9899404716429412","0.9910285485972158","0.9908960333465555","1","0.9873445394343147","","0","1","1","0","0","0","151","0","0","0","0"
"AMvyqeuRBxcDuy38MuGtPksvBtpuT3NPyoiVBDbzza6P","5","217.511619158","2.0.19","1","1","0.95","0.9","0.9899404716429412","0.9910285485972158","0.9908960333465555","1","0.9873445394343147","","0","1","1","1","0","0","152","0","0","23","23"
"3khMmeupU7B6ZSDSbTX5cYtME9yVqeJ178PQD7mCE7g1","5","0","2.0.19","1","1","0.95","0.9","0.9899404716429412","0.9910285485972158","0.9908960333465555","1","0.9873445394343147","","0","1","1","0","0","0","153","0","0","0","0"
"GA2t11gJcmuZ4y7pShTzgYDkxVaJaVQJqkVUqojhPPsT","0","17067.730463679","2.0.19","1","1","1","0.95","0.8831955492132963","0.9986094021390577","0.9964973969201761","0.9588570518104543","0.9873242901982381","","0","1","1","1","44.600142062","0","154","0","4436","31415","35851"
"oRAnGeU5h8h2UkvbfnE5cjXnnAa4rBoaxmS4kbFymSe","0","118844.407766077","2.0.19","1","1","1","0.94","0.9956736881653885","0.9956736881653885","0.9920893467473748","0.8641910152500287","0.9872407696231129","","0","1","1","1","1235.1144322539997","2613.329220646001","155","4440","122845","31368","158653"
"DrCcHpAWj8a4JU99QKtwfCynzdhgQeuieAY9WadZD5Ry","5","33380.693782381","2.0.19","1","1","0.95","0.9","0.978782770911304","0.9842453647794797","0.9997625695250071","1","0.9871123198148734","","0","1","1","1","0","0","156","0","0","31298","31298"
"JokeruQoFrVevoPR5QBRPGncPQbtrpq3PJEcY22JefC","0","92353.99927841","2.0.19","1","1","0.95","0.9","0.9973349686360685","0.9981220304307233","0.9910843401205105","0.9719834579753892","0.9867248485482945","","0","1","1","1","0","0","157","0","0","31095","31095"
"93cas2LuLsSAGPpFvHdeaWprR34NLQbgiQEeAtizpMmz","5","19327.256656645","2.0.19","1","1","0.95","0.9","0.978782770911304","0.9842453647794797","0.9967559257545269","1","0.9867243657799727","","0","1","1","1","0","0","158","0","0","31094","31094"
"3zEbnWKibg574DaGC1EA3zLNwBK6MGQxEySUgQWKBaYV","0","0","2.0.19","1","1","1","0.9","0.9742519037120594","0.9957784992903463","0.9578999111013335","0.9669956497232928","0.9865706531982928","","0","1","1","0","1e-9","0","159","0","0","0","0"
"5m8kTjAZRGppy6Ag5uCfUBzY1Ev4NtLR7fJwoaK3HanP","5","0","2.0.19","1","1","0.95","0.9","0.978782770911304","0.9842453647794797","0.9967559257545269","0.9956419450618326","0.9864432009452522","","0","1","1","1","1e-9","6000","160","10199","0","30956","41155"
"7Eg46UwGgsufXdd9C9kF27UAyD2t4VdmCdVTtPFoqxCy","0","0","2.0.19","1","1","1","0.9","0.8656153641489388","0.9995385506552159","0.9990965056727775","0.9795708393258764","0.9860527123098836","","0","1","1","0","0.000008013","182.168220099","161","0","0","0","0"
"8Y1ghRNu6zyAcrb79uddZeWPfth6arWaaSazbpHES2q7","5","68635.660666615","2.0.19","1","1","0.95","0.9","0.978782770911304","0.9842453647794797","0.998578664892833","0.9842863142474744","0.9859457717492686","","0","1","1","1","0","0","162","0","0","30730","30730"
"Fxnh7reapaQPZdbLPpFG1svuEGcJvibnT1Q4N8h11g4A","5","906.87242954","2.0.19","0.9967440404248863","1","0.95","0.9","0.978782770911304","0.9842453647794797","0.998578664892833","1","0.9859092483864915","","0","1","1","1","0","0","163","0","0","4178","4178"
"HU4xMHgk192zcjHgyPQ3ZbuNx5Wycg89pFDbeuCKBV3B","5","5707.921342197","2.0.19","0.9952422056380982","1","0.95","0.9","0.9973349686360685","0.9981220304307233","0.9826269806694102","1","0.9859063228265462","","0","1","1","1","0","0","164","0","0","30713","30713"
"4v2os15BGgAnqiy76YvPmAywp5xKh9jfBPfnQGzUVc9c","5","164283.29843922402","2.0.19","1","1","0.95","0.9","0.994033267172025","0.9942972902590204","0.9989821015845755","0.9515324548536459","0.9858413458440872","","0","1","1","1","0.000018982","0","165","0","0","30685","30685"
"3CnKZPQn92W8WXG7KTVaFQRk8LJJ3KZbrVVF4ngUxqkg","0","48374.98228532","2.0.19","0.9718618156159605","1","1","0.9","0.9923455878780997","0.9937175560378543","0.9982431410954319","1","0.9857965988519708","","0","1","1","1","0","0","166","0","0","6093","6093"
"3r84fqQnrSLrEDA8p5TStbHB8QFRHB9Frcdmq1AGVDYG","0","0","2.0.19","0.9729799354352433","1","1","0.92","0.978782770911304","0.9842453647794797","0.9999991757689786","1","0.9853517965673999","","0","1","1","1","0","0","167","0","0","1284","1284"
"SoLdWNZvT8f9293cELNBcPL3XLzsKCyG4AFmvqwXbmq","5","75535.512866363","2.0.19","1","1","0.95","0.9","0.978782770911304","0.9842453647794797","0.9945183580082584","0.9812154478761341","0.9852237407724629","","0","1","1","1","0","0","168","0","0","30438","30438"
"5iZ5PQPy5Z9XDnkfoWPi6nvUgtxWnRFwZ36WaftPuaVM","0","0","2.0.19","1","1","1","0.9","0.8656153641489388","0.999404601955319","0.9988781946609271","0.966205630330511","0.9851493088215666","","0","1","1","0","1e-9","100","169","0","0","0","0"
"BWkvytz3MAiLkUbMuYK5yV1VYThbBYYQYG3gdef8NLw5","0","21932.883851313","2.0.19","1","1","1","0.9","0.8831955492132963","0.9986094021390577","0.9964973969201761","0.9537194480168979","0.9850937996309119","","0","1","1","0","0.130081148","1858.1237829820002","170","0","0","0","0"
"3UmhLuNdgE2NYDSfXmbu5DhPRxWUK8JwiRcG6tXV4JGc","0","10069.20528854","2.0.19","0.966915584236292","1","1","0.92","0.978782770911304","0.999867961764361","0.999867961764361","1","0.9848904876301953","","0","1","1","1","0","0","171","0","0","30317","30317"
"CrLn7zEBytbmRBUGhkDyyUbGCa6H7bMCnw94Dip8QbcJ","0","0","2.0.19","1","1","1","0.9","0.9400525500296809","0.9477779705949491","0.9910843401205105","0.9804399412305866","0.9848682662834654","","0","1","1","1","133.190436367","0","172","0","13245","30309","43554"
"Ac8zL56RqrEwZcJa2HL7ZVCBW8py1ehVYj5qmfJXcdFQ","0","0","2.0.19","0.9969582701785165","1","1","0.92","0.9450199616641256","0.9753748972900845","0.9578999111013335","1","0.9846179019802904","","0","1","1","1","0","0","173","0","0","30223","30223"
"HE1zd4TpbDuKzg6cqbk91XjSZELL7F33eqDinxj5hLfG","0","6706.8636097710005","2.0.19","0.9653503291545437","1","1","0.92","0.9923455878780997","0.9937175560378543","0.9982431410954319","1","0.9844557322515138","","0","1","1","1","0.000393788","0","174","0","0","30170","30170"
"G1itch7djMvG4vMRToAgs45cVqrLGKFbzrgV4qNDsG1X","5","26271.930982518","2.0.19","1","1","0.95","0.9","0.9943941819391231","0.9998064527105199","0.9578999111013335","1","0.9842237860133916","","0","1","1","1","19.909024136","0","175","0","1980","30097","32077"
"8gJCfKzr55gM6DtAaFqoWjBGAmsJ71mpHem6qJAASBU4","0","85824.06572439","2.0.18","0.9619588209689017","1","1","1","0.978782770911304","0.9842453647794797","0.9945183580082584","0.9999102531248262","0.9841220575526693","","0","1","1","1","0.000626641","685.2","176","21","0","24625","24646"
"RNXpSdqrJL6eoLrbW69Q9qsFviEwRpfFfk3HiRRRohq","5","0","2.0.18","1","1","0.95","0.92","0.994033267172025","0.9942972902590204","0.9965538241660681","0.9172869343877782","0.9840782442116432","","0","1","1","1","0","0","177","0","0","30053","30053"
"ErvMUdtMC7AX55zKdYSyy4DnWNCrTsWn5GwprSG7ocnx","5","99.560935829","2.0.19","1","1","0.95","0.9","0.9943941819391231","0.9951127345422154","0.9578999111013335","1","0.9837695552229105","","0","1","1","1","0","0","178","0","0","20853","20853"
"8oGhRavfRf13fBdp257nitq8VVgXhRAZxR9fR5Q4oKhH","5","0","2.0.19","1","1","0.95","0.9","0.9943941819391231","0.9951127345422154","0.9578999111013335","1","0.9837695552229105","","0","1","1","0","0","2538.9","179","0","0","0","0"
"DPmsofVJ1UMRZADgwYAHotJnazMwohHzRHSoomL6Qcao","0","6010.341632259","2.0.18","1","1","1","1","0.8831955492132963","0.9214111132554376","0.9964973969201761","0.9893329906115282","0.9837187099063441","","0","1","1","1","0.260448504","0","180","0","0","23","23"
"5mSBnz3zNSVzXQHxBmrTLESynukH2JHVcCN14GHtVsWD","5","99400.713778353","2.0.19","1","1","0.95","0.9","0.9255974876489999","0.9994125364122236","0.9994125364122236","0.9669972192358843","0.9829744247953334","","0","1","1","1","1e-9","0","181","0","0","29758","29758"
"CV7uvPY1Hk5Avb2NvkGJoUzGnipZrEZK27j5rQJoUae9","0","0","2.0.19","0.9759849942735076","1","1","1","0.9400525500296809","0.9477779705949491","0.9996813792275636","0.9938260160256369","0.9828924678561551","","0","1","1","1","291.124140621","138.776464266","182","232","28954","29739","58925"
"NeodymeDFipD7eA1ShrLJAZTBdHWcFsDB9YkoHshZNk","5","0","2.0.19","1","1","0.95","0.9","0.8831955492132963","0.9999280997301199","0.9999280997301199","1","0.9824844450495945","","0","1","1","0","0","0","183","0","0","0","0"
"Luna8BkZNpZ9DKmszrZYPvFpTr4eJJfxxTnGDwTrYkv","0","0","2.0.19","1","1","1","1","0.8831955492132963","0.9214111132554376","0.9962464436666872","0.9666589080594744","0.9822234848057614","","0","1","1","0","3.6e-8","2213.930536035","184","0","0","0","0"
"FJ7sKbuXR28w4K5EChBbi9tXYfCfrdpF4EaKnRvLPzL8","0","0","2.0.19","1","1","1","1","0.8831955492132963","0.9214111132554376","0.99008592203535","0.9786104199571541","0.982199644072536","","0","1","1","1","0","0","185","0","0","29588","29588"
"GB44NXtM7zGm6QnzQjzHZcRKSswkJbox8aJsKiXGbFJr","1","0","2.0.19","1","1","0.99","0.92","0.8656153641489388","0.9989480482087275","0.9989480482087275","0.9206782623033092","0.9817034061408253","","0","1","1","1","2.0969094","8.590076247999999","186","0","208","29494","29702"
"Ej35PiU6wxfrQeJJwuqoT7s2gYSwCjcxQtEpHvpvWBu2","0","0","2.0.19","1","1","1","1","0.7121148273160368","0.9985694523652534","0.9985694523652534","1","0.9811037361673823","","0","1","1","1","0","0","187","0","0","29392","29392"
"8D8XL6ovqx15RKwC1XtFyTz6H8JYF2fUsxTnsY4b123P","0","24618.36717308","2.0.19","1","1","1","0.96","0.8831955492132963","0.9214111132554376","0.9964973969201761","0.9650314473811762","0.9806316426011601","","0","1","1","1","0","0","188","0","0","29320","29320"
"BXNW9ysAB9ksEDidcNWraaFkMeA88q6xzFRSyNnGvQYC","0","58129.15930138501","2.0.19","1","1","1","0.9","0.8831955492132963","0.9214111132554376","0.9993396877639741","0.9885167833653695","0.9802347340638562","","0","1","1","1","0","0","189","0","0","6372","6372"
"3tjGkvUsNEk8UBUQECCTpeAoo6NovHvEG44MZDPCcZko","5","1047.183208944","2.0.19","0.9751392817221386","1","0.95","0.9","0.9984566485363041","0.9984579635243177","0.9826269806694102","1","0.9795263847595029","","0","1","1","1","0","0","190","0","0","29180","29180"
"Ebm1XKkMzaFg2L5rzLPBnFHMtpDPa6SWJ7nVUzZUmXmR","0","0","2.0.19","1","1","1","0.9","0.8831955492132963","0.9214111132554376","0.9964973969201761","0.9809532193054059","0.9793800149833686","","0","1","1","1","0","0","191","0","0","29164","29164"
"9V3mbi8z9MHicFQN9n9CGEMfuX4yKaBjJNuzyTUxaWXi","0","9672.91604601","2.0.19","0.9761288468720392","1","1","0.92","0.9400525500296809","0.9477779705949491","0.9910843401205105","1","0.9791894464853754","","0","1","1","1","1e-9","0","192","0","0","29143","29143"
"AfyTzhTXBRBCxGdTEMc9LNEkVGVGfGA9wHf1VikaNb37","0","8312.712891701","2.0.18","1","1","1","1","0.7121148273160368","0.9980265088130214","0.9817267807921223","1","0.9788779452980525","","0","1","1","1","0.084291716","366704.744537219","193","8","0","17","25"
"cover89z945JotsCRGdbjakJm4rnL5XspFSPgN1mVZj","0","0","2.0.19","1","1","1","0.92","0.9828666057562943","0.9828666057562943","0.8991546660074171","0.9632843264821936","0.9788170434121138","","0","1","1","1","0","0","194","0","0","29106","29106"
"9gANMngbGUmAaLXL1RC3JdiaLjRowJXNbzCTh53ht7mq","0","234.409266712","2.0.19","1","1","1","0.9","0.9742519037120594","0.9894652015748715","0.8927017266124783","0.9814182040302442","0.978477507311585","","0","1","1","1","0","0","195","0","0","29075","29075"
"Luck3DN3HhkV6oc7rPQ1hYGgU3b5AhdKW9o1ob6AyU9","0","9.473951682","2.0.19","1","1","1","0.92","0.7121148273160368","0.9985694523652534","0.9985694523652534","0.998109524034682","0.9779433183631682","","0","1","1","0","242.2245964","46560.562206686","196","0","0","0","0"
"3teZKwABvB99bxZc5q8yVWJt5mbhxgUAx4teMdUbzgN4","0","8588.436115343","2.0.18","1","1","1","0.9001","0.7121148273160368","0.9985694523652534","0.9985694523652534","1","0.9773094697157695","","0","1","1","1","0","0","197","0","0","4406","4406"
"RBFvvcGPBpgkBYmJGsphoDQJD8sszSuorM7TorWm12Y","6","0","2.0.18","1","1","0.94","0.92","0.994033267172025","0.9942972902590204","0.9965538241660681","0.8279118120949207","0.9770790105153297","","0","1","1","0","0.251022773","100","198","0","0","0","0"
"4gg56BTsCSEXW3CLw7BuT31x3ptEjSz6aeVE1Xjby22R","5","14389.768650629001","2.0.19","0.9693315731850138","1","0.95","0.9","0.978782770911304","0.9842453647794797","0.998578664892833","1","0.9770665170187909","","0","1","1","1","0","0","199","0","0","6770","6770"
"7DCb5VuNx9XFqsaEgERyb5mwwRunDNtLRudCEoqhcz6N","0","0","2.0.19","0.9570207885482824","1","1","0.92","0.9943941819391231","0.9951127345422154","0.9578999111013335","1","0.9768303902384855","","0","1","1","1","0","0","200","0","0","27371","27371"
"DTDvrj1mKFv453DMAGRuFwg77DuLjsfVHnbLe5BJPL9D","0","141135.82042146","2.0.19","1","1","1","0.9","0.8831955492132963","0.9214111132554376","0.9962464436666872","0.9372041864079792","0.9765251156669553","","0","1","1","1","1e-9","0","201","0","0","28938","28938"
"BrRf2kyJEuW8TgdeDjvJcKK4NzTzRtM9RB6WuVKXHxkN","5","100360.150964595","2.0.19","1","1","0.95","0.9","0.9450199616641256","0.9753748972900845","0.9578999111013335","0.9662666796261231","0.97649766512439","","0","1","1","1","0","0","202","0","0","28937","28937"
"ADmLWUm2eQ3KFijFbqa4bVfiLVmW5iqjStE5b8Wbti1y","5","20332.87998151","2.0.19","0.9664844992181499","1","0.95","0.9","0.978782770911304","0.9842453647794797","0.9997782201622321","1","0.9763028873868218","","0","1","1","1","0","0","203","0","0","1051","1051"
"5wP5Qm9frQfXY9QadZZHqgy6GEvqtHjpJ6uongxdb5gJ","0","29287.266084322","2.0.18","0.9991484596904173","1","1","1","0.6728578361773361","0.9926511671309333","0.9869649654208764","1","0.9762262462043596","","0","1","1","1","0","0","204","0","0","537","537"
"NoRDTy8jpkpjPR7yxahVdoEUPngbojPhFU5jb8TtY4m","0","0","2.0.19","1","1","1","1","0.6728578361773361","0.9926511671309333","0.9869649654208764","0.9941974101032461","0.9761265759883054","","0","1","1","0","0","0","205","0","0","0","0"
"sShosKd6uA5c1ZpVMxdsE6do13TLRWSMYsXbSMmNC77","0","0","2.0.19","1","1","1","1","0.8831955492132963","0.9707507348025519","0.8927017266124783","1","0.9757887164285213","","0","1","1","1","0.042781362","0","206","0","1","13380","13381"
"FgiteGaHbA22Wt4Quzv3muscQtvX7gzVwvUHbFnb3rTJ","0","0","2.0.19","1","1","1","0.92","0.6728578361773361","0.9993276242859842","0.9999242425437195","1","0.9757807585608872","","0","1","1","1","0","0","207","0","0","28901","28901"
"EogKVYgic8LKAuV1kR9nRqJaS5zpwCvSMfqoehzmAMpK","0","0","2.0.19","1","1","0.95","0.95","0.8831955492132963","0.9214111132554376","0.9920893467473748","1","0.9757736072639486","","0","1","1","1","0","3450.607434388","208","5860","0","28900","34760"
"8rP6iyELBNkHabaNXvMJKEt7tgNSKeExT1w6AQUJbyz","0","129666.03620298201","2.0.18","0.9761423618817773","1","1","1","0.8831955492132963","0.9214111132554376","0.99008592203535","0.9923521718194587","0.9753901964126127","","0","1","1","1","0","0","209","0","0","642","642"
"9Lp7PzvKVMhjqyQfJwxyha5P6thNWMmVDuVVyqqSaK7b","0","0","2.0.19","1","1","1","0.92","0.6728578361773361","0.997676663488398","0.997676663488398","1","0.9753309779604342","","0","1","1","0","0.008211243","2954.912290463","210","0","0","0","0"
"DD7NQUKUex26GEsM8jpcx36MoGykbdUHJ3LbcD6Lzrfn","0","11457.434823381","2.0.19","0.9868160185695963","1","1","1","0.8831955492132963","0.9214111132554376","0.9578999111013335","1","0.9751736860740066","","0","1","1","1","0","0","211","0","0","28875","28875"
"HC1NSDR9cbBeQ8V1XJ62VNceUAbjGdnCcH7f5wVFVZw3","0","0","2.0.18","1","1","1","0.9","0.7121148273160368","0.9980265088130214","0.9817267807921223","1","0.9750798807819235","","0","1","1","0","0","0","212","0","0","0","0"
"1KXz4xKV2viJCGpxqnQqdf2J45vQr5USdmtcJLTaHkm","0","9514.178386246","2.0.19","1","1","1","0.9","0.7121148273160368","0.9993434766045055","0.9993434766045055","0.9601078209051682","0.974906762344321","","0","1","1","1","225.939373473","18233.115354599","213","434","9493","18739","28666"
"49DJjUX3cwFvaZD5rCAwubiz7qdRWDez9xmB381XdHru","0","62289.368031540995","2.0.19","1","1","1","0.92","0.7121148273160368","0.9992006370099281","0.9992006370099281","0.9458611808725694","0.9747149830789262","","0","1","1","1","0","0","214","0","0","167","167"
"4K4qpgksvHbKnk8mpMNncHxihMN1ayidQ8odqJKaN7mH","5","0","2.0.19","0.9539577514520771","1","0.95","0.92","0.978782770911304","0.9999274465447993","0.9999274465447993","1","0.974558489746999","","0","1","1","1","0","0","215","0","0","28853","28853"
"HnkhL3JYBSmb3s9thcVWzAQA9NqJb5m9U2d7mdDxprGo","5","0","2.0.19","0.9590311200199654","1","0.95","0.92","0.978782770911304","0.9842453647794797","0.9982555246304362","1","0.9744617075768531","","0","1","1","1","0","0","216","0","0","1935","1935"
"EwtnPXAgJsN8GVpX4GiJc1pSKcMGnCVmwwDiXrjuC3fP","0","0","2.0.19","1","1","1","0.9","0.6728578361773361","0.9982473438171016","0.9956379352671751","1","0.9743635304798284","","0","1","1","1","0","0","217","0","0","28846","28846"
"FkK9cat6c8zhLXeYFn4UTvy6fnSLB4p6SCbRQQfdFkkP","5","0","2.0.19","1","1","0.95","0.9","0.9742519037120594","0.9967436622977689","0.8927017266124783","1","0.974215216153785","","0","1","1","1","0","0","218","0","0","28842","28842"
"BeSov1og3sEYyH9JY3ap7QcQDvVX8f4sugfNPf9YLkcV","0","1027.492865959","2.0.18","1","1","1","0.9","0.6728578361773361","0.9995985135479879","0.9995985135479879","0.9855550115290731","0.9740733964596366","","0","1","1","1","0.870773764","0","219","0","86","28838","28924"
"GNZ1PAAS33davY4Q1BMEpZEpVBtRtGvSpcTH5wYVkkVt","0","0","2.0.19","1","1","1","0.98","0.6728578361773361","0.9834641161439823","0.981794840764064","0.9981473638112784","0.9740656164988849","","0","1","1","1","1.757810439","42.84747479","220","65","174","28837","29076"
"Ck2rHWiP22YzrMgwVSe9ngyRW81JXLRot2CUo1Bf5RFh","0","0","2.0.19","1","1","1","0.92","0.6728578361773361","0.997676663488398","0.997676663488398","0.9799310533544325","0.9740362072091072","","0","1","1","0","0","0","221","0","0","0","0"
"9wQQnnnkk5b5GkQWTW9L4kEA3CjFv6CqsQd5gt6tRsHK","5","0","2.0.19","1","1","0.95","0.9","0.9742519037120594","0.9946009434037487","0.8927017266124783","1","0.9740078562608154","","0","1","1","1","0","0","222","0","0","28836","28836"
"DLMhVf7xXa8R2D2y1fZSRVQwXdup7EfwBFbttzn5ppnC","5","0","2.0.19","1","1","0.95","0.9","0.9742519037120594","0.9946009434037487","0.8927017266124783","1","0.9740078562608154","","0","1","1","1","0","18345.221010291","223","31160","0","28836","59996"
"55d6G3qVzKfZ5ZWQxaExw7rJSZ1sRg5EQfXaJAo6vwwZ","5","0","2.0.19","1","1","0.95","0.9","0.9742519037120594","0.9946009434037487","0.8927017266124783","1","0.9740078562608154","","0","1","1","1","0","0","224","0","0","28836","28836"
"78QvBqfkWbDbyo1DMb2ku42r1UfxecwptjbPWJqxkX6E","5","0","2.0.19","1","1","0.95","0.9","0.9742519037120594","0.9946009434037487","0.8927017266124783","1","0.9740078562608154","","0","1","1","1","0","17708.474762005","225","30091","0","28836","58927"
"2AWVgdBDNhUjkfvueyoL5BPBycJavMwTGC9wEtqh5QwV","5","0","2.0.19","1","1","0.95","0.9","0.9742519037120594","0.9946009434037487","0.8927017266124783","1","0.9740078562608154","","0","1","1","1","0","0","226","0","0","28836","28836"
"41HgiTYQ3qDWFW8jSDkecH2mEHUqZsmwFGDPndtmyLDR","0","0","2.0.19","1","1","0.96","1","0.7121148273160368","0.9980265088130214","0.9817267807921223","1","0.9739455582012784","","0","1","1","0","0","0","227","0","0","0","0"
"Azc2uttGtHsRLorfQzd7tsMNtfaEg7LyvVEMVtckPCNN","0","0","2.0.19","1","1","1","0.9","0.8656153641489388","0.8728048698955717","0.9990965056727775","0.9815480064065203","0.9739157217254433","","0","1","1","0","0","50","228","0","0","0","0"
"1eufsJbqNgMProke17FLSw7JrD97fYhGggrnH9zyWnG","0","0","2.0.19","1","1","1","0.92","0.6728578361773361","0.997676663488398","0.997676663488398","0.9776829382990971","0.9738911675281179","","0","1","1","1","0","0","229","0","0","28832","28832"
"mnde2ZW5LdekuDB9ywYsKeZvpNUqRXACnGks8d6TShC","0","0","2.0.19","1","1","1","0.92","0.6728578361773361","0.9982473438171016","0.9956379352671751","0.9801728299108818","0.97384397111924","","0","1","1","0","0","0","230","0","0","0","0"
"7X7oVv6K6wawMNzVriczSAEk18GzqyrYrvqyJbwLAY3s","0","0","2.0.19","1","1","1","0.9","0.8831955492132963","0.9214111132554376","0.9578999111013335","0.9691044737817123","0.973635259037473","","0","1","1","0","0","0","231","0","0","0","0"
"4VgntoyhaZ9TFXCJ73xNSon3sL4ieV2yrACRFSCnzf6i","0","0","2.0.19","1","1","1","0.91","0.6728578361773361","0.9995465361845967","0.9956379352671751","0.9803677371380769","0.9736024676210747","","0","1","1","1","0","0","232","0","0","28825","28825"
"D4mLBafAJjpRABT5Tyj6UhuwJ8DLRk74JzyuTMUdU9Fz","0","0","2.0.18","0.9837101142354817","1","1","1","0.6728578361773361","0.9997910119410183","0.9997910119410183","1","0.9735920612353747","","0","1","1","0","0","0","233","0","0","0","0"
"2BGBakG9kjmZAaygVmAuUrBSqBZt8p5FVabbStxHEXUj","5","0","2.0.19","1","1","0.95","0.9","0.9742519037120594","0.9894652015748715","0.8927017266124783","1","0.9735108489870531","","0","1","1","1","0","0","234","0","0","28822","28822"
"6hkfqeNAbURk7CmAQsP4Qm6WwHVF4LxHupEvQf7Tkrf1","0","57508.475126458005","2.0.19","1","1","1","0.9","0.6728578361773361","0.9982473438171016","0.9956379352671751","0.9852209778817876","0.9734100451818792","","0","1","1","1","0","0","235","0","0","28820","28820"
"CaraHZBReeNNYAJ326DFsvy41M2p1KWTEoBAwBL6bmWZ","0","120794.575192277","2.0.19","1","1","1","0.92","0.6728578361773361","0.9980493036870545","0.9947255525312383","0.975244480084624","0.9733891210874206","","0","1","1","1","0","0","236","0","0","28819","28819"
"ASfKFAKz6fH4eip1jdLGt5Ym954kU9KYnwq2Csn9ogSz","0","0","2.0.19","1","1","1","1","0.6728578361773361","0.998882929458079","0.9578999111013335","1","0.973353680810782","","0","1","1","1","0.000051707","0","237","0","0","14399","14399"
"8vyuJTHSDkx7k1zymea4TMsgvixf3rCYBXHPDQajePkE","0","0","2.0.19","1","1","1","0.9","0.8656153641489388","0.8728048698955717","0.9988781946609271","0.9731515575692649","0.9733458461860268","","0","1","1","0","0","33.738216972000004","238","0","0","0","0"
"34yvUa2fxfm2tUqxFEj9PHrVNwCcdzd51eo9hntWpZRs","0","0","2.0.19","1","1","1","0.92","0.6728578361773361","0.997676663488398","0.997676663488398","0.9665399338983577","0.9731722640183926","","0","1","1","0","1.3122450850000003","1.732969143","239","0","0","0","0"
"Ccd7Sbwz18cHZ24uYomhc7JHhXKHZxyb9Nvyf5DncbTh","0","0","2.0.15","1","1","1","0.9","0.6728578361773361","0.996342184058184","0.9869649654208764","1","0.9730600672971847","","0","1","1","0","0","0","240","0","0","0","0"
"686JcEJ98r8fMtUiVuKiz4WRoBpJ2Sm9zMhdc2b6H4bu","5","0","2.0.19","1","1","0.95","0.9","0.8831955492132963","0.9214111132554376","0.9964973969201761","0.9771871208660392","0.9729715570195384","","0","1","1","0","0","0","241","0","0","0","0"
"1234LB7uvDC23rdCQoK8C3jNwnovUNyeKxz8wC3dghJ5","5","35778.774643581004","2.0.19","1","1","0.95","0.9","0.8831955492132963","0.9214111132554376","0.9962464436666872","0.9766389081220982","0.9729038073904469","","0","1","1","1","0","0","242","0","0","28808","28808"
"AYSvheimgwhpRHXossLqrTBDPwo4jHDQJ1UhMeAArTwH","0","2003.641669338","2.0.19","1","1","1","0.93","0.6728578361773361","0.996342184058184","0.9869649654208764","0.979339555175543","0.972866554727865","","0","1","1","1","0","0","243","0","0","28807","28807"
"9vNLTLdwAdHw8EdiZrLzDtUpm3hp7E2MGaNi6SmdfBGz","0","21153.0658503","2.0.19","1","1","1","0.9","0.6728578361773361","0.9994554068997132","0.9968962698952272","0.9712744530562434","0.9727895444757164","","0","1","1","1","0","0","244","0","0","28806","28806"
"DvFTFLrEQSfEadPQdesvf5bpYWYqXK9iaJAjq95piQBs","0","0","2.0.19","1","1","1","0.93","0.6728578361773361","0.996342184058184","0.9869649654208764","0.973503210781719","0.9724900163798763","","0","1","1","1","0","0","245","0","0","28678","28678"
"Rhob5aKMhFYqwn26o2zvApzwAWmagtW1ShLmWSPxhKX","0","456.47449403","2.0.19","1","1","1","0.9","0.6728578361773361","0.9916255447684242","0.9956379352671751","0.9792448205766074","0.9723836673832859","","0","1","1","1","0","0","246","0","0","28798","28798"
"AduRf23soau1sxTo1eyAoV11RyrtbyeF1fjj48jX9vYh","0","0","2.0.19","0.9224134644243679","1","1","1","0.9899404716429412","0.9910285485972158","0.9908960333465555","1","0.9722801731195945","","0","1","1","0","0","0","247","0","0","0","0"
"BXaSsyrvY5o19AoRDovjzVyZU9nXHixuDfNjBH8pfbjd","5","0","2.0.19","1","1","0.95","0.9","0.9450199616641256","0.9961267510255337","0.8927017266124783","1","0.9722695833178958","","0","1","1","1","0","0","248","0","0","28795","28795"
"5wYHvcKbCHPsT9dhEZaVZzoVY1qA7bosKRzKczpcaXpq","5","12347.453348379","2.0.19","0.9493083455174038","1","0.95","0.9","0.978782770911304","0.9995805621774541","0.9995805621774541","1","0.9722207397496395","","0","1","1","1","0.09807831","0","249","0","4","17831","17835"
"A9YmK82uhCXieM9Cw9gN7W1F2KCxa8U1ArA6qxnyYcXQ","0","66334.151525602","2.0.19","1","1","1","1","0.6728578361773361","0.9992899775566786","0.9578999111013335","0.9815015819398777","0.9721996262357998","","0","1","1","1","0","0","250","0","0","28794","28794"
"De4k4hrdkxFHmAx4nVRA3g5ukdg4YqmDLdwuYUcrjjud","0","153837.397797607","2.0.19","1","1","1","0.9","0.6728578361773361","0.9976803423195538","0.9947255525312383","0.9665312028539618","0.9720316553272971","","0","1","1","1","0","18999.18026888","251","32271","0","28791","61062"
"6GoijNiK3JZVAY96ykCfPhcJnrQfrQMLvrQaX5HyMVhu","0","156039.279381939","2.0.18","1","1","1","0.9","0.6728578361773361","0.9980493036870545","0.9947255525312383","0.9655377229907305","0.9720032657910403","","0","1","1","1","0","18999.112008603","252","32271","0","28791","61062"
"5evi7HwSeD95YbvwMpA7cfz6uDFmovHXpcGYAwZbKsoz","0","0","2.0.19","1","1","1","0.95","0.9255974876489999","0.9262822820374762","0.8991546660074171","0.9804473615097038","0.9718930712406293","","0","1","1","0","0","0","253","0","0","0","0"
"BfBPPqzYcqEQK9hF7AnQEJojzMtzQzB926qcPc4Y1v3L","0","0","2.0.19","1","1","1","0.95","0.9255974876489999","0.9262822820374762","0.8991546660074171","0.9803423349418638","0.9718862953330266","","0","1","1","0","0","0","254","0","0","0","0"
"DHoZJqvvMGvAXw85Lmsob7YwQzFVisYg8HY4rt5BAj6M","0","0","2.0.19","1","1","1","0.95","0.9255974876489999","0.9262822820374762","0.8991546660074171","0.9789936184896139","0.9717992813683655","","0","1","1","0","0","0","255","0","0","0","0"
"AuBB9st3RqhHBkzZgBSm6SVnHZNJQSHeBWCSkik4bzdA","0","5387.3597109","2.0.19","1","1","1","0.92","0.6728578361773361","0.9834641161439823","0.981794840764064","0.9974505316409328","0.9717418208749916","","0","1","1","1","0","0","256","0","0","23","23"
"HD9FwkthKMAFzT3zsPfsZuELUN7pW71KkDR1EczuX8t5","5","0","2.0.19","0.9475010436135327","1","0.95","0.9","0.978782770911304","0.9995805621774541","0.9995805621774541","1","0.9716377391354876","","0","1","1","0","0","0","257","0","0","0","0"
"2PEyBgsPYBQ8pMdXQtEaPGNqWQHE9GCnmV2tTVN4GMru","0","0","2.0.19","0.9507926382944598","1","1","0.9","0.9742519037120594","0.9957784992903463","0.9578999111013335","0.979577834948318","0.9715090645981201","","0","1","1","0","0","0","258","0","0","0","0"
"Simpj3KyRQmpRkXuBvCQFS7DBBG6vqw93SkZb9UD1hp","0","152295.205608084","2.0.19","1","1","0.95","0.9","0.8831955492132963","0.9214111132554376","0.9962464436666872","0.9527984749596572","0.9713657149283539","","0","1","1","1","0","0","259","0","0","28781","28781"
"A11pGbZDE8fPNZgiqDjoST6v3QMdhzZ3r8W5YahCKtS5","0","41184.564680036","2.0.18","1","1","1","1","0.9828666057562943","0.9828666057562943","0.7993843386370983","1","0.9713506575267699","","0","1","1","1","0","0","260","0","0","9895","9895"
"Ac1beBKixfNdrTAac7GRaTsJTxLyvgGvJjvy4qQfvyfc","3","1245.364001974","2.0.19","1","1","0.97","0.9","0.7121148273160368","0.9985694523652534","0.9985694523652534","0.9635167976828256","0.9712526263404678","","0","1","1","1","0","0","261","0","0","28780","28780"
"yrfQfUfsZechz1zqQyTRRz43czTZQidcrm4SNVWiDPi","0","80104.208943618","2.0.19","1","1","1","0.9","0.6728578361773361","0.9932777564546058","0.9968690925065954","0.9520583319204619","0.9709484508253482","","0","1","1","1","9.347927951","34772.827449126","262","59075","930","28776","88781"
"QodirbUG8AZQBWpHhPJPfjj1xg4AaQUZCVVtwT8YfPi","0","743.628508876","2.0.19","1","1","1","0.9","0.6728578361773361","0.9926511671309333","0.9869649654208764","0.9717490988306036","0.9708802333255544","","0","1","1","0","0","0","263","0","0","0","0"
"7LtXiFCXqxwntUkTfzMAmS8TTehK8m3cbzx7BgvYFTiP","5","0","2.0.19","1","1","0.95","0.9","0.9450199616641256","0.9760708980753455","0.8927017266124783","1","0.9703286943227163","","0","1","1","1","0","0","264","0","0","28769","28769"
"6UgxzgqkEyXMwPtgyDZSn8WGzJ5GdSWG1bSPvy7V6QwV","5","0","2.0.19","1","1","0.95","0.9","0.9450199616641256","0.9760708980753455","0.8927017266124783","1","0.9703286943227163","","0","1","1","1","0","0","265","0","0","28769","28769"
"8BbpzqTUCUa4oR71AMgcBiTQvd6Gta3xJHCG4xK9mKBp","5","0","2.0.19","0.9460833982987815","1","0.95","0.9","0.9982434557106112","0.9982434557106112","0.9987495050742483","0.9700707530142803","0.9702684125118202","","0","1","1","1","0","0","266","0","0","28768","28768"
"HgovzvawYMRPY6Go2kaQF1vLR4rNixooHKrUWSH6aW4C","5","0","2.0.19","1","1","0.95","0.9","0.9450199616641256","0.9753748972900845","0.8927017266124783","1","0.9702613394080136","","0","1","1","1","0","0","267","0","0","6513","6513"
"H9p8zGs56CnL4b7RrbwQ6htc6V4K8PUtKvqH2m7hYAtL","0","0","2.0.19","0.9089628375731913","1","1","1","0.9975008721120749","0.9975008721120749","0.9998866002412775","1","0.9702154560405611","","0","1","1","0","8e-9","1.487262738","268","0","0","0","0"
"4jEHuQZTNTRYAhxRYEjV3HJ1b4wqdQjnBRdPzFWzkCft","0","0","2.0.19","1","1","1","0.9","0.6728578361773361","0.9620262925484746","0.9968962698952272","0.9821558965593282","0.9698694007322473","","0","1","1","0","0","0","269","0","0","0","0"
"9o4Y8WvRisPxEpuo4sZBq1CtfNsYanzp87bSgeYuGf3R","0","0","2.0.19","1","1","1","0.9","0.6728578361773361","0.9620262925484746","0.9968962698952272","0.9819010390630685","0.9698529583131337","","0","1","1","0","0","0","270","0","0","0","0"
"4BVYjw1ztUzUPsxsaCheWWwThT2X4rjogZytGnuWPUGg","0","0","2.0.19","1","1","1","0.92","0.6728578361773361","0.9560451816156026","0.9956379352671751","0.9807615641056836","0.9697978737574693","","0","1","1","0","0","0","271","0","0","0","0"
"EreifamaYZ1cAtegv5hJFgRSqDQg3i6uRamWXfYuJeC8","5","82320.399537796","2.0.19","1","1","0.95","0.9","0.7121148273160368","0.9994832704449504","0.9994832704449504","0.9740546251499046","0.9696726386466625","","0","1","1","0","0","3.921486464","272","0","0","0","0"
"C9YVc5dBPRbmyi8tPJKnrBuVwXeULby1eGXWvUVv866a","0","2817.173055018","2.0.19","1","1","1","0.9","0.6728578361773361","0.9993276242859842","0.9578999111013335","1","0.9695986512779987","","0","1","1","1","1e-9","51.859517033","273","99","0","0","99"
"qjUuLxWo29QCBr7ZQw4EPLkAtmjHS2ZdZpZcH9g7fRb","0","1929.444385564","2.0.19","1","1","1","0.93","0.6728578361773361","0.9620262925484746","0.9869649654208764","0.9797395599229649","0.9695714687590172","","0","1","1","0","0","0","274","0","0","0","0"
"Gvt8s5Bwnhg4G27VbnT1Zkfh7Jsztq6CNvZcc5anPonS","4","0","2.0.19","0.9533605277072982","1","0.96","0.92","0.9742519037120594","0.9957784992903463","0.9578999111013335","1","0.9694822008636603","","0","1","1","0","0","0","275","0","0","0","0"
"EARNynHRWg6GfyJCmrrizcZxARB3HVzcaasvNa8kBS72","5","2784.915695635","2.0.19","1","1","0.95","0.9","0.9943941819391231","0.9951127345422154","0.9578999111013335","0.7754431479360969","0.969282016380078","","0","1","1","1","3189.1342139689987","7752.511838468001","276","13168","317193","0","330361"
"4tuMshQNpAFpy1YtEHnSsE5EPN1mAT8FevWvn2UPJHNM","0","23211.239497469","2.0.19","1","1","1","0.9","0.6728578361773361","0.9620262925484746","0.9968962698952272","0.9701559914405756","0.969095213305231","","0","1","1","1","0","76895.636921179","277","130625","0","0","130625"
"AddV9GtVTtepbNa7MBNDx81wTMRgnXf8nzhRuyinVab5","0","21510.639430850002","2.0.19","1","1","1","0.9","0.6728578361773361","0.9620262925484746","0.9968962698952272","0.9699517995311225","0.9690820396336534","","0","1","1","0","0","0","278","0","0","0","0"
"HiLaiF6HAUL2kYBsHcVb3CDws9c3dEphtfPbzDnKYFYB","0","21368.737307405","2.0.19","1","1","1","0.9","0.6728578361773361","0.9620262925484746","0.9968962698952272","0.9693548920711884","0.9690435294749479","","0","1","1","0","0","0","279","0","0","0","0"
"DzCirYWNsCECVHgSaMVg1mqMzKwtGuN2Pqm2a4HqVpTE","5","0","2.0.19","1","1","0.95","0.9","0.8656153641489388","0.8728048698955717","0.9995495954183311","1","0.9689991522470296","","0","1","1","0","0","0","280","0","0","0","0"
"FGtsnE1HB4bBi6g4xAt5mvWtuC3qBPWPBgWVrnRmUiVH","0","0","2.0.19","1","1","1","0.91","0.6728578361773361","0.9620262925484746","0.9869649654208764","0.9818437592326141","0.9689476106499623","","0","1","1","0","0","0","281","0","0","0","0"
"EnRcbgr5r7EUS2P35szncy6TW6eWA9UQiU3yQRCDbh2P","5","0","2.0.19","1","1","0.95","0.92","0.6728578361773361","0.9916255447684242","0.9998920138583943","1","0.96886575361592","","0","1","1","0","0","0","282","0","0","0","0"
"91413b9eEvG6UofpSgwdUgH9Lz4QBF1G3J325Bw7JwGR","0","4931.202344557","2.0.19","1","1","0.98","0.958","0.6728578361773361","0.9620262925484746","0.9817267807921223","1","0.9687999636505995","","0","1","1","1","0","4194.135694874","283","7123","0","0","7123"
"DTwEEF6VSrmTBYkDcj3BKAc52qhvP8CEQUEAMMT1cG3","0","0","2.0.19","1","1","1","0.9","0.6728578361773361","0.9620262925484746","0.9817267807921223","0.9944426245789859","0.968704739429889","","0","1","1","0","0","0","284","0","0","0","0"
"EARTHZeTM64X3UMYf5rcWonQkTCn3uifEwutBx6e656K","0","149583.910645725","2.0.18","1","1","1","0.9","0.6728578361773361","0.9978329471577722","0.9578999111013335","0.9872510598279408","0.9686314928351357","","0","1","1","0","0","0","285","0","0","0","0"
"FXRu5NA4ouLGFuZNNWZFwwnvQz9zE7JCX3D23RJTc2NU","5","0","2.0.19","1","1","0.95","0.92","0.6728578361773361","0.9884497456957306","0.9998700234309267","1","0.9685555807472765","","0","1","1","0","0","0","286","0","0","0","0"
"DTWh2VQuUJmskHuZWy1KLNvzKqk7PeMkCoaNvZy415U7","5","0","2.0.19","1","1","0.95","0.9","0.6728578361773361","0.997676663488398","0.997676663488398","1","0.9684058811862406","","0","1","1","0","0","0","287","0","0","0","0"
"8inoRcYLtHdDL1qHWvGph7pkJKuJdrE2kNkFpjcYaYHf","0","81599.046170197","2.0.19","1","1","1","0.9","0.9255974876489999","0.9262822820374762","0.8991546660074171","0.9527276213264634","0.9682056686481623","","0","1","1","1","346.07647633799996","406.542564609","288","690","34418","0","35108"
"LunaFpQkZsZVJL2P2BUqNDJqyVYqrw9buQnjQtMLXdK","5","10.358952906","2.0.19","1","1","0.95","0.9","0.8656153641489388","0.8728048698955717","0.9995495954183311","0.9865616156599172","0.9681321597089598","","0","1","1","0","0","0","289","0","0","0","0"
"D7ZCDE1PHe8duMjNpxwHrYbrRzcnsS7p4nD2daLzWwtr","0","77698.014401978","2.0.19","1","1","1","0.9001","0.6728578361773361","0.9834641161439823","0.9826269806694102","0.9491487043869803","0.9679771320076846","","0","1","1","0","0","0","290","0","0","0","0"
"DepooLoEUsBurWjv2xXnb4qfVFnExRCvAma94mcRzcmc","0","163675.529141754","2.0.19","1","1","1","0.9","0.6728578361773361","0.9620262925484746","0.9947255525312383","0.952397480549297","0.9676694103620531","","0","1","1","0","0","0","291","0","0","0","0"
"4BwKbV3ViY9huwhxRrbYWC5GgRUCwEe9k1YpFqFC7kQa","5","0","2.0.19","0.9818122205613493","1","0.95","0.9","0.9742519037120594","0.9894652015748715","0.8927017266124783","1","0.9676438233616819","","0","1","1","0","0","0","292","0","0","0","0"
"3P2Fq9v1NwtrVTnwPGj2qVdVwnSvuNovZJWGS7nRvoin","0","0","2.0.19","1","1","1","0.9","0.9828666057562943","0.9828666057562943","0.7993843386370983","1","0.9675525930106409","","0","1","1","0","0","0","293","0","0","0","0"
"scanjszMg2p4pXCZJWNUY8gEN6sCqY2oThXV58NPbWd","5","0","2.0.19","1","1","0.95","0.92","0.6728578361773361","0.9999047202553685","0.9817267807921223","1","0.9673230631061053","","0","1","1","0","0","0","294","0","0","0","0"
"GaxxAn5335dA4U3772MCFeqdyqCVEfmsQTQ47YXfC2Xi","0","12431.522322638","2.0.19","1","1","1","0.9","0.6728578361773361","0.9978329471577722","0.9578999111013335","0.96538893713035","0.9672210333062589","","0","1","1","0","0","0","295","0","0","0","0"
"5TkFPZf79rezPXzCTP6DjH4NLb7Hw3jRsAme1fv431oz","5","0","2.0.19","0.9785579404957386","1","0.95","0.9","0.9742519037120594","0.9946009434037487","0.8927017266124783","1","0.967091062872344","","0","1","1","0","0","0","296","0","0","0","0"
"7r1g7s6UjYuosRCHwedpGRCbJhZqM2LhUPxgoayRE6Rm","0","0","2.0.19","1","1","1","0.9","0.6728578361773361","0.9932777564546058","0.9578999111013335","0.9682226468163436","0.9669630283792423","","0","1","1","0","0","0","297","0","0","0","0"
"74UYnazXV25u3SCTsx6AHfPak8nennsxYTMhaeHbvuE6","0","0","2.0.19","0.9857861583315776","1","1","0.9","0.6728578361773361","0.9640367518802831","0.9994752319903875","1","0.9669628528797694","","0","1","1","0","0","0","298","0","0","0","0"
"2QE9X9X4tdDUTYic1DgBBJjU7cWUNPbKYGerCb9KqDQN","0","0","2.0.19","1","1","1","0.9","0.6728578361773361","0.9932777564546058","0.9578999111013335","0.9681455355776613","0.9669580534606177","","0","1","1","0","0","0","299","0","0","0","0"
"4n4KiUuRwgAqdTh6ag8WRy3ibL2gbWTVJPfEGw3SAsHx","5","0","2.0.15","0.9515559953504504","1","0.95","0.9","0.9742519037120594","0.9957784992903463","0.9578999111013335","1","0.9669073839743547","","0","1","1","0","0","0","300","0","0","0","0"
"8HKqT579dAjdTy86zKUs8kAaGDHXY11wDC3ohGCkLSQH","5","0","2.0.19","1","1","0.95","0.9","0.6728578361773361","0.996342184058184","0.9869649654208764","1","0.966894583426217","","0","1","1","0","0","0","301","0","0","0","0"
"AnodeNCzJGQ7QwheFqJr6EknKGa72m6XHiLtDQiXcmEc","0","10729.095030293","2.0.19","1","1","1","0.9","0.6728578361773361","0.9932777564546058","0.9578999111013335","0.9653788831202436","0.9667795597536873","","0","1","1","0","0","0","302","0","0","0","0"
"D6HbUn4FeyZWiY5ftTAxK1TXmvCLjBoPG9nRsr8z8y5g","0","0","2.0.15","0.984955614275843","1","1","0.9","0.6728578361773361","0.9884497456957306","0.981794840764064","1","0.9667761424276308","","0","1","1","1","1004.37175945","0","303","0","99894","0","99894"
"BBGumW2W9u8NEpkKeK4Gq1dCL2dUzAcLVPoPFYHwHHjm","0","11156.370234394999","2.0.19","1","1","1","0.9","0.6728578361773361","0.9932777564546058","0.9578999111013335","0.9651059994435087","0.9667619543551884","","0","1","1","0","0","0","304","0","0","0","0"
"2iWXwF2Q5W6o7yntV2mkbxncB4rYHnX61y3NU8a8EFMJ","0","0","2.0.19","1","1","1","0.9","0.6728578361773361","0.9640367518802831","0.9817267807921223","0.9605493233683261","0.9667126354161506","","0","1","1","0","0.011005925","0","305","0","0","0","0"
"GstRMuD8ZU61k7x33rSsp2J84S8bQMjK17pmJyXCdh7b","5","3500.0459080160003","2.0.19","1","1","0.95","0.9","0.6728578361773361","0.9993276242859842","0.9826269806694102","1","0.9666237570287183","","0","1","1","0","0","0","306","0","0","0","0"
"DggvF7asrbjrqvcvPPRKovy3VVvjCgvc2GnWVusxq2MP","0","0","2.0.19","1","1","1","0.9","0.6728578361773361","0.9884497456957306","0.9578999111013335","0.969341466302758","0.9665679834339586","","0","1","1","0","0","0","307","0","0","0","0"
"5BAi9YGCipHq4ZcXuen5vagRQqRTVTRszXNqBZC6uBPZ","5","0","2.0.19","1","1","0.95","0.9","0.6728578361773361","0.9926511671309333","0.9869649654208764","1","0.9665373882397089","","0","1","1","0","0","0","308","0","0","0","0"
"EbTAFfpPzoHYAbj4HoSbiJ9nYtZjwPULi6y2TxummJcw","5","0","2.0.19","1","1","0.95","0.9","0.6728578361773361","0.9926511671309333","0.9869649654208764","1","0.9665373882397089","","0","1","1","0","0","0","309","0","0","0","0"
"6hZL2FZim27WkQccMfygvvXH2eow5u3wR6XUJHbMoeWP","5","0","2.0.19","1","1","0.95","0.9","0.6728578361773361","0.9982473438171016","0.9993370027136917","0.9594620351276757","0.9660599930618096","","0","1","1","1","0.8976667819999999","62.395568474","310","135","88","0","223"
"8iLE53Y9k4sccy4gxrT936BHbhYS6J13kQT5vRXhXFMX","5","0","2.0.19","0.9983739435640283","1","0.95","0.9","0.6728578361773361","0.9926511671309333","0.9869649654208764","1","0.9660128539055245","","0","1","1","0","0","0","311","0","0","0","0"
"76j8TGM73QzGLd2KATNsCwewPVESCkVpkePQdm5PwQXT","5","0","2.0.19","0.9348400081077123","1","0.95","0.9","0.978782770911304","0.9842453647794797","0.9973477537712613","1","0.9657813784620392","","0","1","1","0","0","0","312","0","0","0","0"
"phz34EcgWRCT9otPzRS2JtSzVHxQJk4SovqJvV1TQk8","0","157.284209179","2.0.19","1","1","0.95","0.9","0.6728578361773361","0.9884497456957306","0.981794840764064","1","0.9654636862096169","","0","1","1","1","2e-9","477.23240720300004","313","814","0","0","814"
"6gNdKvKUXLsmGnhYHAa6BRtcirMEM6orhZfikoFVXen9","5","0","2.0.19","1","1","0.95","0.9","0.6728578361773361","0.9884497456957306","0.981794840764064","1","0.9654636862096169","","0","1","1","0","0","0","314","0","0","0","0"
"2het6nBRLq9LLZER8fqUEk7j5pbLxq2mVGqSse2nS3tf","5","0","2.0.19","0.9991846119550964","1","0.95","0.95","0.9255974876489999","0.9262822820374762","0.8991546660074171","0.9791866711121108","0.9653832241037188","","0","1","1","0","1e-9","0","315","0","0","0","0"
"4aFj9VyXDrqU4TnKWnMVuPaAVTaF4GZLLKZN2iZivW29","5","3891.26031785","2.0.19","1","1","0.95","1","0.9828666057562943","0.9828666057562943","0.7993843386370983","1","0.965185173655802","","0","1","1","0","0","0","316","0","0","0","0"
"5VocRSwT6cqSTB8qcJ8CsSmHCmGNnohXySHWWQRfmv3a","0","1679.403228917","2.0.19","0.9953240865289468","1","0.95","0.9","0.6728578361773361","0.9993276242859842","0.9826269806694102","1","0.9651153978445075","","0","1","1","0","0","0","317","0","0","0","0"
"8Rs4wJJVFaRmARmwSvsVSAcSsUb9ZJD4USejuHm974hH","5","650.756956172","2.0.19","1","1","0.95","0.9","0.9255974876489999","0.9262822820374762","0.8991546660074171","1","0.965090015659358","","0","1","1","0","0","0","318","0","0","0","0"
"A2MtELFxn9wAiUrobrZ6vsypQtGHdH3ZesEnvAogvuFZ","0","29346.214954090003","2.0.19","0.9835799592373412","1","1","0.92","0.6728578361773361","0.9932777564546058","0.9578999111013335","0.9998391121627069","0.9644656258975047","","0","1","1","1","0.100049303","35.641466134000005","319","32","9","0","41"
"7K8DVxtNJGnMtUY1CQJT5jcs8sFGSZTDiG7kowvFpECh","5","9813.852195053","2.0.19","0.9452730369901718","1","0.95","0.9","0.9994789818376777","0.9994789818376777","0.9510955433344132","0.973626705895747","0.9642868020715889","","0","1","1","0","135.76226584699998","15926755.361891868","320","0","0","0","0"
"LAKEuKJQYVFpf4vyjX7iuf9ajHo3k9FiyewYKf6VxPV","0","2940.388465198","2.0.19","1","1","1","1","0.6728578361773361","0.9834641161439823","0.8991546660074171","1","0.9642815059618157","","0","1","1","1","0","686.44113901","321","1166","0","0","1166"
"4ysUQbvWDjUdRprcjaBEH4V2VqPJgrPSwRsS6ATTMbiB","0","61880.804815234995","2.0.19","1","1","0.95","0.9","0.9255974876489999","0.9262822820374762","0.8991546660074171","0.9873713607533666","0.9642752647402204","","0","1","1","0","0","0","322","0","0","0","0"
"8ge8UzG9FyW4NDZ6zzZiUypnbcNQ3nUfTBKndxsmWqSB","5","0","2.0.19","0.9716663206977559","1","0.95","0.9","0.9742519037120594","0.9987815550363255","0.8927017266124783","0.9821283039209331","0.9641195223807236","","0","1","1","0","0","0","323","0","0","0","0"
"8PMeDKfxUKv4KJBBQJYPmfyZfoYYnMju6fnokRR9uT2w","0","0","2.0.19","0.9080023070901178","1","1","1","0.9943941819391231","0.9951127345422154","0.9578999111013335","1","0.9640564284777872","","0","1","1","0","0","0","324","0","0","0","0"
"EX3g83pPDBzmqhR3Butivqobds4Mx547REXycx4jAJe4","0","0","2.0.19","0.9660569371084363","1","1","0.92","0.6728578361773361","0.9980493036870545","0.9947255525312383","1","0.9640368762782308","","0","1","1","0","0","0","325","0","0","0","0"
"AZUYzQX7nrbN1iE25YsSCSZAywZcyr1C1anMnwZtaqX9","5","0","2.0.19","0.991104510849613","1","0.95","0.9","0.6728578361773361","0.9926511671309333","0.9869649654208764","1","0.9636678756105518","","0","1","1","0","80.301970876","56.300087278","326","0","0","0","0"
"DiYFYCDVurwZPVWieFsDNjG6iS2nSfBb5JQg3huY5eEu","5","0","2.0.19","1","1","0.95","0.9","0.8656153641489388","0.8728048698955717","0.9578999111013335","1","0.963624999431933","","0","1","1","0","0","0","327","0","0","0","0"
"2bm3fmyLq12943jC1UePUcvFho7y1bUik8PisvsRc2yq","5","0","2.0.19","1","1","0.95","0.9","0.6728578361773361","0.9560451816156026","0.9910843401205105","1","0.9635264057317265","","0","1","1","0","0.007000002","1.005142668","328","0","0","0","0"
"uTnZDhnbiSV3TX2obj71nFPAm2aXy83mFTFYzaBRk34","5","0","2.0.19","0.9787813390808378","1","0.95","0.9","0.9450199616641256","0.9760708980753455","0.8927017266124783","1","0.9634839649939543","","0","1","1","0","0","0","329","0","0","0","0"
"5m3oE8X1HokEpjXJv9eES98JiNuD9yp1T9TDCuxvZZDR","5","0","2.0.19","0.9639704534883184","1","0.95","0.9","0.9923455878780997","0.9937175560378543","0.8927017266124783","1","0.9634672672646084","","0","1","1","0","0","0","330","0","0","0","0"
"FACqsS19VScz8oo2YhdMg35EsAy6xsCZ9Y58eJXGv8QJ","5","153.455592328","2.0.19","1","1","0.95","0.92","0.6728578361773361","0.9560451816156026","0.9956379352671751","0.972251079359292","0.9630833263544762","","0","1","1","0","0.000001549","0","331","0","0","0","0"
"sw222BfVDABppvydacSCj3JVaPSC83RoRtyvLmr6pNx","5","0","2.0.19","1","1","0.95","0.9","0.6728578361773361","0.9932777564546058","0.9578999111013335","1","0.9628476963265749","","0","1","1","0","0","0","332","0","0","0","0"
"6F4gdYb1sqHGMeFaeEcqt8N6S2anHre2BkZM7QWo8r6N","0","120742.733360169","2.0.18","0.9679935658568254","1","1","1","0.6728578361773361","0.9640367518802831","0.9869649654208764","0.988946505355839","0.9626940148051277","","0","1","1","0","0","0","333","0","0","0","0"
"4CaonBV9LeqJ2oGhTdbNMWKFcHMbLmCnpCyvrRZtLkz3","5","94178.096652311","2.0.19","0.9520714348850764","1","0.95","0.9","0.9400525500296809","0.9477779705949491","0.9910843401205105","0.97184386459795","0.9626873693668682","","0","1","1","0","0","0","334","0","0","0","0"
"DQRqi1v2un5eSoWxCkheGyVvcxm5LiMnxmSRUXazdGVX","5","0","2.0.19","0.9829160428374648","1","0.95","0.9","0.6728578361773361","0.9976803423195538","0.9947255525312383","1","0.9625144947681591","","0","1","1","0","0","0","335","0","0","0","0"
"ErqEyaojEmRu8bhJz74mJy5MgQcyLN1rCQ5frrusAb8A","5","0","2.0.19","1","1","0.95","0.9","0.6728578361773361","0.9884497456957306","0.9578999111013335","1","0.9623804694789418","","0","1","1","0","0","0","336","0","0","0","0"
"4PsiLMyoUQ7QRn1FFiFCvej4hsUTFzfvJnyN4bj1tmSN","5","75.812415218","2.0.19","1","1","0.95","0.95","0.6728578361773361","0.9834641161439823","0.981794840764064","0.9295090942024518","0.9623324378144444","","0","1","1","0","0","0","337","0","0","0","0"
"8EKcbqKnQT9SV7hFUmfpJixZ63GL5btf74umgPQWsMUH","0","0","2.0.19","0.9698536902895257","1","1","0.9","0.6728578361773361","0.9640367518802831","0.9994752319903875","1","0.9618233470597526","","0","1","1","0","0","0","338","0","0","0","0"
"HwcVgFSgmfeeF7zGFUBLoVA8Hpx8rtwyfCrJ1npBaSVC","0","0","2.0.19","1","1","1","0.95","0.6728578361773361","0.9834641161439823","0.8991546660074171","0.9821152057188964","0.9612286160081962","","0","1","1","0","0","0","339","0","0","0","0"
"9H7v1rB2tkPUaFmW6BMNV47Qpj63crPTzmhVgpQAmz9Y","5","0","2.0.19","0.9556618832330288","1","0.95","0.9","0.9923455878780997","0.9937175560378543","0.8927017266124783","1","0.9607870833112891","","0","1","1","0","0","0","340","0","0","0","0"
"CAf8jfgqhia5VNrEF4A7Y9VLD3numMq9DVSceq7cPhNY","5","0","2.0.18","1","1","0.95","0.92","0.9255974876489999","0.9262822820374762","0.8991546660074171","0.9188196860245375","0.9606121889512637","","0","1","1","0","0","0","341","0","0","0","0"
"3Grtx7bvWU7FPZDWZRdUUmigXBSfkJUzwdZqgfAapcgz","0","50035.649929957","2.0.18","0.9500938693219784","1","1","1","0.6728578361773361","0.9926511671309333","0.9869649654208764","1","0.9604021847951858","","0","1","1","0","0","0","342","0","0","0","0"
"5szskKdH8nfnUuHTvn9hnhH3Xuvo7RVmcDDvD5WD7yNh","0","0","2.0.19","1","1","1","0.93","0.6728578361773361","0.9834641161439823","0.8991546660074171","0.9803963549726944","0.9603581095084412","","0","1","1","0","0","0","343","0","0","0","0"
"3Rk99suwAvvJgyLpDYEJeC2YPPLw1enc5T1r6J8ZoRSr","0","0","2.0.19","1","1","1","0.9","0.9400525500296809","0.9477779705949491","0.7993843386370983","0.9827985979737482","0.9602849536238741","","0","1","1","0","0","0","344","0","0","0","0"
"ACE2rAgt842mfSjaB4YYzxony4F2AogTPDNCYtCoRh2Q","0","0","2.0.19","1","1","1","0","0.9899404716429412","0.9998698522561298","0.9908960333465555","1","0.9601830526916287","","0","1","1","0","0","18.485776135","345","0","0","0","0"
"53fAQnWfTPoTQUb3AwPsUZsTTe4djRHmW8U8yztvVF8G","5","22344.175029781","2.0.19","0.9611461210394844","1","0.95","1","0.6728578361773361","0.9997617052851256","0.9994752319903875","1","0.960104287953756","","0","1","1","0","0","0","346","0","0","0","0"
"juicQdAnksqZ5Yb8NQwCLjLWhykvXGktxnQCDvMe6Nx","4","213.913491273","2.0.19","1","1","0.96","0.92","0.6728578361773361","0.9980289675092191","0.9980289675092191","0.829154013413468","0.9594558216692304","","0","1","1","1","429.6959973819996","106087.40193504198","347","6770","33714","0","40484"
"9jYFwBfbjYmvasFbJyES9apLJDTkwtbgSDRWanHEvcRw","0","0","2.0.18","1","1","1","1","0.8831955492132963","0.9214111132554376","0.7993843386370983","1","0.958972961056171","","0","1","1","0","0","0","348","0","0","0","0"
"FqavJAnX2ioPssR7NkZnSU65fVLCr3AgnghuBKfSnePE","0","3714.424997149","2.0.19","1","1","1","1","0.8831955492132963","0.9214111132554376","0.7993843386370983","1","0.958972961056171","","0","1","1","0","0","0","349","0","0","0","0"
"8wEfU2LDRFTJf57fv1FutTkp8LEW7cR2m5L7ZNNXXMCT","0","4284.51281986","2.0.19","1","1","1","1","0.8831955492132963","0.9214111132554376","0.7993843386370983","1","0.958972961056171","","0","1","1","0","0","0","350","0","0","0","0"
"2oxQJ1qpgUZU9JU84BHaoM1GzHkYfRDgDQY9dpH5mgGn","5","0","2.0.19","0.9526253957011429","1","0.95","0.9","0.9742519037120594","0.9967436622977689","0.8927017266124783","1","0.9589330857347989","","0","1","1","0","0","0","351","0","0","0","0"
"4mUZWLYoo16fe2S2xZ1DdXZHBxynRWBAf3prokBQsxac","0","16402.656935149","2.0.19","1","1","1","0.98","0.8831955492132963","0.9214111132554376","0.7993843386370983","1","0.9582133481529452","","0","1","1","0","0","0","352","0","0","0","0"
"C6o1toH7rriz2DocmgTw6JzFbJdLpQ9w2QsjeKQQinfZ","0","14639.541146819","2.0.19","1","1","1","0.98","0.8831955492132963","0.9214111132554376","0.7993843386370983","1","0.9582133481529452","","0","1","1","0","0","0","353","0","0","0","0"
"G2Qvt31y3wQDqLvnZTf1Lj91JrZ8rKUhtCP5kVJxXS9","5","0","2.0.19","0.9809184302231434","1","0.95","0.92","0.6728578361773361","0.9999118010516608","0.9578999111013335","1","0.9580939684563361","","0","1","1","0","0","0","354","0","0","0","0"
"9ymU1ayh9mZVyDL4dUUtXKtX1wCaFNzZPGutLJgqzuC1","0","10300.76898105","2.0.19","1","0.9906952206819212","1","1","0.8831955492132963","0.9214111132554376","0.7993843386370983","1","0.9574721901984163","","0","1","1","0","0","0","355","0","0","0","0"
"4gGhS4PaKHsg5GWEpo4tHhMibdHMeRa5567NVubMEBiB","0","87.554782773","2.0.19","0.9491456832584576","1","1","0.95","0.9255974876489999","0.9262822820374762","0.8991546660074171","1","0.956749913484667","","0","1","1","0","0","0","356","0","0","0","0"
"74DQRGa4oqepMGcz96obZvw5gJPEPwaPa9MTqbAfBi9F","5","0","2.0.19","0.9409754526018305","1","0.95","0.9","0.9923455878780997","0.9937175560378543","0.8927017266124783","1","0.9560495250431607","","0","1","1","0","0","0","357","0","0","0","0"
"GPjDwfsmy8A8ZpPHB4uTwZQhPnbA3mRQeRsY58uXqeDy","0","7118.492976717","2.0.19","0.9593354744142091","1","0.95","1","0.6728578361773361","0.9620262925484746","0.9998255713382287","1","0.9559135993385516","","0","1","1","0","0","0","358","0","0","0","0"
"BH7asDZbKkTmT3UWiNfmMVRgQEEpXoVThGPmQfgWwDhg","0","81.501774401","2.0.19","0.8833537034723076","1","0.95","0.99","0.9992964597949789","0.9992964597949789","0.9998506504900888","1","0.9556941269567202","","0","1","1","1","0.189170647","0","359","0","18","0","18"
"5K8qgC9nHzKHSSyo9fKLsMfYmavYdMgEaYx86cMmVKVv","0","0","2.0.19","1","1","1","0","0.9994448676839706","0.9995595992835293","0.9578999111013335","0.9816713669515141","0.9553261584363514","","0","1","1","0","0","0","360","0","0","0","0"
"EHhxJpoAZXSSmUBhUXUMNd29verm4WdmaHQ2eZtU7fWR","5","0","2.0.19","1","1","0.95","0.9","0.8656153641489388","0.8728048698955717","0.8927017266124783","0.9999694781032418","0.9552103613109997","","0","1","1","0","0","0","361","0","0","0","0"
"91ciyr81FJnZaoWcDT4PHwwdzgNp21cgH354JbCuxnwR","5","0","2.0.19","1","1","0.95","0.9","0.6728578361773361","0.9834641161439823","0.8991546660074171","1","0.954317957574719","","0","1","1","0","0","0","362","0","0","0","0"
"pgbB8erEYkTBKxyuXJRB4HrwtgyKYqeGCQnuPAH8yVw","5","989.871259547","2.0.19","1","1","0.95","0.9","0.6728578361773361","0.9834641161439823","0.8991546660074171","1","0.954317957574719","","0","1","1","0","0","0","363","0","0","0","0"
"DPhzpiNGU9C6576uLsNSHmdi2AxwxpjMsRdh2iVC4TPh","0","0","2.0.19","1","1","1","0.9","0.8831955492132963","0.9214111132554376","0.7993843386370983","0.9782971141893879","0.9537747103587122","","0","1","1","0","0","0","364","0","0","0","0"
"DSRnpPkLWLA5V2TZo3AJwe2eGfkZ4ZaCwRf2v7e4aXg7","0","36.860419267","2.0.19","0.907748034177192","1","0.95","0.9","0.9923455878780997","0.9937175560378543","0.9578999111013335","1","0.9537436719370006","","0","1","1","0","0","0","365","0","0","0","0"
"6anBvYWGwkkZPAaPF6BmzF6LUPfP2HFVhQUAWckKH9LZ","0","10.688340393","2.0.19","0.8884141079201854","1","1","1","0.9400525500296809","0.9995945753942589","0.9578999111013335","0.9851619699348392","0.9537081770877097","","0","1","1","0","4.418638762","0","366","0","0","0","0"
"3xjfK9C9YNcta8MvK1US4sQ3bc6DEjoJoR3qLExGf9xE","5","2498.349032024","2.0.19","0.9723804564782427","1","0.95","0.9","0.6728578361773361","0.9884497456957306","0.981794840764064","0.9557078747110569","0.9536965995710537","","0","1","1","1","1249.431658178","4246.544442971","367","95","49706","0","49801"
"GAnbgkZq584QAdfZZzX8aCiKvDYcqszY3jGCiwqm3a9h","5","0","2.0.19","0.891338736289829","1","0.95","0.9","0.9923455878780997","0.9937175560378543","0.9982431410954319","1","0.9536559281016058","","0","1","1","1","0","382.221522217","368","648","0","0","648"
"HkK6U5e8HkTs5uE7VEWQ2H3NuznjLF1mpoRVjzdDgfF5","0","14570.916823542","2.0.19","1","1","1","0.9","0.8831955492132963","0.9214111132554376","0.7993843386370983","0.9734945819938335","0.9534648695719022","","0","1","1","0","0","0","369","0","0","0","0"
"8mu3JHHF1Qkcrbqjo6KWxyWvTxarZjqptJTokR2jrDFo","0","0","2.0.19","0.8715422522699932","1","1","0.9","0.978782770911304","0.9998649601456693","0.999773748620403","1","0.9533528367561666","","0","1","1","1","0.016638614","0","370","0","1","0","1"
"6wrzzX8hhhwY8NVtZWJqYJJfqnkDiFq6qTZEKLv3SjZk","0","23814.867492138","2.0.19","1","1","1","1","0.8656153641489388","0.8728048698955717","0.7993843386370983","1","0.9531349255655802","","0","1","1","0","0","0","371","0","0","0","0"
"7YCDRyGNn8g3WgZg25JLB9wKuERMkj99AFc8zHAQVwSt","0","10196.263790766","2.0.19","1","1","1","1","0.8656153641489388","0.8728048698955717","0.7993843386370983","1","0.9531349255655802","","0","1","1","0","0","0","372","0","0","0","0"
"Va1idkzkB6LEmVFmxWbWU8Ao9qehC62Tjmf68L3uYKj","5","64.437410314","2.0.19","1","1","0.95","0.92","0.9828666057562943","0.9828666057562943","0.7993843386370983","0.8561345212298248","0.9528650782512746","","0","1","1","1","1.3776350410000004","260409.43248019202","373","145443","136","0","145579"
"8CKQeLWLkFXD9kg2U4y238i4eQrAxsoVtNA1dAtysbfJ","0","4554.428269447","2.0.19","1","1","1","0.98","0.7121148273160368","0.7226685233938855","0.9910843401205105","1","0.9526782124288959","","0","1","1","0","0","0","374","0","0","0","0"
"HWeDLvzf8PhbYCuNFXB9E3fiCaz8RCtHW8b52iPAboCJ","0","102616.092418396","2.0.19","0.9518815663252109","1","1","0.92","0.9828666057562943","0.9828666057562943","0.7993843386370983","0.9982581813255302","0.9526777551365495","","0","1","1","0","0","0","375","0","0","0","0"
"He4AUUbyUciqmWuAga11ucr2tM64GA3NqFXYEPmHPv6t","0","16123.461022831","2.0.19","1","1","1","0.98","0.7121148273160368","0.7226685233938855","0.9910843401205105","0.9997055009210241","0.9526592124883169","","0","1","1","0","0","0","376","0","0","0","0"
"HM5H6FAYWEMcm9PCXFbbiUFfFVLTN9UGy9AqmMQjdMRA","0","160756.657564489","2.0.18","1","1","1","1","0.6728578361773361","0.9834641161439823","0.8991546660074171","0.8181796327925952","0.9525511596903703","","0","1","1","0","0","0","377","0","0","0","0"
"EtkzFbZak1QuZUTK6woX41dhjtguoeQsh9Xh1VRVNeGv","5","1056.913479184","2.0.19","0.9586507721903983","1","0.95","0.9","0.6728578361773361","0.9916255447684242","0.9826269806694102","1","0.9525399339110183","","0","1","1","0","0","0","378","0","0","0","0"
"GbC2vzt6S2HsUAJ46Qfh3aoG6oB9y3V4T7XD7914K5na","0","62906.759643752","2.0.19","1","1","1","0.98","0.7121148273160368","0.7226685233938855","0.9910843401205105","0.9871339998919634","0.9518481479057967","","0","1","1","0","0","0","379","0","0","0","0"
"4hZueUrKETMSg3k94JihgbyCdc8nma3GcvdeKBrtWamQ","5","0","2.0.19","0.8821895581328035","1","0.95","0.9","0.978782770911304","0.9999088131108226","0.999773748620403","1","0.950626211514991","","0","1","1","0","0","0","380","0","0","0","0"
"VoTEJDVw84uZvDWcMXYgfNAVcLETHsPyPEc2nTpwZPa","0","0","2.0.19","0.8560569903488308","1","1","0.95","0.994033267172025","0.9942972902590204","0.9989821015845755","1","0.9505995714499265","","0","1","1","1","0.013698431","0","381","0","1","0","1"
"2qsJLygBZ2XoYkRtkngH4fH4CtFmzfnjARbtMSWkZAQs","0","23433.262510954","2.0.19","1","1","1","0.9","0.7121148273160368","0.7226685233938855","0.9982555246304362","1","0.9505650749463057","","0","1","1","1","326.800839861","1309.960255672","382","2223","32502","0","34725"
"VoteMYitKq7mruk9QPJRUgryYbSkyZKBuvnL1VTgoMq","0","42.656258224","2.0.19","1","1","1","0.9","0.7121148273160368","0.7226685233938855","0.9982555246304362","1","0.9505650749463057","","0","1","1","0","0","0","383","0","0","0","0"
"QUANT7qKUEW4PS4eP9jq4K35rDHpgWkWcgjbW1CwnGJ","0","0","2.0.18","1","1","1","1","0.7121148273160368","0.7226685233938855","0.9982137442358486","0.9385570725691792","0.9503936886095317","","0","1","1","0","97.88306299700011","431.891241213","384","0","0","0","0"
"42XzJdJvr1qE7zdEnPQhV5PsN9eyAcR45SWpTrifW1JB","0","0","2.0.19","1","1","1","0.9","0.7121148273160368","0.7226685233938855","0.9910843401205105","1","0.9496397608159927","","0","1","1","0","0","0","385","0","0","0","0"
"7miZ2ZoXwS3YDzBRCbWcEtNVyuxk8WbbcyQwq7i5btvZ","0","0","2.0.19","1","1","1","0.9","0.7121148273160368","0.7226685233938855","0.9910843401205105","1","0.9496397608159927","","0","1","1","0","0","0","386","0","0","0","0"
"QXmsTYFK7YT2BpP2AnvXwuRpfwmsJZpovLcUqdSjoK1","0","0","2.0.19","1","1","1","0.9","0.7121148273160368","0.7226685233938855","0.9910843401205105","1","0.9496397608159927","","0","1","1","0","0","0","387","0","0","0","0"
"9mB171rzHzYFJTSoLBEDTX4ZvzzyWW2mtBBJovy1qD2E","0","1428.480666346","2.0.18","1","1","1","1","0.6728578361773361","0.9640367518802831","0.7993843386370983","1","0.9495278478239974","","0","1","1","0","0","0","388","0","0","0","0"
"6minRorGYiA5aEeDvXL1Usat6DCdaF46owL3oANVQ8uB","5","0","2.0.19","0.9351932908155755","1","0.95","0.9","0.9450199616641256","0.9760708980753455","0.8927017266124783","1","0.9494233042632244","","0","1","1","0","0","0","389","0","0","0","0"
"SUN1nYpPJVjd3gKnDACdaUVL53LJaXR9u8e9i1jkZ3a","0","21381.545644014","2.0.19","1","1","1","0.9","0.8656153641489388","0.8728048698955717","0.7993843386370983","1","0.9493368610494513","","0","1","1","1","0","24.519676287","390","6","0","0","6"
"BLX5PkLh7GsHaqCpLDxiW3UjxfT2GMyteVAhRZBYhCts","0","6670.957196683","2.0.19","1","1","1","0.9","0.8656153641489388","0.8728048698955717","0.7993843386370983","1","0.9493368610494513","","0","1","1","0","0","0","391","0","0","0","0"
"AaxfteYTX2ftBRQfW1x6FiC8wY5dCJYgsPr8JwwMUuPZ","0","1458.410195601","2.0.19","1","1","1","0.9","0.8656153641489388","0.8728048698955717","0.7993843386370983","1","0.9493368610494513","","0","1","1","0","0","0","392","0","0","0","0"
"GRWCUtxwiSLtLGERyNyZymr77NJdko2HdDHxpVcJz6E9","0","0","2.0.19","1","1","1","0.9","0.8656153641489388","0.8728048698955717","0.7993843386370983","1","0.9493368610494513","","0","1","1","0","0","0","393","0","0","0","0"
"FSDKGroWxgBf7VmV6X1NLDhnncrWW2ekztwRWiJrPf3k","0","0","2.0.19","1","1","1","0.93","0.8656153641489388","0.8728048698955717","0.7993843386370983","0.9809736324373285","0.9492487728196014","","0","1","1","0","0","0","394","0","0","0","0"
"2ZiMfQaT59j86HVWCvspuMtBotnVBeTc3BKk3kKpwgKP","0","0","2.0.19","1","1","1","0.93","0.7121148273160368","0.7226685233938855","0.9910843401205105","0.9738804528426408","0.9490940480961632","","0","1","1","0","0","0","395","0","0","0","0"
"D3QPJm7BDzzPeRG51YZSEz3LfV7GvFNu9NkcibzURxuj","0","111343.932921739","2.0.19","1","1","1","1","0.8656153641489388","0.8728048698955717","0.7993843386370983","0.9274452435698859","0.9484539735378309","","0","1","1","0","0","0","396","0","0","0","0"
"CJ1GZixWD1WzozqZMm3v9dY2xboRYZfQuuEHzawAthen","0","0","2.0.19","1","1","1","0.9","0.8656153641489388","0.8728048698955717","0.7993843386370983","0.9821874030693044","0.9481876612474708","","0","1","1","1","0.025649755","0","397","0","2","0","2"
"Gk8yrBiy3gBWCgnHaXcEeMEyCZf9sK3kvTaSdAQAj7zm","5","0","2.0.19","0.9428672002693598","1","0.95","0.9","0.6728578361773361","0.9926511671309333","0.9869649654208764","1","0.9481074528427281","","0","1","1","0","0","0","398","0","0","0","0"
"eRuZHEsLgULocRrgw5PsuDEjWR1SrkC4aES8QsiHhF5","0","3664.727036445","2.0.19","1","1","1","0.9","0.6728578361773361","0.9916255447684242","0.7993843386370983","0.9934283024070542","0.9479756860007241","","0","1","1","0","0","0","399","0","0","0","0"
"725My2yzg5ZUpQtpEtivLT7JmRes2gGxF3KeGCbYACDe","0","82255.240144118","2.0.19","1","1","1","0.9001","0.8656153641489388","0.8728048698955717","0.7993843386370983","0.9773510079426033","0.9478794338199418","","0","1","1","0","0","0","400","0","0","0","0"
"3NXnw51gHc2rDWTCWU4eVpP1yHyKKbJa1p6JDgMkmiDa","0","0","2.0.19","1","1","1","0.9","0.6728578361773361","0.9966750434612545","0.7993843386370983","0.9828599197446671","0.9477825160250376","","0","1","1","0","0","0","401","0","0","0","0"
"FVhMWs3bbayWpUqDAbWUPH813gzFzJEo8fzhLhhkGstp","0","122156.896393959","2.0.19","1","1","1","0.91","0.7121148273160368","0.7226685233938855","0.9910843401205105","0.9611564366327006","0.9475135309213282","","0","1","1","1","1e-9","15263.871174379","402","25938","0","0","25938"
"F4UVoVGgmd2aJwnfz3eojQ92P9AvYbRG51z1xnEj8tFy","5","0","2.0.19","0.9231662926771264","1","0.95","0.9","0.9450199616641256","0.9961267510255337","0.8927017266124783","1","0.9474845164395495","","0","1","1","0","0","0","403","0","0","0","0"
"CogentC52e7kktFfWHwsqSmr8LiS1yAtfqhHcftCPcBJ","0","153.757421806","2.0.18","1","1","1","0.5","0.6728578361773361","0.9884497456957306","0.981794840764064","0.8520990620741672","0.9468949160208533","","0","1","1","1","151.737203055","7774.934429132","404","13210","15090","0","28300"
"Cn9bZCGSYN57GsTfJ5YLCy8HMejHZqrBQkv99eusJtEH","0","89672.62311983801","2.0.19","1","1","1","0.9","0.7121148273160368","0.7226685233938855","0.9910843401205105","0.9522363674413041","0.9465582361347865","","0","1","1","0","0","0","405","0","0","0","0"
"7PmWxxiTneGteGxEYvzj5pGDVMQ4nuN9DfUypEXmaA8o","0","81.875702705","2.0.19","0.9301290928616546","1","1","0.9","0.6728578361773361","0.9834641161439823","0.981794840764064","0.968048066559739","0.9465462724380289","","0","1","1","0","0","1.675979774","406","0","0","0","0"
"F8vL85h6Je7XQYZBwwQPy7fbHd4rf81pTVE47Y2VpjNS","0","0","2.0.18","1","1","1","0.9","0.7121148273160368","0.7226685233938855","0.9578999111013335","1","0.9453578990070667","","0","1","1","0","1e-9","1320.591107665","407","0","0","0","0"
"8ztfVJM7Yf7CMXqTGMGBkXmTkGCiJTgVfh1CYDZZND5b","5","1092.735590651","2.0.19","0.9997453590530492","1","0.95","0.92","0.7121148273160368","0.7226685233938855","0.9982555246304362","1","0.9450770617376117","","0","1","1","0","0","0","408","0","0","0","0"
"akVU92YQV5hNTuzLBkF3RZCzKydZokyvzL7WdPF3D57","5","0","2.0.19","0.8641315297718696","1","0.95","0.95","0.978782770911304","0.9842453647794797","0.9973477537712613","1","0.9448712241601543","","0","1","1","0","0","0","409","0","0","0","0"
"ESjX2jRuvdr2a47JfEKjP24gNsgreE9PvSpkw4t5Xn2M","5","0","2.0.19","1","1","0.95","0.9","0.7121148273160368","0.7226685233938855","0.9998547930443848","1","0.944605948290041","","0","1","1","0","0","0","410","0","0","0","0"
"HMLfMHdETcGSqPGAr38rSiwewsSZvLPMMPALc5pggtiW","5","2601.596748752","2.0.19","1","1","0.95","0.9","0.7121148273160368","0.7226685233938855","0.9982555246304362","1","0.944399591075338","","0","1","1","0","0","0","411","0","0","0","0"
"F19Lw3eT39uTa9bPRvqePP6DyukTeAP86ctrceHoJUTX","5","0","2.0.19","0.8671201418199432","1","0.95","0.9","0.978782770911304","0.9842453647794797","0.998578664892833","1","0.9440950875461873","","0","1","1","0","0","0","412","0","0","0","0"
"23utbQdXgsucDPTVcaRQiTZMrKPhQ1nmg4iRNdHDNwTb","0","0","2.0.19","1","1","1","0.9","0.7121148273160368","0.7226685233938855","0.9578999111013335","0.9804037774187159","0.9440936265824676","","0","1","1","0","0","0","413","0","0","0","0"
"abc1zP7ihWsgQW8z5YmfQNqMckJE5Dfx8fwUNMNVNkY","5","0","2.0.19","1","1","0.95","0.9","0.7121148273160368","0.7226685233938855","0.9982137442358486","0.9937246046509228","0.9439893358406121","","0","1","1","0","271.104779236","0","414","0","0","0","0"
"Fbnesg4kSDDoFbjaSiDQJ3GXHHAnNb1CJCgLQp4dxj4C","5","54663.333104655","2.0.19","1","1","0.95","0.9","0.7121148273160368","0.7226685233938855","0.9982555246304362","0.9917043650419698","0.9438643888199812","","0","1","1","0","0","0","415","0","0","0","0"
"5frYQSynysBe1akCVK9tNBJ5j8jgBgUsjAXAgqHxvykJ","0","0","2.0.19","1","1","1","0.9","0.7121148273160368","0.7226685233938855","0.9578999111013335","0.9710476864714895","0.9434900078116789","","0","1","1","0","0","0","416","0","0","0","0"
"J6hFEnGhsGxTyss6DNW9aNQskPZ98gD8P6Wo1F5MBsCK","5","0","2.0.19","1","1","0.95","0.9","0.7121148273160368","0.7226685233938855","0.9910843401205105","1","0.943474276945025","","0","1","1","0","0","0","417","0","0","0","0"
"EBVj3uwSKZpqEb1K267JaPxDQhULVqCy6hYeQqjsPh81","0","0","2.0.19","1","1","1","0.9","0.7121148273160368","0.7226685233938855","0.9578999111013335","0.9682946968858692","0.9433123955803486","","0","1","1","0","0","0","418","0","0","0","0"
"9r5ifZdqmyK6fqB7t8WXPAibCW9xgizniaihFPpWkaP7","5","0","2.0.19","0.9062611117865563","1","0.95","0.9","0.9742519037120594","0.9894652015748715","0.8927017266124783","1","0.9432724979504584","","0","1","1","0","0","0","419","0","0","0","0"
"1Dadio3JRvpEjY6iSmXmhbGy9RiU8Nxh2GmoVbNusbE","0","45502.417430587","2.0.19","1","1","1","0.9","0.7121148273160368","0.7226685233938855","0.9578999111013335","0.9601791958691774","0.9427888148695942","","0","1","1","0","0","0","420","0","0","0","0"
"7okgo2YWz8fgNLAHSmAFwqPF59GMq9QuTSFSzPkkVcq7","0","2163.972519229","2.0.19","1","1","1","0.93","0.9400525500296809","0.9477779705949491","0.6452141135898177","1","0.942641208587209","","0","1","1","0","0","0","421","0","0","0","0"
"R1vAoSPFQdCc6wsAEMtxWXjqptSeN1YUiq2Zni1of21","5","0","2.0.19","0.9178285502240491","1","0.95","0.9","0.7121148273160368","0.9980265088130214","0.9817267807921223","0.9921315769111526","0.9418998374291105","","0","1","1","0","0.448526049","1.708140145","422","0","0","0","0"
"kpkkSzKLha44i5ij2eyTf8Aju9eQTEixeR8ktmvtDgT","5","0","2.0.19","0.8550442042711148","1","0.95","0.9","0.978782770911304","0.9995805621774541","0.9995805621774541","1","0.9418129522508365","","0","1","1","0","0","0","423","0","0","0","0"
"9BUaTrUWHVpwq4mN5YTWLD5cYy3UtyRSwzg5v2hyNFNm","5","0","2.0.19","0.9577047702961465","1","0.95","0.9","0.8656153641489388","0.8728048698955717","0.8927017266124783","1","0.9415687079805152","","0","1","1","0","0","0","424","0","0","0","0"
"9V3Yy2fYZt65so3xg6wmnUiG1mDQvgkTJYTsn3YPkgLH","5","0","2.0.19","0.8528583421541222","1","0.95","0.9","0.978782770911304","0.9995805621774541","0.9995805621774541","1","0.9411078354389034","","0","1","1","0","0","0","425","0","0","0","0"
"DSzLJLUQD55sxaCsJBHLFSV1SYngMmT7oY8rLpFhyGgb","3","0","2.0.19","1","1","0.97","0.9","0.6728578361773361","0.9560451816156026","0.7993843386370983","0.9929409045833987","0.9408016897069895","","0","1","1","0","0","0","426","0","0","0","0"
"sandyGeU5cX65Hn1dqjxrtmtGFTUgCtxuYzyrghTPYB","5","0","2.0.19","1","1","0.95","0.9","0.7121148273160368","0.7226685233938855","0.9578999111013335","1","0.9391924151360989","","0","1","1","0","0","0","427","0","0","0","0"
"5okzFSJ474W7xZ75Xztdcvr4Kh61ZQzEW7eZisCdHxzc","0","1609.138685216","2.0.19","1","1","1","1","0.8831955492132963","0.9214111132554376","0.6452141135898177","1","0.9390800287920057","","0","1","1","0","0","0","428","0","0","0","0"
"LodezVTbz3v5GK6oULfWNFfcs7D4rtMZQkmRjnh65gq","1","57.929222751","2.0.19","0.9019663653585517","1","0.99","0.92","0.6728578361773361","0.9926511671309333","0.9869649654208764","0.9753396792848621","0.9390146466963296","","0","1","1","1","3.0000000000000004e-9","1473.7409734","429","2505","0","0","2505"
"76DafWkJ6pGK2hoD41HjrM4xTBhfKqrDYDazv13n5ir1","5","1904.93287994","2.0.19","1","1","0.95","0.9","0.6728578361773361","0.9560451816156026","0.7993843386370983","1","0.9387909216693509","","0","1","1","1","0","252.255518352","430","424","0","0","424"
"voEskim7SFWrPx1tV2PVisqyrJejxmDEARX11mtZ5vo","0","1.536554263","2.0.19","0.8891735415800306","1","1","1","0.6728578361773361","0.9834641161439823","0.981794840764064","0.9738629092176769","0.9375080199380172","","0","1","1","0","0","5.533973765","431","0","0","0","0"
"DdAvpE1oUuV1sNUxLgtCfC6ZwhgdyPksoXU9EfYdXL5U","5","0","2.0.19","0.8879669441045154","1","0.95","0.9","0.9742519037120594","0.9894652015748715","0.8927017266124783","1","0.9373711535368967","","0","1","1","0","0","0","432","0","0","0","0"
"7spi8Z1CpG1AezUpjHQ5rGKxw2dBoeTfBmQxqT1YkS9y","0","0","2.0.19","1","1","1","0.93","0.8831955492132963","0.9214111132554376","0.6452141135898177","1","0.9364213836307155","","0","1","1","0","0","0","433","0","0","0","0"
"8yPiZWMNYMhEqTmPSRc6LsWLFC8pewYEzmgc5kRCLTrZ","0","0","2.0.18","1","1","1","1","0.8831955492132963","0.9214111132554376","0.6452141135898177","0.9577720021526177","0.93635564183411","","0","1","1","0","0","0","434","0","0","0","0"
"3JFt7NBHuz7bR1wbWVKgGLkZx9QPwnkuW2sx2nREgbbr","0","0","2.0.19","1","1","1","0.92","0.8831955492132963","0.9214111132554376","0.6452141135898177","1","0.9360415771791025","","0","1","1","0","0","0","435","0","0","0","0"
"9gY4S2LkL6QJwBU7hpDFEMKcvb7tvdqW29UfobazJG5i","0","0","2.0.19","1","1","1","0.92","0.8831955492132963","0.9214111132554376","0.6452141135898177","1","0.9360415771791025","","0","1","1","0","0","0","436","0","0","0","0"
"SwMV2YNK7ahUx5LMDqLhMBFC1QfBAkxUxihr7roLjVT","5","0","2.0.19","0.9417185690696785","1","0.95","0.9","0.6728578361773361","0.9834641161439823","0.8991546660074171","1","0.9355174959842927","","0","1","1","0","0","0","437","0","0","0","0"
"8W4JH1JgFuB6qY6En5zyVZH1qLAr2hafCaXGFZaKpRFm","0","0","2.0.18","1","1","1","0.9","0.8831955492132963","0.9214111132554376","0.6452141135898177","1","0.9352819642758767","","0","1","1","0","0","0","438","0","0","0","0"
"53ANFYA6BCDzdtiEeWawm5bqsH1Qgmjog8oMo5N4o4wU","0","0","2.0.19","1","1","1","0.92","0.8831955492132963","0.9214111132554376","0.6452141135898177","0.9810078654195915","0.9348162781739149","","0","1","1","0","0","0","439","0","0","0","0"
"WiFKWdvXypmu9nk4RwuMDh28YbVAp66TigPHUxH5iYY","0","0","2.0.15","0.9627117592408297","0.6793338656104602","1","0.96","0.9973349686360685","0.9981220304307233","0.9999996357037938","1","0.9343782416722606","","0","1","1","1","0","4923.432944702","440","785","0","0","785"
"Ha5QeKj9o3u1116qohTcSqEhPRJgUUKSLxS1n5Phgq85","5","0","2.0.19","0.831076032073442","1","0.95","0.9","0.978782770911304","0.9995805621774541","0.9995805621774541","1","0.9340812837999743","","0","1","1","0","0","0","441","0","0","0","0"
"FKyoehgzXD6KVSQoHJuTteXGCrChYe65k98wMckr9MN8","5","1006.066182142","2.0.19","0.8361446127198254","1","0.95","0.9","0.978782770911304","0.9842453647794797","0.9984035931264601","1","0.9340803914795207","","0","1","1","0","0","0","442","0","0","0","0"
"GioetmC79nLRnN7VDfHaq8coWAEFPJKu9py59uUqdV5U","5","0","2.0.19","0.9014328836515342","1","0.95","0.9","0.7121148273160368","0.9980265088130214","0.9578999111013335","1","0.9340441181287681","","0","1","1","0","0","0","443","0","0","0","0"
"H2tJNyMHnRF6ahCQLQ1sSycM4FGchymuzyYzUqKEuydk","3","2.925679274","2.0.19","0.8716343402115406","1","0.97","0.93","0.9742519037120594","0.9894652015748715","0.8927017266124783","0.9685307370050723","0.9336779095072322","","0","1","1","0","0","0","444","0","0","0","0"
"DsiG71AvUHUEo9rMMHqM9NAWQ6ptguRAHyot6wGzLJjx","0","211.613286101","2.0.19","1","1","1","0.92","0.6728578361773361","0.9916255447684242","0.7993843386370983","0.7583517716822964","0.9335690711152558","","0","1","1","1","131.297682871","531.491187401","445","901","13056","0","13957"
"Ehdn9LdjTAURQSMoDPERXLehtvzy7QD762wwPkzGT7RS","5","0","0.302.20104","0.9775575042120523","1","0.95","0","0.8831955492132963","0.9214111132554376","0.9986844888381541","1","0.9333034656666466","","0","1","1","0","142.416136236","9788519.036838643","446","0","0","0","0"
"55gncCYVFXYZhjD5a3aemVVtiHaVwfzu2R4axgamGLwV","5","0","2.0.19","0.8279112875221253","1","0.95","0.9","0.978782770911304","0.9995805621774541","0.9995805621774541","1","0.9330603984608399","","0","1","1","0","0","0","447","0","0","0","0"
"4NTGFvib9jutwo2GZbXSomgMoeJmoFv66T1mup4Kd8o6","5","0","2.0.19","0.8971403450181932","1","0.95","0.9","0.8831955492132963","0.9707507348025519","0.8927017266124783","1","0.9326446341763256","","0","1","1","0","0","0","448","0","0","0","0"
"AS3nKBQfKs8fJ8ncyHrdvo4FDT6S8HMRhD75JjCcyr1t","0","0","2.0.18","1","1","1","0.9","0.8656153641489388","0.8728048698955717","0.7993843386370983","0.7394514778080887","0.9325272789725537","","0","1","1","1","83.5798662","28191.35126252","449","47895","8314","0","56209"
"Ea3QDFfHSEPbTDKPaDSKwcYYK4unXR5HEuqeiQKU5Scr","5","0","2.0.19","0.9323596842564078","1","0.95","0.9","0.6728578361773361","0.9834641161439823","0.8991546660074171","1","0.9324985008832376","","0","1","1","0","0","0","450","0","0","0","0"
"4dmBLJcchyfucSxkVmrymmsnVpZm3rBkp7kbF7qHTTYW","5","0","2.0.19","0.9655405141656044","1","0.95","0.9","0.7121148273160368","0.7226685233938855","0.9982137442358486","0.9858028409441728","0.9323622911387586","","0","1","1","0","0","0","451","0","0","0","0"
"6559KMdiUseNSAkRcK9WcFcNTppoj6jWtKVedpMkBYCn","5","0","2.0.19","1","1","0.95","0.9005","0.7121148273160368","0.7226685233938855","0.8991546660074171","1","0.931631373833658","","0","1","1","1","19.762161273","2775.7728248819994","452","4716","1965","0","6681"
"JAc59DHJCxu9T1xSP1eaMD82aH3jGNqvwQYZkfA4JLy3","5","0","2.0.19","1","1","0.95","0.9","0.7121148273160368","0.7226685233938855","0.8991546660074171","1","0.9316123835110774","","0","1","1","0","0","0","453","0","0","0","0"
"gangtRyGPTvYWb8K3xS2feJQaCks4iJ7rytFUPtVqSY","0","0","2.0.19","1","1","1","1","0.6728578361773361","0.9876546553588523","0.6452141135898177","0.9926879086451549","0.9314487712929294","","0","1","1","0","6.643934021","377.358737496","454","0","0","0","0"
"74PrnaiKU5q8SJX4H9Jis7xyzMUNoSesizn7FhFZaxfG","0","0","2.0.19","0.7964175589613319","1","1","0.95","0.994033267172025","0.9942972902590204","0.9989821015845755","1","0.9313610451958946","","0","1","1","0","0","0","455","0","0","0","0"
"EkLA4nA5jtM2t2FkNWo6XWAyvQyaJJUZoX5p7LMawoaz","5","0","2.0.19","0.887134422596349","1","0.95","0.9","0.8656153641489388","0.9993661262224051","0.8927017266124783","1","0.931051943205758","","0","1","1","0","1e-9","0","456","0","0","0","0"
"Anv7J9kMdJWr1aU6rQvQyd24zBp5GscP8NeDpRqGKz8e","5","969.261703679","2.0.19","0.8976893491840404","1","0.95","0.9","0.6728578361773361","0.9992899775566786","0.9578999111013335","1","0.9304260884280788","","0","1","1","0","0","0","457","0","0","0","0"
"StepeLdhJ2znRjHcZdjwMWsC4nTRURNKQY8Nca82LJp","7","2427.403028071","2.0.19","0.9630749239517807","1","0.93","0","0.9984566485363041","0.9984579635243177","0.9578999111013335","0.9121057274200282","0.9301246944002827","","0","1","1","1","6043.207233141011","8610.634359946998","458","405","422921","0","423326"
"3nYnW8z3Aum5U6HiVLJkR71rauWPW2hyvngye4t25rPt","0","1999.388232379","2.0.19","1","1","1","0.92","0.6728578361773361","0.998845800841095","0.6452141135898177","1","0.9299650815882976","","0","1","1","1","21.258492769","3342913.522037533","459","406627","1974","0","408601"
"voteRnv6PBzmiGP8NicWtQiqEJTwKKq2SxtqtdLUJjd","0","0","2.0.20","1","1","1","0","0.6728578361773361","0.9932777564546058","0.9968690925065954","0.8441089228178531","0.9298013921735669","","0","1","1","1","103.42439970399995","4611.302485299","460","7838","10287","0","18125"
"5csconnhG1Z2JBGoACCiFyrhCg31pAecXa3ugymbyMw5","5","8711.296831729","2.0.19","0.8972681196296102","1","0.95","0.9","0.6728578361773361","0.9932777564546058","0.9578999111013335","1","0.929708380078062","","0","1","1","0","0","0","461","0","0","0","0"
"ET5johBaPyWugD2Mx1zbTCvvbedxZFURembUHng1rzfZ","0","0","2.0.18","1","1","1","0.9","0.8656153641489388","0.8728048698955717","0.6452141135898177","1","0.9294439287852859","","0","1","1","0","0","0","462","0","0","0","0"
"4MpRU9fDDSQNNTeb4v5DPZZTKupYancGksH679AKLBnt","5","16.479596176","2.0.18","0.8850487072928629","1","0.95","0.92","0.6728578361773361","0.9884497456957306","0.981794840764064","1","0.92914223694925","","0","1","1","0","0","0","463","0","0","0","0"
"ESaLvDNR7FVdf4sR1edjAGN678ts24s8VGirvPq9q7H3","5","1050.029500812","2.0.19","0.9523216801841408","1","0.95","0.9","0.7121148273160368","0.7226685233938855","0.9982555246304362","1","0.9290194879089317","","0","1","1","0","0","0","464","0","0","0","0"
"644K33yWfSzc32VvY5fRUfUqphw8LTaLQntCkyEpJ8h7","0","0","2.0.19","0.8638867647474386","1","1","0.99","0.6728578361773361","0.9978329471577722","0.9578999111013335","1","0.928964767926055","","0","1","1","1","0","1192.462385004","465","2027","0","0","2027"
"EdGevanAjM8a6Gg9KxBVrmVdZAUGAZ9xaVd7t9R4H2x","0","0","2.0.19","1","1","1","0.5","0.7121148273160368","0.7226685233938855","0.9578999111013335","0.9784653264687","0.9287763071663375","","0","1","1","0","2e-9","0","466","0","0","0","0"
"3R4effnUPr3sDo5wdegPBnqTmKTZhKkbgL1wxYw7w4B6","0","0","2.0.19","1","1","1","0.92","0.6728578361773361","0.998845800841095","0.6452141135898177","0.980736668706951","0.9287222860210042","","0","1","1","0","0","0","467","0","0","0","0"
"G9oM5tuM9E9r4Q9N5cNbm7NbT8bGuaQFdJ7QTPXVYHeJ","5","0","2.0.19","0.8136629700790018","1","0.95","0.9","0.978782770911304","0.9995805621774541","0.9995805621774541","1","0.9284641670275743","","0","1","1","0","0","0","468","0","0","0","0"
"7emL18Bnve7wbYE9Az7vYJjikxN6YPU81igf6rVU5FN8","0","0","2.0.19","1","1","0.98","1","0.8656153641489388","0.8728048698955717","0.6452141135898177","0.9614350346805949","0.9282877374743563","","0","1","1","0","0","0","469","0","0","0","0"
"GwjRJdT9nKmegq6a8nyvEPfoQZUSPp6N4KmWAUMo76aU","5","0","2.0.19","0.8166708538061763","1","0.95","0.9","0.978782770911304","0.9842453647794797","0.998578664892833","1","0.9278211236707786","","0","1","1","0","0","0","470","0","0","0","0"
"vvvvXsU6iG2enDVvs4KeVqS4YrZczTujSv5p3dSeNHx","0","0","2.0.19","1","1","1","0.9","0.6728578361773361","0.9840596301802241","0.6452141135898177","1","0.9277745489436974","","0","1","1","1","0","331.828095219","471","567","0","0","567"
"B1u3QSjYXHhiD4iWo6t3MwbSnRXjtsguMYZjYGXu3FZK","5","65994.714513875","2.0.19","0.947072451086152","1","0.95","0.9","0.7121148273160368","0.7226685233938855","0.9982555246304362","0.9914919701088551","0.9267772830456357","","0","1","1","0","0","0","472","0","0","0","0"
"JBaE8QhwFwka2kZxdF1DJHKb7XGdSRuiWutVB9SyENbJ","5","0","2.0.19","0.8795630759379087","1","0.95","0.9001","0.6728578361773361","0.9834641161439823","0.981794840764064","1","0.9261343833297407","","0","1","1","0","0","0","473","0","0","0","0"
"4qvFxnUXYjBdcviCwVV7gKcGJMCENEBfS82hSLJUhyvu","4","49.055840322","2.0.19","0.862874491131154","1","0.96","0.92","0.6728578361773361","0.996342184058184","0.9869649654208764","0.992353201216768","0.9241599161276709","","0","1","1","1","3.6686596879999995","35.493807685","474","32","364","0","396"
"5yHqB3NxovCEMUniQCboaPRMyyQ7kQQF4QqvC4vaz78z","0","0","2.0.18","0.8388099430830632","1","1","1","0.6728578361773361","0.9640367518802831","0.9998309630938713","1","0.9233951358452142","","0","1","1","1","1859.894997652","0","475","0","24402","0","24402"
"9K67smfw8hDXmtnR7uvP62WrKUcB7oZ8cvpsB1hmrCzf","5","0","2.0.19","0.8811498517155671","1","0.95","0.9","0.8831955492132963","0.9214111132554376","0.8927017266124783","1","0.9227116084451126","","0","1","1","0","0","0","476","0","0","0","0"
"4VYA9PECtNzDRXNHKepzMprS1Y6nxKF4oRRnwkJqQZys","0","53451.280912332004","2.0.18","0.8326055099799778","1","1","1","0.6728578361773361","0.9926511671309333","0.9869649654208764","1","0.9225027140397017","","0","1","1","0","0","0","477","0","0","0","0"
"5RCD4pZcKH3NHN4XHxvsnVAawSaConLgsZbreSN5dXpZ","5","0","2.0.19","0.8558066827359347","1","0.95","0.9","0.6728578361773361","0.9997617052851256","0.9994752319903875","1","0.9223257594687402","","0","1","1","0","0","0","478","0","0","0","0"
"punK4RDD3pFbcum79ACHatYPLLE1hr5UNnQVUGNfeyP","5","0","2.0.19","0.8692682929268959","1","0.95","0.9","0.7121148273160368","0.9980265088130214","0.9578999111013335","0.9633070046383241","0.9213011536781317","","0","1","1","0","0","0","479","0","0","0","0"
"6m4ZwGp8zCuqjBoAn11pYAQun2FwSMe86RwPbqpf34YC","0","33664.744742136","2.0.18","0.8287277816872196","1","1","1","0.6728578361773361","0.9926511671309333","0.9869649654208764","1","0.9212518339452636","","0","1","1","0","0","0","480","0","0","0","0"
"6k6Yo8kmwssvayHTzp8K4jtVwmyRyjvQx6T96DNJAdYH","5","0","2.0.19","0.8371555807834703","1","0.95","0.9","0.9742519037120594","0.9894652015748715","0.8927017266124783","1","0.9209803911752693","","0","1","1","0","0","0","481","0","0","0","0"
"8xV77wuFP5BkMDdb1845hRRWZNbDNAbcV75BjMuViWpf","5","0","2.0.19","0.8624733215982854","1","0.95","0.9","0.9255974876489999","0.9262822820374762","0.8991546660074171","1","0.9207265710136437","","0","1","1","0","0","0","482","0","0","0","0"
"3d86H85gXsgFr7qu9hwCdPn4xHtWmw37QXjEiFc1wB63","0","117205.42799427899","2.0.18","0.8027901667343071","1","1","1","0.8831955492132963","0.9214111132554376","0.9962464436666872","0.9955495814596441","0.9204713239716779","","0","1","1","0","0","0","483","0","0","0","0"
"6Wi4bMzio6PGnHXg39zBMjGp5vgphLBB2k238DzPBqhz","5","0","2.0.19","0.8469581309143126","1","0.95","0.9","0.8831955492132963","0.9707507348025519","0.8927017266124783","1","0.9164568231750739","","0","1","1","0","0","0","484","0","0","0","0"
"CyxKaD6TayfbCRx6mSrLpPY1YSLofdVZKA6BSThXWfXS","0","71963.808562737","2.0.18","0.8137251768116351","1","1","1","0.6728578361773361","0.9926511671309333","0.9869649654208764","1","0.9164122839853976","","0","1","1","0","0","0","485","0","0","0","0"
"mintrNtxN3PhAB45Pt41XqyKghTTpqcoBkQTZqh96iR","7","444.765180951","2.0.19","0.9707305646127232","1","0.93","0","0.6728578361773361","0.9926511671309333","0.9869649654208764","0.9347661395809046","0.9162382245393554","","0","1","1","0","924.6778591299999","2744975.427248179","486","0","0","0","0"
"5yFNiQbTabGCMzvfyrhjiMAH1g6VEcs7uHe4W3KyYwR7","0","93253.849676921","2.0.18","0.9167062600118543","1","1","1","0.7121148273160368","0.7226685233938855","0.8991546660074171","0.9963590001077226","0.9144720802960447","","0","1","1","0","0","0","487","0","0","0","0"
"31BQ9aXoHU7TpJ4uQHyYGZW4JVb62LefFWW53NpeSYmB","5","0","2.0.19","0.8680025321337619","1","0.95","0.9","0.8656153641489388","0.8728048698955717","0.8927017266124783","1","0.9126325021216813","","0","1","1","0","0","0","488","0","0","0","0"
"F9BQ33SM3CWo3wUK4GZwnKUWciKMB7pF54no9cKzj68u","5","5228.569807595","2.0.19","0.7704710667857962","1","0.95","0.9","0.9400525500296809","0.9999458986217938","0.9999458986217938","1","0.9121150663958026","","0","1","1","0","0","0","489","0","0","0","0"
"GMiBDMmwFRZfxVuHt3bXe6ZF7mGUBGWKXHLfY97NwQ72","5","0","2.0.19","0.7737559436245216","1","0.95","0.9","0.9923455878780997","0.9937175560378543","0.9578999111013335","1","0.9105204169200102","","0","1","1","1","1e-9","10455.845701503","490","4356","0","0","4356"
"9HkDHk27SwpNdVuAjWvxx8d1Pg8HYUNCC721okcvj9Eg","5","0","2.0.19","0.7986049716265685","1","0.95","0.9","0.9450199616641256","0.9961267510255337","0.8927017266124783","1","0.9073034451329179","","0","1","1","0","0","0","491","0","0","0","0"
"BtUD8v5vEXJ8CSUo2qQq4vqQxKSiLKUp1bxeeGLJsPXM","0","913.337062739","2.0.19","0.7342317908318949","1","1","0.9","0.9939855840925584","0.9939855840925584","0.9826269806694102","1","0.907258508111593","","0","1","1","0","0","0","492","0","0","0","0"
"3r5ZXC1yFqMmk8VwDdUJbEdPmZ8KZvEkzd5ThEYRetTk","5","0","2.0.18","0.8872184117424133","1","0.95","0.92","0.6728578361773361","0.9640367518802831","0.7993843386370983","0.9940913991018595","0.9035615547797345","","0","1","1","0","0","0","493","0","0","0","0"
"F1uC4BM1KbAHfpcJALXcZNvuxqbrYkC3Mt5ka8tcf5Hj","5","0","2.0.19","0.8137513537430227","1","0.95","0.9","0.8656153641489388","0.8728048698955717","0.9578999111013335","1","0.9035447909619405","","0","1","1","0","0","3.054112984","494","0","0","0","0"
"5LSs29bKmRBDSJE61jAbEcW9KSzKo5Zd8iuidU5yApKy","5","9.289177041","2.0.19","0.7374779098463977","1","0.95","0.9","0.9939855840925584","0.9939855840925584","0.9826269806694102","1","0.9021401594065938","","0","1","1","0","0","0","495","0","0","0","0"
"GBj57rgnT8gvFdU7awQ1u4toKxMGcHGHp6VVRXz34qyV","5","0","2.0.19","0.78027982234253","1","0.95","0.9","0.9450199616641256","0.9961267510255337","0.8927017266124783","1","0.9013921066541958","","0","1","1","0","0","0","496","0","0","0","0"
"2uXoWb4tuNZ72wAdQDfGn42PzRQ2kZD2x6ZDt3urwPrv","5","0","2.0.19","0.8283387803301141","1","0.95","0","0.978782770911304","0.9999954082109284","0.9999954082109284","1","0.8991093936322659","","0","1","1","0","0","0","497","0","0","0","0"
"93JNyhEhzyNQWAyqNRyCE8GN1jTAfR2NBT87hnrnYvAM","5","0","2.0.19","0.7550710311722841","1","0.95","0.9","0.9742519037120594","0.9967436622977689","0.8927017266124783","1","0.8952058713706509","","0","1","1","0","0","0","498","0","0","0","0"
"BLADE1qNA1uNjRgER6DtUFf7FU3c1TWLLdpPeEcKatZ2","3","0","2.0.18","1","1","0.97","0","0.6728578361773361","0.993183219326107","0.9931240017654509","0.34938394928333305","0.8936919753535955","","0","1","1","0","6.035788267999999","39.085662549000006","499","0","0","0","0"
"7wqiBhRVEkbV3A8LbR9W1eNb5s27CBwoRCVro1okB6ew","0","0","2.0.19","0.822665257163808","1","1","0.92","0.6728578361773361","0.9966750434612545","0.7993843386370983","1","0.8924431848040294","","0","1","1","0","0","0","500","0","0","0","0"
"DR3Gt31cATSx4T6qRTaWcPzLKP3FSYpqrZ74iDHVm5A5","5","0","2.0.19","0.7430648708621559","1","0.95","0.9","0.9742519037120594","0.9998686097048597","0.8927017266124783","1","0.8916353306971022","","0","1","1","0","0","0","501","0","0","0","0"
"BYNXBFkB89FoRCJ4VxFE9Tfde3anECjZjasTP8qSYQUi","5","0","2.0.19","0.6964745662905838","1","0.95","0.9","0.978782770911304","0.9842453647794797","0.9984035931264601","1","0.8890255377926686","","0","1","1","0","0","0","502","0","0","0","0"
"9DR48EtgDzh3Gx5HiiQikZn9c2y12casm1bcUMuurV2x","5","0","2.0.19","0.7322139948882158","1","0.95","0.9","0.6728578361773361","0.9926511671309333","0.9869649654208764","1","0.8801548059455849","","0","1","1","0","1e-9","0","503","0","0","0","0"
"FyrSH4VeQidMVPQ9AE2szAbP5xBZBprRG3z1QMMLNi5X","5","0","2.0.19","0.736157060962632","1","0.95","0.92","0.6728578361773361","0.9884497456957306","0.9578999111013335","1","0.8780294568862425","","0","1","1","0","0","0","504","0","0","0","0"
"SLNDoinxE7cCgE5ga6FJZ19F4FiUaEmtzSatbY6cjWy","5","0","2.0.19","0.7275210730300832","1","0.95","0.9","0.6728578361773361","0.9926511671309333","0.9869649654208764","0.9902070737805738","0.8780091584933212","","0","1","1","0","0","1675056.490461404","505","0","0","0","0"
"Rn3ERP5cLVcB4oWRZpoujk5VRPM7SLrM2txPVHGYwn2","5","0","2.0.19","0.6151598699203458","1","0.95","0.9","0.6728578361773361","0.9932777564546058","0.9578999111013335","1","0.8387057188815252","","0","1","1","1","740.6096585280001","24721.170363671","506","166","8771","0","8937"
"FwLsjPJdnSiuCvs1NXyR1cV6Sw5GRE6Lj2s1gZ9NNTmv","0","0","2.0.19","1","1","1","0.97","0.994033267172025","0.9942972902590204","0.9989821015845755","1","0.9977924132728843","NO_BOND","0","0","0","1","0","0","507","0","0","0","0"
"siLaRwjLu35b9uRkwz1aiToUGyjoy4JTTgHMBDj3924","0","0","2.0.19","0.9929391429174333","1","1","1","0.9994739327754141","0.9994739327754141","0.9999079001638447","1","0.9976255707647349","NO_BOND","0","0","0","1","6.747672233","616.858201666","508","0","0","0","0"
"Hmq1oALENff8DejgYhJxB4njb6pyCtuMKKxotdZicB4n","0","0","2.0.19","1","1","1","1","0.9973349686360685","0.9981220304307233","0.9817267807921223","1","0.9972884887655741","NO_BOND","0","0","0","1","0","0","509","0","0","0","0"
"3QPGLackJy5LKctYYoPGmA4P8ncyE197jdxr1zP2ho8K","0","0","2.0.19","1","1","1","0.95","0.9964378211968397","0.9964378211968397","0.9964378211968397","0.9799652565537725","0.9957742227057774","NO_BOND","0","0","0","1","0","0","510","0","0","0","0"
"4KfAqBj3Jvi9GGngFK1MbZkjHTcSFyvhFnVwc2QrNiEh","0","0","2.0.19","1","1","1","0.92","0.9984401416940147","0.9996106840828192","0.9920893467473748","0.9867696932885639","0.994948939006552","NO_BOND","0","0","0","1","0","0","511","0","0","0","0"
"6D9w8FRw5EFr5qtZEphPpughN3W8zc8p6zMXg4PFuaXL","0","0","2.0.19","0.9926888926858981","1","1","1","0.9973349686360685","0.9981220304307233","0.9817267807921223","1","0.9949300670513476","NO_BOND","0","0","0","1","0","0","512","0","0","0","0"
"7PNPJyCAi72hqQk6faVSnnPh79fn3rFipcRhX8N4FSa2","0","0","2.0.19","1","1","1","0.9","0.978782770911304","0.9992728138473728","0.9998824511221177","1","0.9947475415436516","NO_BOND","0","0","0","1","0","0","513","0","0","0","0"
"8sHMgX4GyEByphQm8b8ESKJhSpveSMrnwh4Y4pt8t8FD","0","0","2.0.19","1","1","1","0.9","0.978782770911304","0.9842453647794797","0.9973477537712613","1","0.9929662145563255","NO_BOND","0","0","0","1","0","0","514","0","0","0","0"
"7LR33GiYcNS333LpdccyytkfPUytcZt3ZnVn7CRvW4pT","0","0","2.0.19","1","1","1","0.9","0.978782770911304","0.9842453647794797","0.9945183580082584","1","0.9926011312320672","NO_BOND","0","0","0","1","0","0","515","0","0","0","0"
"9f7dqiYNBZbgPesAnLeWnKCtxYHSfMg5x1EMZCJwVwG7","0","0","2.0.19","1","1","1","0.9","0.9923455878780997","0.9937175560378543","0.9578999111013335","1","0.989667854460487","NO_BOND","0","0","0","1","0","0","516","0","0","0","0"
"323d4ZiSqS1PwGwpJwD88jNPaGqkm7YYW2tJt2T8iFzo","0","0","2.0.19","1","1","1","0.9","0.9923455878780997","0.9937175560378543","0.9578999111013335","1","0.989667854460487","NO_BOND","0","0","0","1","0","0","517","0","0","0","0"
"C4UD55ynixANA7brHZTyBwPN2uL3YYRwn2d1x3TgShvi","5","0","2.0.19","1","1","0.95","0.9","0.9944187197385863","0.9998244167706359","0.9999415865107167","1","0.9896518398655468","NO_BOND","0","0","0","1","0","0","518","0","0","0","0"
"ABA59L7zGDUYDjDPpP7yQ1DxLfXoFfjJJ5MRnBQNs87k","5","0","2.0.19","1","1","0.95","0.9","0.9944187197385863","0.9998244167706359","0.9999415576058147","1","0.9896518361358819","NO_BOND","0","0","0","1","0","0","519","0","0","0","0"
"Dcd4JMKNuAzoSbV48FmpmdiA1iPZ1FpZp4QPjBXdrNj1","5","0","2.0.19","1","1","0.95","0.9","0.9944187197385863","0.9998244167706359","0.9999412932078344","1","0.9896518020200136","NO_BOND","0","0","0","1","0","0","520","0","0","0","0"
"CTQjcSEuAN8Hs5SJ2F9rTJbJAAKxY5cyCXLzRSiD4JPr","5","0","2.0.19","1","1","0.95","0.9","0.9964378211968397","0.9964378211968397","0.9964378211968397","1","0.9890022706700502","NO_BOND","0","0","0","1","0","0","521","0","0","0","0"
"sBcuGeMJCRkdtMNgskLTX7MePb4CzCqZuyMKDrcPP8v","5","0","2.0.19","1","1","0.95","0.9","0.9923455878780997","0.9937175560378543","0.9982431410954319","1","0.9887079486532739","NO_BOND","0","0","0","1","0","0","522","0","0","0","0"
"8b3JPQtHbw8MBJQNwUDVXC6xfaL26UNx6WA3GShGy5Vw","5","0","2.0.19","1","1","0.95","0.9","0.9939855840925584","0.9939855840925584","0.9910843401205105","1","0.987915976804672","NO_BOND","0","0","0","1","0","0","523","0","0","0","0"
"CtombV3RrUSMKJEjnhTALqFTxKg4uLmYzRex348LRxSH","5","0","2.0.19","1","1","0.95","0.9","0.9984566485363041","0.9984579635243177","0.9826269806694102","1","0.9875459713007485","NO_BOND","0","0","0","1","0","0","524","0","0","0","0"
"7StQWSBg1tCFRqQ2GUEUn9owmZuyacUiD3xQ2djXDFpd","5","0","2.0.19","1","1","0.95","0.9","0.9973349686360685","0.9981220304307233","0.9826269806694102","1","0.9874410952013533","NO_BOND","0","0","0","1","0","0","525","0","0","0","0"
"89jnaTMuq5aXUkmpLbykRNaU16i7Du6QywqqPeCPT1Dy","5","0","2.0.19","1","1","0.95","0.9","0.9973349686360685","0.9981220304307233","0.9826269806694102","1","0.9874410952013533","NO_BOND","0","0","0","1","0","0","526","0","0","0","0"
"7ECQ4mUCMpxF8kchT5sHg5JpwV9eves7yme4GB72m1uk","0","0","2.0.19","1","1","0.95","0.9","0.9899404716429412","0.9910285485972158","0.9908960333465555","1","0.9873445394343147","NO_BOND","0","0","0","1","0","0","527","0","0","0","0"
"9FNVvTw3kPyb3239RKakAXUfkmZzi5TDnH4hdwksRBig","5","0","2.0.19","1","1","0.95","0.9","0.9899404716429412","0.9910285485972158","0.9908960333465555","1","0.9873445394343147","NO_BOND","0","0","0","1","0","0","528","0","0","0","0"
"CUoE2FDBKfmPsEN5NSH8xToXcybbJrbNaBHKdpYgNaQB","0","0","2.0.19","1","1","0.95","0.9","0.978782770911304","0.9842453647794797","0.998578664892833","1","0.9869595579268509","NO_BOND","0","0","0","1","0","0","529","0","0","0","0"
"4vggdLQRGJYvBkgbVh6kEWhyBzua1yYVpZKh4GeiLo6w","5","0","2.0.19","1","1","0.95","0.9","0.978782770911304","0.9842453647794797","0.9984035931264601","1","0.9869369680215124","NO_BOND","0","0","0","1","0","0","530","0","0","0","0"
"Cc6B7VmLhvqoBghrPwKTkZScC1fcXB15zkSGVBM6pTSS","5","0","2.0.19","1","1","0.95","0.9","0.978782770911304","0.9842453647794797","0.9973477537712613","1","0.9868007306853577","NO_BOND","0","0","0","1","0","0","531","0","0","0","0"
"B7DUniSub7p8yro7SbMibfLEkF9TFCPYKoyX8reDtJnm","5","0","2.0.19","1","1","0.95","0.9","0.978782770911304","0.9842453647794797","0.9967559257545269","1","0.9867243657799727","NO_BOND","0","0","0","1","0","0","532","0","0","0","0"
"8EwqVDPwa773DXfymS5dhvahabfjTSB3qxnpq9kR7bNp","5","0","2.0.19","1","1","0.95","0.9","0.978782770911304","0.9842453647794797","0.9945183580082584","1","0.9864356473610993","NO_BOND","0","0","0","1","0","0","533","0","0","0","0"
"StakeyJXE1yJbEApBVswHN4JdZXcj7V5MHbzffa4dFp","5","0","2.0.19","1","1","0.95","0.92","0.9899404716429412","0.9910285485972158","0.9908960333465555","0.9677876033820851","0.9860259332009007","NO_BOND","0","0","0","1","0","0","534","0","0","0","0"
"9zbNraMowU2bvCJb8GB9poN2dRaLR4pCwmDco42yfYUk","5","0","2.0.19","0.9908662838391594","1","0.95","0.9","0.978782770911304","0.9999275842645733","0.9995588924877536","1","0.9856573129986753","NO_BOND","0","0","0","1","0","0","535","0","0","0","0"
"CooLbbZy5Xmdt7DiHPQ3ss2uRXawnTXXVgpMS8E8jDzr","0","0","2.0.19","1","1","1","1","0.9742519037120594","0.9957784992903463","0.9578999111013335","0.8805392969198","0.9847908885012933","NO_BOND","0","0","0","1","0","0","536","0","0","0","0"
"4z9rbspUBsnZmTQbWSSPETkXmWHfhzQXXc289Z3m6XcJ","0","0","2.0.18","1","1","1","1","0.8831955492132963","0.9214111132554376","0.9962464436666872","1","0.9843745229954728","NO_BOND","0","0","0","1","0","0","537","0","0","0","0"
"CxFe8PsDXAuzgZzP7N8um59iL517Lz8SWtPahbfU9zVo","0","0","2.0.18","1","1","1","1","0.8831955492132963","0.9214111132554376","0.9962464436666872","1","0.9843745229954728","NO_BOND","0","0","0","1","0","0","538","0","0","0","0"
"goJiRADNdmfnJ4iWEyft7KaYMPTVsRba2Ee1akDEBXb","0","0","2.0.19","1","1","1","1","0.8831955492132963","0.9214111132554376","0.9962464436666872","1","0.9843745229954728","NO_BOND","0","0","0","1","0","0","539","0","0","0","0"
"7bshVP74UGL7gn6CTEztizxKsZrcmwPmB4rT1tVbU3vH","5","0","2.0.19","0.986211360853848","1","0.95","0.9","0.9923455878780997","0.9937175560378543","0.9982431410954319","1","0.9842600005416119","NO_BOND","0","0","0","1","0","0","540","0","0","0","0"
"AvDxkBtVZgauCHTMLMUMFCG2GfnsN9zv2qXbrgAoWUmA","5","0","2.0.19","0.9914295997767257","1","0.95","0.9","0.978782770911304","0.9842453647794797","0.998578664892833","1","0.9841949126935366","NO_BOND","0","0","0","1","0","0","541","0","0","0","0"
"83pBJ852VuvrX8yaJgNSeYiEmgP98WuUGoADtaZUuqMR","5","0","2.0.19","1","1","0.95","0.9","0.9943941819391231","0.9951127345422154","0.9578999111013335","1","0.9837695552229105","NO_BOND","0","0","0","1","0","0","542","0","0","0","0"
"8vumofCfwJXMWKcBufRnMicvUmXp41pxa4nMGysSpcWq","5","0","2.0.19","1","1","0.95","0.9","0.9923455878780997","0.9937175560378543","0.9578999111013335","1","0.9835023705895193","NO_BOND","0","0","0","1","0","0","543","0","0","0","0"
"6csfbzZEnk7kGJRy7Xg4cgAuRdFCUdrjckzRnnY1Qj55","5","0","2.0.19","1","1","0.95","0.9","0.9923455878780997","0.9937175560378543","0.9578999111013335","1","0.9835023705895193","NO_BOND","0","0","0","1","0","0","544","0","0","0","0"
"BdDF74LLy8a2o95pXLzMx2ribFE4SDWCfDMkq9MRx4yb","5","0","2.0.19","1","1","0.95","0.9","0.9923455878780997","0.9937175560378543","0.9578999111013335","1","0.9835023705895193","NO_BOND","0","0","0","1","0","0","545","0","0","0","0"
"AtBb8cCroMeGNhiF2H5eAzfqnHLn6jS5mZtWFhszwKnp","5","0","2.0.19","1","1","0.95","0.9","0.9923455878780997","0.9937175560378543","0.9578999111013335","1","0.9835023705895193","NO_BOND","0","0","0","1","0","0","546","0","0","0","0"
"b3d74rXdGgdw9XeqRWgAnm7bsZgg9mf5J5hjZMqKxRD","0","331.614548733","2.0.19","0.97135956548428","1","1","0.9","0.9899404716429412","0.9910285485972158","0.9908960333465555","0.9809197005903761","0.9830401864028164","","0","0","0","1","0","0","547","0","0","0","0"
"FqhGYvSrTwEnJv4VHJZx1oEtd5fewYcdi2CPsbKnSYhy","5","0","2.0.19","1","1","0.95","0.9","0.8831955492132963","0.9996514959675472","0.9996514959675472","1","0.9824219861354652","NO_BOND","0","0","0","1","0","0","548","0","0","0","0"
"7fARjzLYPH77jVBPyUfptJGbi4aXfN4FAfs8W89BWZDC","5","0","2.0.19","1","1","0.95","0.9","0.8831955492132963","0.9996514959675472","0.9996514959675472","1","0.9824219861354652","NO_BOND","0","0","0","1","0","0","549","0","0","0","0"
"EPrq1DvsWqX9CHBKgMU7gxvNvPbqRLhbqz2QzHcPFzab","5","0","2.0.19","0.9809670811787127","1","0.95","0.9","0.9973349686360685","0.9981220304307233","0.9910843401205105","1","0.9823927161559185","NO_BOND","0","0","0","1","0","0","550","0","0","0","0"
"HNXuDfYtRnRjcUJHqfNg6sKzeqfz3YBCXeZQEBwZJg16","5","0","2.0.19","1","1","0.95","0.9","0.9450199616641256","0.9753748972900845","0.9826269806694102","1","0.9818645979960048","NO_BOND","0","0","0","1","0","0","551","0","0","0","0"
"gridZ5cMHjWGktAQt6o36NtF7XSv19nJBrW83zmo7BM","5","0","2.0.19","1","1","0.95","0.9","0.9828666057562943","0.9828666057562943","0.9578999111013335","0.999245485754707","0.9817920530547168","NO_BOND","0","0","0","1","0","0","552","0","0","0","0"
"kWEiSEQZMeLAbMUiz1njRTZEjuSpJDCgVynB6pJHpcr","5","0","2.0.19","0.9824172348399187","1","0.95","0.9","0.9899404716429412","0.9910285485972158","0.9908960333465555","1","0.9816726797052562","NO_BOND","0","0","0","1","0","0","553","0","0","0","0"
"5afRnmkFn1pRU9oussqwk1RRBVyoDgUkL16Jz4qNf574","0","0","2.0.18","1","1","1","0.9","0.8831955492132963","0.9214111132554376","0.9964973969201761","1","0.9806088395443101","BLACKLIST,NO_BOND","1","0","0","1","0","0","554","0","0","0","0"
"3Z1N2Fkfha4ThNiRwN8RnU6U8dkFJ92DH2TFyLWJf8cj","5","0","2.0.19","0.9779690615697073","1","0.95","0.9","0.9899404716429412","0.9910285485972158","0.9908960333465555","1","0.9802377851019621","NO_BOND","0","0","0","1","0","0","555","0","0","0","0"
"Lf3iQuTNKqJoBdTCWJmX1YRKBc3TC4B3YZdfzidRN93","5","0","2.0.19","0.9771193871640909","1","0.95","0.9","0.9899404716429412","0.9910285485972158","0.9908960333465555","1","0.9799636965840213","NO_BOND","0","0","0","1","0","0","556","0","0","0","0"
"8nJRto45oS8fqqmdFMsm6rJ96rZewKanr1V9NetCF3on","5","0","2.0.19","0.97709135001468","1","0.95","0.9","0.9899404716429412","0.9910285485972158","0.9908960333465555","1","0.9799546523422759","NO_BOND","0","0","0","1","0","0","557","0","0","0","0"
"B7Z2u3Uw4xvu7s9wtBiV3YmWdr7vEm3r6ZL2jytxQvtY","5","0","2.0.19","0.972996396544427","1","0.95","0.9","0.9899404716429412","0.9998698522561298","0.9908960333465555","1","0.9794893096414439","NO_BOND","0","0","0","1","0","0","558","0","0","0","0"
"GyGjudkJs6Ss6Vu1U8rGSFVLPQsXsqiM8F5yY43Uegda","5","0","2.0.19","0.9678412855647154","1","0.95","0.9","0.9982434557106112","0.9982434557106112","0.9987495050742483","1","0.9792180049837808","NO_BOND","0","0","0","1","0","0","559","0","0","0","0"
"4565LXcdfFzN9bHqo1eCZRogsgQREf4oiyjoKuWu7XTX","5","0","2.0.15","0.973083060239171","1","0.95","0.9","0.9997972663471231","0.9999425467054133","0.9826269806694102","1","0.9790932483187045","NO_BOND","0","0","0","1","0","0","560","0","0","0","0"
"4AUED4uj6nSTuANzaAUnGBPJQRmhpDYDwoWJNkoUUBBW","4","0","2.0.15","0.9722462665856502","1","0.96","0.92","0.9973349686360685","0.9981220304307233","0.9826269806694102","0.9667947686056961","0.9783387146551561","NO_BOND","0","0","0","1","0","0","561","0","0","0","0"
"8Xt3wSSftRb6L7iRiC2SRU9UQop4S9ZaGzWv3ZH6PSTD","5","0","2.0.19","0.9714711678930122","1","0.95","0.9","0.9899404716429412","0.9910285485972158","0.9908960333465555","1","0.9781416903675444","NO_BOND","0","0","0","1","0","0","562","0","0","0","0"
"8c15zdteBtxxcffHsegtppNK9eG9JPye9gL4kCppZmKr","0","0","2.0.19","1","1","1","1","0.6728578361773361","0.9976803423195538","0.9947255525312383","1","0.9779889970786544","NO_BOND","0","0","0","1","0","0","563","0","0","0","0"
"B9aUcoqmbxJgbPb28oVoZg6WsXUj6Hf6Wu5P7CUbJ6NU","5","0","2.0.19","0.9694647088323481","1","0.95","0.9","0.9899404716429412","0.9910285485972158","0.9908960333465555","1","0.9774944455092656","NO_BOND","0","0","0","1","0","0","564","0","0","0","0"
"D7WodK26tETSqyWBW35vvMGfige9afLEyTsm1Pvvropd","0","0","2.0.19","1","1","1","0.9","0.7121148273160368","0.9985694523652534","0.9985694523652534","1","0.9773056716512534","NO_BOND","0","0","0","1","0","0","565","0","0","0","0"
"T2B5S9sTJCRi9mcpCbHi2rAdqfT3Y7tsm6ahnWhvH75","5","0","2.0.19","0.991737395402071","1","0.95","0.9","0.9400525500296809","0.9477779705949491","0.9910843401205105","1","0.9772993653660308","NO_BOND","0","0","0","1","0","0","566","0","0","0","0"
"2LdPsE15gum8SDCExPHuhYz2Gx66gxaETQcUruDoavSv","0","0","2.0.19","1","1","1","0.92","0.9450199616641256","0.9753748972900845","0.8927017266124783","1","0.9771864361822071","NO_BOND","0","0","0","1","0","0","567","0","0","0","0"
"6VSu1wCkeugWdSB3ZgCCFSAttu5XTuSWVRD1vJVPVQXq","5","0","2.0.19","0.968212185934502","1","0.95","0.9","0.9899404716429412","0.9910285485972158","0.9908960333465555","1","0.9770904058647991","NO_BOND","0","0","0","1","0","0","568","0","0","0","0"
"4u1Wi5yANaD9ABmi8xpdUYGLQSFxghX1D6LfgzdzrhdG","5","0","2.0.19","0.9678979541111595","1","0.95","0.9","0.9899404716429412","0.9910285485972158","0.9908960333465555","1","0.9769890407604952","NO_BOND","0","0","0","1","0","0","569","0","0","0","0"
"4GN2gRpWbtx7REhN7gS9AsEkZy8QmA5xv4eTGiGafGuF","5","0","2.0.19","0.9675401172228956","1","0.95","0.9","0.9899404716429412","0.9910285485972158","0.9908960333465555","1","0.9768736095062164","NO_BOND","0","0","0","1","0.016357683","0","570","0","0","0","0"
"FQ5Hc8CgnBBFT87QYt72SVVYGEk677fZHDKH1wX2TeQ5","0","0","2.0.19","0.9959682510694372","1","1","1","0.6728578361773361","0.9980493036870545","0.9947255525312383","1","0.9767241388462955","NO_BOND","0","0","0","1","0","0","571","0","0","0","0"
"EbWmbjxUrq8uifB4gCJLaxv7joYmsXL4qVpX26xYMFBh","5","0","2.0.19","0.9615320350018713","1","0.95","0.9","0.9973349686360685","0.9981220304307233","0.9910843401205105","1","0.9761233464214536","NO_BOND","0","0","0","1","0","0","572","0","0","0","0"
"14YCghb1uYPreALx6arirtPAnoGghoPH2Ac6gCmNQdq7","5","0","2.0.19","0.9798081002701952","1","0.95","0.9","0.8831955492132963","0.9996514959675472","0.9996514959675472","1","0.9759084700935927","NO_BOND","0","0","0","1","0","0","573","0","0","0","0"
"Bewcdni677FmBYHE49XWmCZx7NJJKDRjnvwKJt8FKMqg","5","0","2.0.19","0.9636402902212108","1","0.95","0.9","0.9899404716429412","0.9910285485972158","0.9908960333465555","1","0.9756156007959954","NO_BOND","0","0","0","1","0","0","574","0","0","0","0"
"68q1YeY3QJoL3DF3umVKkCFARYh931sQTbZbRtYthGu9","5","0","2.0.19","1","1","0.95","0.92","0.8831955492132963","0.9214111132554376","0.9962464436666872","1","0.9751705875116018","NO_BOND","0","0","0","1","0","0","575","0","0","0","0"
"2WH4BuYLSfZGVPzhorGKvkCye51U3AiiVicxZbfNccvz","5","0","2.0.19","0.9552723274188757","1","0.95","0.9","0.9982434557106112","0.9982434557106112","0.9987495050742483","1","0.9751635023560905","NO_BOND","0","0","0","1","0","0","576","0","0","0","0"
"66fsNu5A6iB1WUXGjuBMBXm2qYQrbtc385bcVYaVu7QD","5","0","2.0.19","0.9619060823774386","1","0.95","0.9","0.9899404716429412","0.9910285485972158","0.9908960333465555","1","0.9750561789109077","NO_BOND","0","0","0","1","0","0","577","0","0","0","0"
"C616NHpqpaiYpqVAv619QL73vEqKJs1mjsJLtAuCzMX6","0","0","2.0.19","1","1","1","0.9","0.7121148273160368","0.9980265088130214","0.9817267807921223","0.9984237952817923","0.9749781901549424","NO_BOND","0","0","0","1","0","0","578","0","0","0","0"
"HhsdMwhsaUgAtYZ2pedFEWZwsAhGZsjLF3sjFquS1H2Y","5","0","2.0.19","1","1","0.95","0.9","0.8831955492132963","0.9214111132554376","0.9964973969201761","1","0.9744433556733424","NO_BOND","0","0","0","1","0","0","579","0","0","0","0"
"7CW3zdKsfzCVDZBXsKcimqkGS7nuHEsz4KB1oysfec2K","5","0","2.0.19","1","1","0.95","0.9","0.8831955492132963","0.9214111132554376","0.9964973969201761","1","0.9744433556733424","NO_BOND","0","0","0","1","0","0","580","0","0","0","0"
"3yoaBCgeuNNCK7SWqUdSvbjKZdj9BeN3neQc647oUV8g","5","0","2.0.19","1","1","0.95","0.9","0.9742519037120594","0.9987815550363255","0.8927017266124783","1","0.9744124315800972","NO_BOND","0","0","0","1","0","0","581","0","0","0","0"
"BJipnsRJCxgcMoYc7Env7ee2YASTtwLuyvD23AsJ3E6U","0","0","2.0.19","1","1","1","0.9","0.8831955492132963","0.9214111132554376","0.9578999111013335","0.9792679442138846","0.9742909668072907","NO_BOND","0","0","0","1","0","0","582","0","0","0","0"
"DMPhNJFSvi34NmfcqR4B5rdKgDYY3kZbXpdXJBL4cJ1q","0","0","2.0.19","1","1","0.95","0.92","0.9742519037120594","0.9894652015748715","0.8927017266124783","1","0.9742704618902788","NO_BOND","0","0","0","1","0","0","583","0","0","0","0"
"9b9Th2hxmgf49rzs2mQcg1hHoasmQT51DDwUH1jFtPtk","5","0","2.0.19","1","1","0.95","0.9","0.9742519037120594","0.9967436622977689","0.8927017266124783","1","0.974215216153785","NO_BOND","0","0","0","1","0","0","584","0","0","0","0"
"Gd5ngiHe5vQbDW6EbQ1wNNsvumwL1M3ranZ3xh4Wy8Hm","0","0","2.0.19","1","1","1","0.9","0.6728578361773361","0.9976803423195538","0.9947255525312383","1","0.9741909325625254","NO_BOND","0","0","0","1","0","0","585","0","0","0","0"
"7dz4Zpj4bt6T6DsF8Lt3GKpWrkUXCXdmKxK2UGeAG2bi","5","0","2.0.19","1","1","0.95","0.9","0.9742519037120594","0.9946009434037487","0.8927017266124783","1","0.9740078562608154","NO_BOND","0","0","0","1","0","0","586","0","0","0","0"
"G3zgPda4Pr8hspBGYbVQmvQBqpep4zU9ngf9qbP71XMn","0","0","2.0.19","1","1","1","0.92","0.6728578361773361","0.997676663488398","0.997676663488398","0.9789831841233838","0.9739750543554913","NO_BOND","0","0","0","1","0","0","587","0","0","0","0"
"5ykxx3TJTfvkeV71NkJSMTdGMfTm6oV5vVA8bPkv59mw","5","0","2.0.19","0.957693458074171","1","0.95","0.9","0.9899404716429412","0.9910285485972158","0.9908960333465555","1","0.9736972678453375","NO_BOND","0","0","0","1","0","0","588","0","0","0","0"
"4m1PbxzwLdUnEwog3T9UKxgjktgriHgE1CfAhMqDw7Xx","5","0","2.0.19","0.9568139287831327","1","0.95","0.9","0.9973349686360685","0.9981220304307233","0.9826269806694102","1","0.9735101044862347","NO_BOND","0","0","0","1","0","0","589","0","0","0","0"
"A5tXuTBECLBm7DwHcUvPJrqFbzCuBpj2Vm57E8vnnq5W","5","0","2.0.19","0.9472278250307695","1","0.95","0.9","0.9982434557106112","0.9982434557106112","0.9987495050742483","1","0.9725685015857337","NO_BOND","0","0","0","1","0","0","590","0","0","0","0"
"77i1Ryv5bLp45yNeJCwCU28f37fGYspvRtGbNyxsD6Qe","0","0","2.0.19","0.9690968322925718","1","1","1","0.8831955492132963","0.9214111132554376","0.9817267807921223","1","0.9725322543318423","NO_BOND","0","0","0","1","0","0","591","0","0","0","0"
"4KAmS9X8tGJPPzDdwT9Fa9F1y3GZEoacGhMqJ6zstUXN","0","0","2.0.19","1","1","1","1","0.6728578361773361","0.9978329471577722","0.9578999111013335","0.9848736671943131","0.9722761771813532","NO_BOND","0","0","0","1","0","0","592","0","0","0","0"
"SBLZib4npE7svxFA7AsD3ytdQAfYNb39c8zsU82AA2E","0","0","2.0.15","1","1","1","1","0.9828666057562943","0.9828666057562943","0.7993843386370983","1","0.9713506575267699","NO_BOND","0","0","0","1","0","0","593","0","0","0","0"
"StakeSuWAzutXc386d7PRaSJLWrNfh5iBhqxqGCkmZ8","0","0","2.0.19","0.9339773636155863","1","1","1","0.9742519037120594","0.9957784992903463","0.9578999111013335","1","0.9712004059953662","NO_BOND","0","0","0","1","0","0","594","0","0","0","0"
"tssGAMwuwFBfJbPeyXTzMvGekdWcVi72Nqg1qzaabEM","5","0","2.0.19","0.9492665319458091","1","0.95","0.9","0.9899404716429412","0.9910285485972158","0.9908960333465555","1","0.9709789045781241","NO_BOND","0","0","0","1","0","0","595","0","0","0","0"
"HymVLhdKah8BrZj4FAXJJYH8nhWGqjqvFvPFJM5L5VNa","5","0","2.0.19","1","1","0.95","0.9","0.9450199616641256","0.9753748972900845","0.8927017266124783","1","0.9702613394080136","NO_BOND","0","0","0","1","0","0","596","0","0","0","0"
"aVotE2iXaXUVKeTWaHtKbSkkUqH96zC6kTKyonzHQZ4","0","0","2.0.16","1","1","1","0.92","0.6728578361773361","0.9978329471577722","0.9578999111013335","1","0.9702136180075266","NO_BOND","0","0","0","1","1471.8270769740002","0","597","0","0","0","0"
"46aWpTtjQaTRL81dWXg19H5V2Jf2rg1Cy3hzr76vJDSf","5","0","2.0.19","0.9479073348055085","1","0.95","0.9","0.978782770911304","0.9842453647794797","0.9973477537712613","1","0.9699966451387476","NO_BOND","0","0","0","1","0","0","598","0","0","0","0"
"8iQ1B7D8eUpiJonRswHTBoy1WUEuj4JtPk4BzZqG3SD4","5","0","2.0.19","1","1","0.95","0.98","0.6728578361773361","0.996342184058184","0.9869649654208764","1","0.9699330350391202","NO_BOND","0","0","0","1","0","0","599","0","0","0","0"
"HvuXZAhAqSekCFueQ92DqxhuFvdBRrWeyA6uea6ZaS8q","0","0","2.0.19","1","1","1","0.9","0.6728578361773361","0.9993276242859842","0.9578999111013335","1","0.9695986512779987","NO_BOND","0","0","0","1","0","0","600","0","0","0","0"
"7z3wq9dTjdRBKGpapQv6FugsdSUKxZTEEkzSFaUG1noE","5","0","2.0.19","0.955275385549166","1","0.95","0.9","0.9923455878780997","0.998722284180443","0.9578999111013335","1","0.9695594041353072","NO_BOND","0","0","0","1","0","0","601","0","0","0","0"
"steakxfubt37xYdvuXz7BV5Uhhhk1FyJx9zGHfDcTVr","0","0","2.0.19","1","1","1","0.9","0.6728578361773361","0.9640367518802831","0.9817267807921223","1","0.9692578403601295","NO_BOND","0","0","0","1","0","0","602","0","0","0","0"
"5CcxrEwDtJYJWatpYd3Ngo5TjZa61WTR279KetxRXJde","5","0","2.0.19","0.9864760883120491","1","0.95","0.9","0.9742519037120594","0.9894652015748715","0.8927017266124783","1","0.9691482968296495","NO_BOND","0","0","0","1","0","0","603","0","0","0","0"
"3aHzcWLrkY2QrcDSR3bMbFWURRJWFojxh3o8wbEghXZ9","5","0","2.0.19","0.9583478217814693","1","0.95","0.9","0.8831955492132963","0.9996514959675472","0.9996514959675472","1","0.9689857996133584","NO_BOND","0","0","0","1","0","0","604","0","0","0","0"
"QxAyeuVu3oWJt9BBCcuSphvXADPic7hq9dXSwLYssmo","5","0","2.0.19","1","1","0.95","0.9","0.6728578361773361","0.9999397314202567","0.9999397314202567","1","0.9689168965256925","NO_BOND","0","0","0","1","0","0","605","0","0","0","0"
"GAnFgdPQ8WvnsFKgPsZ5peuSqmGzSznZbJaqN97kPxjt","5","0","2.0.19","0.9376045116223347","1","0.95","0.9","0.9923455878780997","0.9937175560378543","0.9982431410954319","1","0.9685803717572528","NO_BOND","0","0","0","1","0","0","606","0","0","0","0"
"SQDSVTDfE5HqL7D6RjZk1vvZhaheWoskrDdDHCki68w","4","0","2.0.19","1","1","0.96","0.92","0.6728578361773361","0.9926511671309333","0.9869649654208764","1","0.9685300979171283","NO_BOND","0","0","0","1","0","0","607","0","0","0","0"
"GjZdDp7emowSgB21XaV9BCcStSBjypDPA3bZtc1494DU","5","0","2.0.19","1","1","0.95","0.9","0.6728578361773361","0.9980493036870545","0.9947255525312383","1","0.968061154630348","NO_BOND","0","0","0","1","0","0","608","0","0","0","0"
"34nZYTMHzQcrWFQ7v47t34B7AzSbJgwLVehaZxTRPQwn","5","0","2.0.19","1","1","0.95","0.9","0.6728578361773361","0.9980493036870545","0.9947255525312383","1","0.968061154630348","NO_BOND","0","0","0","1","0","0","609","0","0","0","0"
"8qPCNWqVehF1Sc7YgUKUr7DUZtt514WHF71Wah8ZTkgR","5","0","2.0.19","1","1","0.95","0.9","0.6728578361773361","0.9980493036870545","0.9947255525312383","1","0.968061154630348","NO_BOND","0","0","0","1","0","0","610","0","0","0","0"
"62AZkVfjLRXmNtW3guA2nsXv7MmzQsCWmscwkFzwts1k","5","0","2.0.20","1","1","0.95","0.9","0.6728578361773361","0.9999415871045847","0.9931240017654509","1","0.96803762712033","NO_BOND","0","0","0","1","0","0","611","0","0","0","0"
"CwrJAdkEp7fibRs8Th989tX8gFyJo88jVoK9HmaSCkP7","5","0","2.0.19","1","1","0.95","0.9","0.6728578361773361","0.9976803423195538","0.9947255525312383","1","0.9680254486915577","NO_BOND","0","0","0","1","0","0","612","0","0","0","0"
"CKLRSR1fxYybR553rjwknHdnShRFmYAcCZWvoTExBqBp","5","0","2.0.19","1","1","0.95","0.9","0.6728578361773361","0.9976803423195538","0.9947255525312383","1","0.9680254486915577","NO_BOND","0","0","0","1","0","0","613","0","0","0","0"
"Aq9DBA3EtBRU19Vk1NKBCEReRaZNv9eSR2VexgbZteu3","5","0","2.0.19","1","1","0.95","0.9","0.6728578361773361","0.9976803423195538","0.9947255525312383","1","0.9680254486915577","NO_BOND","0","0","0","1","0","0","614","0","0","0","0"
"9CJCtwxXQvnSTiTWvyWJgXqpJL8oGedtUft89X5eLHQL","5","0","2.0.19","1","1","0.95","0.9","0.6728578361773361","0.9976803423195538","0.9947255525312383","1","0.9680254486915577","NO_BOND","0","0","0","1","0","0","615","0","0","0","0"
"E3gHWAvHRCRoDogDPF2Z1Z12ESucz2qqxreXHbMMVXKC","5","0","2.0.19","0.9411812530805466","1","0.95","0.9","0.978782770911304","0.9842453647794797","0.998578664892833","1","0.967985768597995","NO_BOND","0","0","0","1","0","0","616","0","0","0","0"
"C47xkkWQAuHUi9kRbaAvpBpEL6YYMG9uEYTGqtaf2pg3","5","0","2.0.19","0.9385538338171779","1","0.95","0.92","0.978782770911304","0.9842453647794797","0.998578664892833","1","0.9678978269001339","NO_BOND","0","0","0","1","0","0","617","0","0","0","0"
"AWDiZEPxJizd3f7NxiJijUqHt2NDViGN5CWzzeN5Uoeh","5","0","2.0.19","0.997561468281948","1","0.95","0.9","0.6728578361773361","0.9996742391598461","0.9947255525312383","1","0.9674317833154401","NO_BOND","0","0","0","1","0","0","618","0","0","0","0"
"LneJvrSDJGqfpbsKHPfyaxSPecBtqRHTJnwyBzG4vPC","5","0","2.0.15","1","1","0.95","0.9","0.6728578361773361","0.9998155832158994","0.9869649654208764","1","0.9672307188285767","NO_BOND","0","0","0","1","0","0","619","0","0","0","0"
"9nyiCpH8tfzSDXWP5BX5u5Fyi7Mz1DcMPp5a7aUhDybE","5","0","2.0.19","1","1","0.95","0.9","0.6728578361773361","0.9998155832158994","0.9869649654208764","1","0.9672307188285767","NO_BOND","0","0","0","1","0","0","620","0","0","0","0"
"HFpuMHuQqUY9o5D4g5ByAJKEYQrMLjwcusDNjozXa4Dg","5","0","2.0.19","1","1","0.95","0.9","0.6728578361773361","0.9996742391598461","0.9869649654208764","1","0.9672170403715392","NO_BOND","0","0","0","1","0","0","621","0","0","0","0"
"EcjtYtuxBuupjeyXNdttATwoQoNL5Ck7bmrqDCj3ALT4","5","0","2.0.19","0.9789104420451443","1","0.95","0.9","0.9742519037120594","0.9946009434037487","0.8927017266124783","1","0.9672047730495715","NO_BOND","0","0","0","1","0","0","622","0","0","0","0"
"7EehNwMoKCwFULMYDcNxv991pVdtBALKR9DSXnN8DJE3","5","0","2.0.19","1","1","0.95","0.95","0.6728578361773361","0.9620262925484746","0.9998255713382287","1","0.9671321559791294","NO_BOND","0","0","0","1","0","0","623","0","0","0","0"
"3w5guZWHiP1A1gSnhksgtTXejAYUnTQqWvXWd9BfSdUL","5","0","2.0.19","0.9522501780053063","1","0.95","0.9","0.8831955492132963","0.9996514959675472","0.9996514959675472","1","0.9670188177500801","NO_BOND","0","0","0","1","0","0","624","0","0","0","0"
"AdtBv6jyEjY74XhkxZkowMuGfV1r58j44WCRyeToic99","5","0","2.0.19","1","1","0.95","0.9","0.6728578361773361","0.996342184058184","0.9869649654208764","1","0.966894583426217","NO_BOND","0","0","0","1","0","0","625","0","0","0","0"
"6sHtpsxU8KPY5cd6EbutSBUGaXnwu8r3voM3kgjSKoW9","5","0","2.0.19","1","1","0.95","0.9","0.6728578361773361","0.996342184058184","0.9869649654208764","1","0.966894583426217","NO_BOND","0","0","0","1","0","0","626","0","0","0","0"
"ArgSLuXhyJzchuv8cN7oYzsVaqiAZwgdvG6nQgyg3Mhw","5","0","2.0.19","1","1","0.95","0.9","0.6728578361773361","0.996342184058184","0.9869649654208764","1","0.966894583426217","NO_BOND","0","0","0","1","0","0","627","0","0","0","0"
"9gX9MV3nGHRs1R9E52Q3vMg1tNGe5NHvzdfo3AMHnr5t","5","0","2.0.19","1","1","0.95","0.9","0.6728578361773361","0.996342184058184","0.9869649654208764","1","0.966894583426217","NO_BOND","0","0","0","1","0","0","628","0","0","0","0"
"ifHMQAxuzMPF19jsZXpLMTA9wNzPzB8XkNaWyCi8Zg8","5","0","2.0.19","1","1","0.95","0.9","0.6728578361773361","0.996342184058184","0.9869649654208764","1","0.966894583426217","NO_BOND","0","0","0","1","0","0","629","0","0","0","0"
"HXAepTnchdti3ogS88CGTiAFKrxrDt8gfiFA9KeVZBh2","5","0","2.0.19","1","1","0.95","0.9","0.6728578361773361","0.996342184058184","0.9869649654208764","1","0.966894583426217","NO_BOND","0","0","0","1","0","0","630","0","0","0","0"
"FCjVa6gBiKjvacMqWGGMqJ5kiQh1kFcyeAcNyKMyCxzK","5","0","2.0.19","1","1","0.95","0.9","0.6728578361773361","0.996342184058184","0.9869649654208764","1","0.966894583426217","NO_BOND","0","0","0","1","0","0","631","0","0","0","0"
"82LBHm7QzS7AZ266njB8uQkMa2t891Ma7CjhfTwQfuy9","5","0","2.0.19","1","1","0.95","0.9","0.6728578361773361","0.996342184058184","0.9869649654208764","1","0.966894583426217","NO_BOND","0","0","0","1","0","0","632","0","0","0","0"
"F13Fo2eRH5EecT1gL9TAisbLxwDYiLsK7sTjHAEmprTM","5","0","2.0.19","0.9770767331948513","1","0.95","0.9","0.9742519037120594","0.9967436622977689","0.8927017266124783","1","0.9668206139585758","NO_BOND","0","0","0","1","0","0","633","0","0","0","0"
"8YBQZbNQKwtNLgcNPExr2iwWUsrSTT4PsR8duxjtWiP3","5","0","2.0.19","1","1","0.95","0.9","0.8656153641489388","0.8728048698955717","0.9826269806694102","1","0.9668155890536204","NO_BOND","0","0","0","1","0","0","634","0","0","0","0"
"7teJuHhmHjCHDZiB2TEgdS5wFru4sRJB9JJR4wAQ8pM5","5","0","2.0.19","1","1","0.95","0.9","0.6728578361773361","0.999798391482802","0.9826269806694102","1","0.9666693151445394","NO_BOND","0","0","0","1","0","0","635","0","0","0","0"
"ApcUbFDskBMrYJqu9orEnPSq5uMAH1YjhwR4DP2JwKT8","0","0","2.0.19","1","1","0.95","0.9","0.6728578361773361","0.999798391482802","0.9826269806694102","1","0.9666693151445394","NO_BOND","0","0","0","1","0","0","636","0","0","0","0"
"GdRKUZKdiXMEATjddQW6q4W8bPgXRBYJKayfeqdQcEPa","5","0","2.0.19","1","1","0.95","0.9","0.6728578361773361","0.999798391482802","0.9826269806694102","1","0.9666693151445394","NO_BOND","0","0","0","1","0","0","637","0","0","0","0"
"13Yq17i7dGknpzHB4L77QB1AMcfAvkE1c3D1MKJnj8zT","5","0","2.0.19","0.9289142621986337","1","0.95","0.9","0.9982434557106112","0.9982434557106112","0.9987495050742483","1","0.9666609006721415","NO_BOND","0","0","0","1","0","0","638","0","0","0","0"
"3m8Ct5n9feJFEuuXFb67oqt9XEJeBYkGyEdQRX33QQ5H","0","0","2.0.19","1","1","0.95","0.9","0.6728578361773361","0.998882929458079","0.9826269806694102","1","0.9665807220453726","NO_BOND","0","0","0","1","0","0","639","0","0","0","0"
"ADYZmUgm49MeEotqzz59eVtoeNKBv5d4jRn8xjvR2uj3","5","0","2.0.19","1","1","0.95","0.9","0.6728578361773361","0.998882929458079","0.9826269806694102","1","0.9665807220453726","NO_BOND","0","0","0","1","0","0","640","0","0","0","0"
"BeachiopjxQxL7CaHNSZsynApiZCKx9QFVtcWNz3jDBo","8","0","2.0.19","1","1","0.92","0.92","0.8831955492132963","0.9214111132554376","0.9865628924846226","0.9430565165374589","0.9665480335873003","COMMISSION","0","0","0","1","0","0","641","0","0","0","0"
"4QhNoG3PN1FXXFhAEA2QWdor6xjXvM9pjq6MXAUV8Zg2","5","0","2.0.19","1","1","0.95","0.9","0.6728578361773361","0.9926511671309333","0.9869649654208764","1","0.9665373882397089","NO_BOND","0","0","0","1","0","0","642","0","0","0","0"
"BdM7KCd6ZYWcaCMmHVi8YeL4jFzDVM9cRLJUeRAGSvMS","5","0","2.0.19","1","1","0.95","0.9","0.6728578361773361","0.9926511671309333","0.9869649654208764","1","0.9665373882397089","NO_BOND","0","0","0","1","0","0","643","0","0","0","0"
"9oNSYHVuPFYSVRBUN1nRW3Hoz58XGH957etGuQ1pWAmG","5","0","2.0.19","1","1","0.95","0.9","0.6728578361773361","0.9926511671309333","0.9869649654208764","1","0.9665373882397089","NO_BOND","0","0","0","1","0","0","644","0","0","0","0"
"6QbXuFT59Gu9ihxPmUcLFpTfgXwaSxoJPUTcEDkidPAE","5","0","2.0.19","1","1","0.95","0.9","0.6728578361773361","0.9926511671309333","0.9869649654208764","1","0.9665373882397089","NO_BOND","0","0","0","1","0","0","645","0","0","0","0"
"DhU3Q2NoCxU5ArXJWm3zxFDRuBiPU4fGrJ8kUasPxMnQ","5","0","2.0.19","1","1","0.95","0.9","0.6728578361773361","0.9926511671309333","0.9869649654208764","1","0.9665373882397089","NO_BOND","0","0","0","1","0","0","646","0","0","0","0"
"J4JhJL3kurhw8RZKhXp3fFTjyd5NX2yCbKDBN1eMh1Uy","5","0","2.0.19","1","1","0.95","0.9","0.6728578361773361","0.9926511671309333","0.9869649654208764","1","0.9665373882397089","NO_BOND","0","0","0","1","0","0","647","0","0","0","0"
"EJ59wFK3qPrnsFFSpZ7jSwCnXe8hVQ12heXYUqry7Muc","5","0","2.0.19","1","1","0.95","0.9","0.6728578361773361","0.9926511671309333","0.9869649654208764","1","0.9665373882397089","NO_BOND","0","0","0","1","0","0","648","0","0","0","0"
"5TFdzjKE6LnkhQArxWjt26yVCXskPo3fUXE8F351Cfn7","5","0","2.0.15","1","1","0.95","0.9","0.6728578361773361","0.9926511671309333","0.9869649654208764","1","0.9665373882397089","NO_BOND","0","0","0","1","0","0","649","0","0","0","0"
"862VZk4B2PrWf96MDbvu6EH1j9PMKqhYA4FAgQWhpRYF","5","0","2.0.19","1","1","0.95","0.9","0.6728578361773361","0.9926511671309333","0.9869649654208764","1","0.9665373882397089","NO_BOND","0","0","0","1","0","0","650","0","0","0","0"
"Cv4i8f7AZ2hA7LfSNmTRTbvCTUyRSbriSa6gUA3ncbgG","5","0","2.0.19","1","1","0.95","0.9","0.6728578361773361","0.9926511671309333","0.9869649654208764","1","0.9665373882397089","NO_BOND","0","0","0","1","0","0","651","0","0","0","0"
"6CSENi9ZT4iMQGgWi7mBBe9bKwe5qKamcJg6MAANTzrN","5","0","2.0.19","1","1","0.95","0.9","0.6728578361773361","0.9926511671309333","0.9869649654208764","1","0.9665373882397089","NO_BOND","0","0","0","1","0","0","652","0","0","0","0"
"2UuXvFqNmyxsNygvFUfjmDGMGn7pGQ61t5CUzvgczazW","5","0","2.0.19","1","1","0.95","0.9","0.6728578361773361","0.9926511671309333","0.9869649654208764","1","0.9665373882397089","NO_BOND","0","0","0","1","0","0","653","0","0","0","0"
"87d9cGc1xHFxoiteZhXjYL48U6B1DAdLhpxXhmVKi1un","5","0","2.0.19","1","1","0.95","0.9","0.6728578361773361","0.9926511671309333","0.9869649654208764","1","0.9665373882397089","NO_BOND","0","0","0","1","0","0","654","0","0","0","0"
"Asns2MR4Su8domaswW1qnMcBBbzcW1SfJurPweKXgvd9","5","0","2.0.19","1","1","0.95","0.9","0.6728578361773361","0.9926511671309333","0.9869649654208764","1","0.9665373882397089","NO_BOND","0","0","0","1","0","0","655","0","0","0","0"
"GZzcHTsorXLrWEevXYo51ED15NTYPLPLzgGxddYMNdn5","5","0","2.0.19","1","1","0.95","0.9","0.6728578361773361","0.9926511671309333","0.9869649654208764","1","0.9665373882397089","NO_BOND","0","0","0","1","0","0","656","0","0","0","0"
"C2bJpaAU2cBupABkV5p9ed37sn7z8f2nfXqZ1gFBNBvv","5","0","2.0.19","1","1","0.95","0.9","0.6728578361773361","0.9926511671309333","0.9869649654208764","1","0.9665373882397089","NO_BOND","0","0","0","1","0","0","657","0","0","0","0"
"97im1Mxgn8FFcwhoVoqgGc7QegAokpQS2sxzrPVggKA3","5","0","2.0.19","1","1","0.95","0.9","0.6728578361773361","0.9926511671309333","0.9869649654208764","1","0.9665373882397089","NO_BOND","0","0","0","1","0","0","658","0","0","0","0"
"BQMvUHC6wqpd3TR8B5tAF8WXQ9xBRkopVqzAC65BSd4A","5","0","2.0.19","1","1","0.95","0.9","0.6728578361773361","0.9926511671309333","0.9869649654208764","1","0.9665373882397089","NO_BOND","0","0","0","1","0","0","659","0","0","0","0"
"FD1S7VFjDhWXwq5hnFpmAMqnt8cadQf9o3pNzr3ETJTZ","5","0","2.0.19","1","1","0.95","0.9","0.6728578361773361","0.9916255447684242","0.9869649654208764","1","0.9664381344626919","NO_BOND","0","0","0","1","0","0","660","0","0","0","0"
"8vqRKnHH77FdrBxSDR9KozJE98R1ETUJCSrFYqoYmbKh","5","0","2.0.19","0.9996591754077003","1","0.95","0.9","0.6728578361773361","0.9926511671309333","0.9869649654208764","1","0.966427444822838","NO_BOND","0","0","0","1","0","0","661","0","0","0","0"
"56CV9agH7K12coC6aiTqgprWcbxihGu1GCw6mwd34YhQ","0","0","2.0.19","1","1","1","0.91","0.6728578361773361","0.9620262925484746","0.9578999111013335","1","0.9663686514324332","NO_BOND","0","0","0","1","0","0","662","0","0","0","0"
"3RhKQt1L4RtZMGMY111bjymGqKcd6ZbExux9NCm8t1hd","5","0","2.0.19","0.9940867926686309","1","0.95","0.9","0.6728578361773361","0.9976803423195538","0.9947255525312383","1","0.9661179624556321","NO_BOND","0","0","0","1","0","0","663","0","0","0","0"
"YT7i3TkDv9GpbQ5qEkL7dvb3fAXSuNKwCotw2MjrWxZ","5","0","2.0.19","0.9458532382591734","1","0.95","0.9","0.9923455878780997","0.9937175560378543","0.9578999111013335","1","0.9660356732537687","NO_BOND","0","0","0","1","0","0","664","0","0","0","0"
"BzFtHeFSLDDEWeGN4UbRNLCtdeaicHWsxRjCTvxUnJtw","5","0","2.0.19","0.9931176688641292","1","0.95","0.9","0.6728578361773361","0.9996742391598461","0.9947255525312383","1","0.9659982996322727","NO_BOND","0","0","0","1","0","0","665","0","0","0","0"
"52J4Nhv5u3bKiKBw5nvAJjUigoWHfP7PBQCfC4craVEY","5","0","2.0.19","1","1","0.95","0.9","0.6728578361773361","0.9916255447684242","0.9826269806694102","1","0.9658783944947609","NO_BOND","0","0","0","1","0","0","666","0","0","0","0"
"BmCLQofhV75owwSAbhZhvQtRRcCaftKUwNfnGBv41QEg","5","0","2.0.19","1","1","0.95","0.9","0.6728578361773361","0.9916255447684242","0.9826269806694102","1","0.9658783944947609","NO_BOND","0","0","0","1","0","0","667","0","0","0","0"
"EuUxT2aEqiAVkCjdfjehTYzPA9vGSrS4AEcroUf3Cxq6","5","0","2.0.19","1","1","0.95","0.9","0.6728578361773361","0.9916255447684242","0.9826269806694102","1","0.9658783944947609","NO_BOND","0","0","0","1","0","0","668","0","0","0","0"
"3JadNLK7V9NNzC9a1jRAZQXExT7mBtBhcjCaaaRE7B3R","5","0","2.0.19","1","1","0.95","0.9","0.6728578361773361","0.9916255447684242","0.9826269806694102","1","0.9658783944947609","NO_BOND","0","0","0","1","0","0","669","0","0","0","0"
"Bzn4NxNmh6vTrZyMRoL2qjZFNYbckRwNyHQwxzoJoggX","5","0","2.0.19","1","1","0.95","0.9","0.6728578361773361","0.9916255447684242","0.9826269806694102","1","0.9658783944947609","NO_BOND","0","0","0","1","0","0","670","0","0","0","0"
"DX3Rpy2drSHvwS85EEy29wH3LQG2ZrefoYqhroeJSzY7","5","0","2.0.19","1","1","0.95","0.9","0.6728578361773361","0.9916255447684242","0.9826269806694102","1","0.9658783944947609","NO_BOND","0","0","0","1","0","0","671","0","0","0","0"
"65XpGeR8ScLit1sEZTf5moSEJR27QJTPWJ8AdAuHM6Wz","5","0","2.0.19","0.9712683378514776","1","0.95","0.9","0.9923455878780997","0.9937175560378543","0.8927017266124783","1","0.9658214235107888","NO_BOND","0","0","0","1","0","0","672","0","0","0","0"
"HfXwCe7o66x2bDC9LvXLPcP7FpxcDzDhWzxgrCJ9r44w","5","0","2.0.19","0.9966682219926117","1","0.95","0.9","0.6728578361773361","0.996342184058184","0.9869649654208764","1","0.9658198163270595","NO_BOND","0","0","0","1","0","0","673","0","0","0","0"
"BUu7cMtX6vnp7DFciYD7LsJqyf3WnATQPGjAgUoq8sgW","5","0","2.0.19","0.9918815560797661","1","0.95","0.9","0.6728578361773361","0.9996742391598461","0.9947255525312383","1","0.9655995535728008","NO_BOND","0","0","0","1","0","0","674","0","0","0","0"
"sTach38ebT8jnGH8i2D1g8NDAS6An19whVMnSSWPXt4","5","0","2.0.19","1","1","0.95","0.9","0.6728578361773361","0.9884497456957306","0.981794840764064","1","0.9654636862096169","NO_BOND","0","0","0","1","0","0","675","0","0","0","0"
"radYEig9KGrMTMWbWRFV7LStotQbnLgPaEFHVDsudQz","0","0","2.0.19","1","1","0.95","0.9","0.6728578361773361","0.9884497456957306","0.981794840764064","1","0.9654636862096169","NO_BOND","0","0","0","1","0","0","676","0","0","0","0"
"mythxna3hpzXSbaseyR12vu5Vvym1HxS92eCgXLvY7w","5","0","2.0.19","1","1","0.95","0.9","0.6728578361773361","0.9884497456957306","0.981794840764064","1","0.9654636862096169","NO_BOND","0","0","0","1","0","0","677","0","0","0","0"
"36jVWrHfpyN2RvXCkGA75qdzcBqFfMcyKbC2qg4o2gA8","5","0","2.0.15","0.9965856498872506","1","0.95","0.9","0.6728578361773361","0.9926511671309333","0.9869649654208764","1","0.9654359849775317","NO_BOND","0","0","0","1","0","0","678","0","0","0","0"
"9cn49HT2MVjUQtrFQU6WJ29w5THLuHLCjawuEzQf5rVH","5","0","2.0.19","0.9910356696843596","1","0.95","0.9","0.6728578361773361","0.9976803423195538","0.9947255525312383","1","0.9651337292348995","NO_BOND","0","0","0","1","0","0","679","0","0","0","0"
"5Ri6yTqus7LdDaYGAVNGStC77BHZuQy8F6fYsp5cC7Vf","5","0","2.0.19","1","1","0.95","0.9","0.9255974876489999","0.9262822820374762","0.8991546660074171","1","0.965090015659358","NO_BOND","0","0","0","1","0","0","680","0","0","0","0"
"AVWnWgnS1ysX7ymBbQ9pMdWnt2hpweWGYekHRM8mxpQy","5","0","2.0.19","1","1","0.95","0.9","0.9255974876489999","0.9262822820374762","0.8991546660074171","1","0.965090015659358","NO_BOND","0","0","0","1","0","0","681","0","0","0","0"
"AavwT5GecqFL18ino3YVv5z1icD6p7ENTuXuzAUf6QNM","5","0","2.0.19","1","1","0.95","0.9","0.9255974876489999","0.9262822820374762","0.8991546660074171","1","0.965090015659358","NO_BOND","0","0","0","1","0","0","682","0","0","0","0"
"4XRkaMPQnpAncWVZxAw1NfiqGiAX7oa4Ccg8mTD1JMn3","5","0","2.0.19","1","1","0.95","0.9","0.9255974876489999","0.9262822820374762","0.8991546660074171","1","0.965090015659358","NO_BOND","0","0","0","1","0","0","683","0","0","0","0"
"2Dh9w9HuNuvmpmsfRFqWhNqQuMX8U9BAU4xyyyqzEq2h","5","0","2.0.19","1","1","0.95","0.9","0.9255974876489999","0.9262822820374762","0.8991546660074171","1","0.965090015659358","NO_BOND","0","0","0","1","0","0","684","0","0","0","0"
"BEnZR4K28tNLPiH15tdxYkyhaXGbzxqFCNjzTU66uh8b","5","0","2.0.19","1","1","0.95","0.9","0.9255974876489999","0.9262822820374762","0.8991546660074171","1","0.965090015659358","NO_BOND","0","0","0","1","0","0","685","0","0","0","0"
"78Txiv4aMrEeTLNhJYtfnGwtvuVH4NZ8igXS3oYeKdg2","5","0","2.0.19","1","1","0.95","0.9","0.9255974876489999","0.9262822820374762","0.8991546660074171","1","0.965090015659358","NO_BOND","0","0","0","1","0","0","686","0","0","0","0"
"531ABLCYsNQ4xztxHfoCc4xqEQ8xiEWWSP3TKDG5s7hz","5","0","2.0.19","1","1","0.95","0.9","0.9255974876489999","0.9262822820374762","0.8991546660074171","1","0.965090015659358","NO_BOND","0","0","0","1","0","0","687","0","0","0","0"
"AY1nugg77a2QEMfTKrfniYqHp5MgLMWykXTKwZwXYxQD","5","0","2.0.19","1","1","0.95","0.9","0.9255974876489999","0.9262822820374762","0.8991546660074171","1","0.965090015659358","NO_BOND","0","0","0","1","0","0","688","0","0","0","0"
"56ixbAMwsBiguYXsbzABGNaQVDeFDXQdA9m6hvyumtLy","5","0","2.0.19","1","1","0.95","0.9","0.9255974876489999","0.9262822820374762","0.8991546660074171","1","0.965090015659358","NO_BOND","0","0","0","1","0","0","689","0","0","0","0"
"6mEgxgVus3rWJrt3qFk3BvEV38SVHNCqBdQJXxLBbcst","5","0","2.0.19","1","1","0.95","0.9","0.9255974876489999","0.9262822820374762","0.8991546660074171","1","0.965090015659358","NO_BOND","0","0","0","1","0","0","690","0","0","0","0"
"7PrwBc81z19peAGLjjq3Bt4uLtRonRrwR963gxJE8i18","5","0","2.0.19","1","1","0.95","0.9","0.9255974876489999","0.9262822820374762","0.8991546660074171","1","0.965090015659358","NO_BOND","0","0","0","1","0","0","691","0","0","0","0"
"BkQJo4j8V6Xhi8p39B76GhF3csWzUz9C6VMz5Dn4bmKb","5","0","2.0.19","1","1","0.95","0.9","0.9255974876489999","0.9262822820374762","0.8991546660074171","1","0.965090015659358","NO_BOND","0","0","0","1","0","0","692","0","0","0","0"
"CraRZ3Pk5mJC2sfGXGH2rFRYjr8LPVz2gLowNbujcND3","5","0","2.0.19","1","1","0.95","0.9","0.9255974876489999","0.9262822820374762","0.8991546660074171","1","0.965090015659358","NO_BOND","0","0","0","1","0","0","693","0","0","0","0"
"77vww1KxwCCsVRFioJbV4CGwTVyeyrf3KRC9SZdbHwtc","5","0","2.0.19","1","1","0.95","0.9","0.9255974876489999","0.9262822820374762","0.8991546660074171","1","0.965090015659358","NO_BOND","0","0","0","1","0","0","694","0","0","0","0"
"EFeLsLsrLhGqy7LSdws4sKvinvCohBBAda2q4iHBrrss","5","0","2.0.19","1","1","0.95","0.9","0.9255974876489999","0.9262822820374762","0.8991546660074171","1","0.965090015659358","NO_BOND","0","0","0","1","0","0","695","0","0","0","0"
"EDjoFJLunZhjS7difXbi1DvLPPdFenf7YvTFoa9y5pCZ","5","0","2.0.19","1","1","0.95","0.9","0.9255974876489999","0.9262822820374762","0.8991546660074171","1","0.965090015659358","NO_BOND","0","0","0","1","0","0","696","0","0","0","0"
"Ez5oqa7UBJosiUZ3YbXsjGfnZAdcGE7awrkRmcCWY3yB","5","0","2.0.19","1","1","0.95","0.9","0.9255974876489999","0.9262822820374762","0.8991546660074171","1","0.965090015659358","NO_BOND","0","0","0","1","0","0","697","0","0","0","0"
"Bjq4FbzK9aA9bQ7nYd5eGjTtiMyB8yFLVomgr8Wow4hK","5","0","2.0.19","1","1","0.95","0.9","0.9255974876489999","0.9262822820374762","0.8991546660074171","1","0.965090015659358","NO_BOND","0","0","0","1","0","0","698","0","0","0","0"
"8o3tfZcpTizxtxphuBCXNDxnVX7pFNwpNBLmHyf2Dbvx","5","0","2.0.19","1","1","0.95","0.9","0.9255974876489999","0.9262822820374762","0.8991546660074171","1","0.965090015659358","NO_BOND","0","0","0","1","0","0","699","0","0","0","0"
"DkFMfnJku9arJJtUytBXijUyb8tuX5FQvsTUVUQQ9pgX","5","0","2.0.19","1","1","0.95","0.9","0.9255974876489999","0.9262822820374762","0.8991546660074171","1","0.965090015659358","NO_BOND","0","0","0","1","0","0","700","0","0","0","0"
"9a7VQpVNCwBKEiADAr4EHW52CTesXnDDfnPvvp7qRFyP","5","0","2.0.19","1","1","0.95","0.9","0.9255974876489999","0.9262822820374762","0.8991546660074171","1","0.965090015659358","NO_BOND","0","0","0","1","0","0","701","0","0","0","0"
"AJmRAtaMf646abDoNBK18ghFTwR3ocnQjRCttrQkzFET","5","0","2.0.19","1","1","0.95","0.9","0.9255974876489999","0.9262822820374762","0.8991546660074171","1","0.965090015659358","NO_BOND","0","0","0","1","0","0","702","0","0","0","0"
"2WgrQTu8QitYjqywZ6uBZBFWigMdXjR6trzd6SYNwihU","5","0","2.0.19","1","1","0.95","0.9","0.9255974876489999","0.9262822820374762","0.8991546660074171","1","0.965090015659358","NO_BOND","0","0","0","1","0","0","703","0","0","0","0"
"D7rALJCR3KUMhTwtmjvk4ursBLbDNvAVRf2FwdQtbVF9","5","0","2.0.19","1","1","0.95","0.9","0.9255974876489999","0.9262822820374762","0.8991546660074171","1","0.965090015659358","NO_BOND","0","0","0","1","0","0","704","0","0","0","0"
"g73uD1jYARir7KJBmS94KN5XjasoZwcxAgCrS59LyBG","5","0","2.0.19","1","1","0.95","0.9","0.9255974876489999","0.9262822820374762","0.8991546660074171","1","0.965090015659358","NO_BOND","0","0","0","1","0","0","705","0","0","0","0"
"9UL36jMUb87NLqGhMDTZdEreZQ4gjQMcc5w5p1B4JaNS","5","0","2.0.19","1","1","0.95","0.9","0.9255974876489999","0.9262822820374762","0.8991546660074171","1","0.965090015659358","BLACKLIST,NO_BOND","1","0","0","1","0","0","706","0","0","0","0"
"3fntToRUTyDpSoLF1QMZgpF5HoDcSmvBisXoyKASMaaH","5","0","2.0.19","1","1","0.95","0.9","0.6728578361773361","0.9834641161439823","0.9826269806694102","1","0.9650885788214277","NO_BOND","0","0","0","1","0","0","707","0","0","0","0"
"B191sdbDFjEmLLNixWEfjsoxoYLbr5hnpT39KKoqgkUp","5","0","2.0.19","0.990836499623246","1","0.95","0.9","0.6728578361773361","0.9976803423195538","0.9947255525312383","1","0.9650694808280886","NO_BOND","0","0","0","1","0","0","708","0","0","0","0"
"J1r9rLo71mG7eTpX1jiYi7vyLE3QMZ4PCBXYJJfXYsp6","5","0","2.0.19","0.9908205017690745","1","0.95","0.9","0.6728578361773361","0.9976803423195538","0.9947255525312383","1","0.9650643202299688","NO_BOND","0","0","0","1","0","0","709","0","0","0","0"
"7PHy8rXJtkfkgpsHVtSiiX3StdwD4MG2VdhoeciLzaHv","5","0","2.0.19","0.9899717416766737","1","0.95","0.9","0.6728578361773361","0.9998488244053084","0.9947255525312383","1","0.965000379756848","NO_BOND","0","0","0","1","0","0","710","0","0","0","0"
"J4oLW1wjuALZhiDUQeZF4fo9ZMwTCmup6YyjxAxwsjbH","5","0","2.0.19","0.9946561495237529","1","0.95","0.9","0.6728578361773361","0.9926511671309333","0.9869649654208764","1","0.9648135655054356","NO_BOND","0","0","0","1","0","0","711","0","0","0","0"
"GAKLDmghREn6YHGu5y5vTHA9JJY1Nuxy7n8zz4RFzH3p","5","0","2.0.19","0.9982789903961623","1","0.95","0.9","0.9255974876489999","0.9262822820374762","0.8991546660074171","1","0.9645348512710232","NO_BOND","0","0","0","1","0","0","712","0","0","0","0"
"EijMpL5u45wg1ZTJZa4i7DvUsn8um8s5woVJsNmvCpTP","5","0","2.0.19","0.9930124550208943","1","0.95","0.92","0.6728578361773361","0.9916255447684242","0.9826269806694102","1","0.964383960630533","NO_BOND","0","0","0","1","0","0","713","0","0","0","0"
"FKU3YWq3AUuN2mJVR2pJgbsVQHdGeaK1Yj1iMBhJugd1","5","0","2.0.19","0.9961117947114712","1","0.95","0.9","0.6728578361773361","0.9884497456957306","0.981794840764064","1","0.9642094264391236","NO_BOND","0","0","0","1","0","0","714","0","0","0","0"
"2WKHhJ34gNkw1G8iReLXn8roPfQUjsLyzjWHspNdvbFw","5","0","2.0.19","0.9689397084498991","1","0.95","0.9","0.9742519037120594","0.9967436622977689","0.8927017266124783","1","0.9641957672666557","NO_BOND","0","0","0","1","0","0","715","0","0","0","0"
"2W7icpaM8pu7qShR5mxLCA64hjUx3ZTZqvx2P8C4Se6N","5","0","2.0.19","0.988069898347712","1","0.95","0.9","0.6728578361773361","0.9976803423195538","0.9947255525312383","1","0.9641770288037227","NO_BOND","0","0","0","1","0","0","716","0","0","0","0"
"EZCQcPkgsNS5rnfoAWRsVZNGEo3GoZSVV4qSdeWrXzhX","5","0","2.0.19","0.9913831039560667","1","0.95","0.9","0.6728578361773361","0.996342184058184","0.9869649654208764","1","0.9641149395410772","NO_BOND","0","0","0","1","0","0","717","0","0","0","0"
"8ZfSRfAuDLV86PaKSCNfgx3AU1w6Hp8sGrEgFTkHViCt","5","0","2.0.19","1","1","0.95","0.9","0.6728578361773361","0.9560451816156026","0.9956379352671751","1","0.9641139663958123","NO_BOND","0","0","0","1","0","0","718","0","0","0","0"
"4VvZyjDj3KNYNbjzgaG5GxX4xeLhcFV6fA6BDPf6dLy4","5","0","2.0.19","1","1","0.95","0.9","0.6728578361773361","0.9560451816156026","0.9956379352671751","1","0.9641139663958123","NO_BOND","0","0","0","1","0","0","719","0","0","0","0"
"xLabsqDpN9WHXEXSJXk1yhqh5H8BgcqiBP1CR6Mkjcb","5","0","2.0.19","1","1","0.95","0.9","0.9996930372315034","0.9996930372315034","0.7993843386370983","0.9949897368958438","0.9637778069192775","NO_BOND","0","0","0","1","0","0","720","0","0","0","0"
"6ztDG1XRZiuXtoCotN51kUPtdHXwRAgRiVEbbUfoQ6CK","5","0","2.0.19","0.9228631585497782","1","0.95","0.9","0.978782770911304","0.9999231640154896","0.9995588924877536","1","0.9637203932038022","NO_BOND","0","0","0","1","0","0","721","0","0","0","0"
"H4cXCqtAy8qdu9qe2dSxoPhUscMTYVrmVBXyPqRVTNR1","5","0","2.0.19","0.969381786824571","1","0.95","0.9","0.9742519037120594","0.9894652015748715","0.8927017266124783","1","0.9636340060272373","NO_BOND","0","0","0","1","0","0","722","0","0","0","0"
"Bp1F9Ma65vJCecNQBauQ3yvbARDbC1kZXEvfmcux9HLy","5","0","2.0.19","0.9909389214180839","1","0.95","0.9","0.6728578361773361","0.9926511671309333","0.9869649654208764","1","0.9636144596648972","NO_BOND","0","0","0","1","0","0","723","0","0","0","0"
"5qdCvzzeCXfGH7EPjfu1fBNjL6DtcwV2w24A2m1xRM9p","5","0","2.0.19","0.9905211827836773","1","0.95","0.9","0.6728578361773361","0.9926511671309333","0.9869649654208764","1","0.9634797052667017","NO_BOND","0","0","0","1","0","0","724","0","0","0","0"
"CnuTdyrVwnNFLzUWSkhbX7VGYUTVEqhavjehAXHhAw3e","5","0","2.0.19","1","1","0.95","0.9","0.6728578361773361","0.9993276242859842","0.9578999111013335","1","0.963433167407031","NO_BOND","0","0","0","1","0","0","725","0","0","0","0"
"GSaWJ4FjXQ3RGctXaBdcW9oh939cwxXUeeV9A9d4shvf","5","0","2.0.19","1","1","0.95","0.9","0.6728578361773361","0.9993276242859842","0.9578999111013335","1","0.963433167407031","NO_BOND","0","0","0","1","0","0","726","0","0","0","0"
"AUTnPgB8m6qsctP9RRAcmnVrLSpZbBYB8nQAzYUN5j8q","5","0","2.0.19","1","1","0.95","0.9","0.6728578361773361","0.998882929458079","0.9578999111013335","1","0.9633901324236853","NO_BOND","0","0","0","1","0","0","727","0","0","0","0"
"RAREcr3SmDePhWD4Je1qEh1UMCQD5MFaDHF7UTzezQh","4","0","2.0.18","0.9788754230761045","1","0.96","0.9","0.6728578361773361","0.9999805275213962","0.9999805275213962","1","0.9633448256698546","NO_BOND","0","0","0","1","0.044009153","0","728","0","0","0","0"
"8SRc8gaFpmnb2behQp6KXZxrt9KcV56eFTzUDhzk4qei","5","0","2.0.19","0.9889116534905041","1","0.95","0.9","0.6728578361773361","0.996342184058184","0.9869649654208764","1","0.9633176974554118","NO_BOND","0","0","0","1","0","0","729","0","0","0","0"
"56CMrsFGVrnXJ3PwNV935vFYhfCBdX9btYPnLPE1ATFH","5","0","2.0.19","1","1","0.95","0.9","0.6728578361773361","0.9978329471577722","0.9578999111013335","1","0.9632885212333331","NO_BOND","0","0","0","1","0","0","730","0","0","0","0"
"88KvxpFUnahtg4GCuRayvoyysboHp8j1P38EqgjjdB4r","5","0","2.0.19","1","1","0.95","0.9","0.6728578361773361","0.9978329471577722","0.9578999111013335","1","0.9632885212333331","NO_BOND","0","0","0","1","0","0","731","0","0","0","0"
"AqP3MyNwDP4L1GJKYhzmaAUdrjzpqJUZjahM7kHpgavm","0","0","2.0.19","1","1","0.95","0.9","0.6728578361773361","0.9978329471577722","0.9578999111013335","1","0.9632885212333331","NO_BOND","0","0","0","1","0","0","732","0","0","0","0"
"nVu3zzzLXJJzvoozEaUCyNFnHE2ZTgjzdG251EMW3JW","5","0","2.0.19","0.984962893997337","1","0.95","0.9","0.6728578361773361","0.9976803423195538","0.9947255525312383","1","0.96317476933586","BLACKLIST,NO_BOND","1","0","0","1","0","0","733","0","0","0","0"
"EtGWDbP7342Mo2PnG6MYUP1rL8v69ycn1FRnRTB1BLU3","5","0","2.0.19","0.9843062476983386","1","0.95","0.9","0.6728578361773361","0.9996742391598461","0.9947255525312383","1","0.9631559057078242","BLACKLIST,NO_BOND","1","0","0","1","0","0","734","0","0","0","0"
"HYjVeaM7XjdVPVUR2xkSDRDKUvaz1VaVAxn4RTj2gwDu","5","0","2.0.19","0.9882686326521369","1","0.95","0.9","0.6728578361773361","0.996342184058184","0.9869649654208764","1","0.9631102713785192","NO_BOND","0","0","0","1","0","0","735","0","0","0","0"
"BfF3vg8UFcwTkFJNgQ7KQTAZBUWegF3spPm79d71WNwo","5","0","2.0.19","0.9846298122034763","1","0.95","0.9","0.6728578361773361","0.9976803423195538","0.9947255525312383","0.9980266460392682","0.9629400104371479","NO_BOND","0","0","0","1","0","0","736","0","0","0","0"
"FGcFu8thUEhvnsKmPBT7D2Nzgeef7fpnXsWtM3WgDv3f","5","0","2.0.19","1","1","0.95","0.9","0.6728578361773361","0.9932777564546058","0.9578999111013335","1","0.9628476963265749","NO_BOND","0","0","0","1","0","0","737","0","0","0","0"
"DsCamyDGT7ZsrBXhTEpYAiHdrnuPgnYtpWKeSST3QRBq","5","0","2.0.19","0.9243722455794823","1","0.95","0.9","0.978782770911304","0.9842453647794797","0.998578664892833","1","0.9625635081137807","NO_BOND","0","0","0","1","0","0","738","0","0","0","0"
"9kkP5sRnyHD3qkyHykyWwbP9pQQcTWnzLPHtDcRxaE16","5","0","2.0.19","0.9249935409796592","1","0.95","0.9","0.978782770911304","0.9842453647794797","0.9967559257545269","1","0.9625287338379273","NO_BOND","0","0","0","1","0","0","739","0","0","0","0"
"6rC1zg98a89eQurdnvXz6uJ3zZZa2f683WwCDB41Us8w","5","0","2.0.19","0.9828153636416986","1","0.95","0.9","0.6728578361773361","0.9976803423195538","0.9947255525312383","1","0.9624820176082346","NO_BOND","0","0","0","1","0","0","740","0","0","0","0"
"9RXDftY5xyhtYyzk4z7U9ddvBF2Z8DMfXmV6P6du9dxS","0","0","2.0.16","0.9364336223256928","1","1","1","0.9742519037120594","0.9894652015748715","0.8927017266124783","0.9914632898053894","0.962418358756979","NO_BOND","0","0","0","1","0","0","741","0","0","0","0"
"6fiUHL6s3iGgp19H7PfbEuJGgu4LQsWMu625fya16xgb","0","0","2.0.19","0.9770007441337464","1","1","0.9","0.6728578361773361","0.9992899775566786","0.9578999111013335","1","0.9621758932505646","NO_BOND","0","0","0","1","0","0","742","0","0","0","0"
"6GjZkgrdkS19Ws5Zy5BEBgrHqgwXZynr2biHjTZb1hdM","5","0","2.0.19","0.9905480800868071","1","0.95","0.9","0.9255974876489999","0.9262822820374762","0.8991546660074171","1","0.9620410092357474","NO_BOND","0","0","0","1","0","0","743","0","0","0","0"
"6W8yrMwtDU5G6ErazhZHfLjqZV8cMvajpSRGYgrZ3d4v","0","0","2.0.19","1","1","0.9","1","0.6728578361773361","0.9926511671309333","0.9869649654208764","0.9669322431692429","0.9620365652183697","NO_BOND","0","0","0","1","0","0","744","0","0","0","0"
"CtiiCQbRh13cqorWaEimroRznTL2qTytNhzYz53BCnbq","5","0","2.0.19","0.9169398176357755","1","0.95","0.9","0.9923455878780997","0.9937175560378543","0.9982431410954319","1","0.9619143414390079","NO_BOND","0","0","0","1","0","0","745","0","0","0","0"
"CMHSLFkNiRSkM5fd3ve8cXLX6DSCqoaPhDmjxkGh2L7E","5","0","2.0.19","0.922679201313991","1","0.95","0.9","0.978782770911304","0.9842453647794797","0.9973477537712613","1","0.9618585375608388","NO_BOND","0","0","0","1","0","0","746","0","0","0","0"
"ENVaKoD7ytn58xJ8s5htFfQ8hqQt1G9dcPUDqbSwVcgB","5","0","2.0.19","0.9944175970382806","1","0.95","0.9","0.6728578361773361","0.9978329471577722","0.9578999111013335","1","0.9614877460843911","NO_BOND","0","0","0","1","0","0","747","0","0","0","0"
"8BCSZyw28kK3pt3DTNKoVysjMggakuPpE2WB3pTcWGim","5","0","2.0.19","0.9609381621166562","1","0.95","0.9","0.9742519037120594","0.9946009434037487","0.8927017266124783","1","0.9614072633952206","NO_BOND","0","0","0","1","0","0","748","0","0","0","0"
"NDhC4NhBhBweYsmMxpSLci49RFpFuz6dD7bXLzY8bSX","5","0","2.0.19","1","1","0.95","0.9","0.9828666057562943","0.9828666057562943","0.7993843386370983","1","0.9613871091396731","BLACKLIST,NO_BOND","1","0","0","1","0","0","749","0","0","0","0"
"85ykoc8e56w7wDB3q9obP4fA8WwzvWVNGspgqN2KZ9gC","5","0","2.0.19","0.9593529471799868","1","0.95","0.9","0.9742519037120594","0.9967436622977689","0.8927017266124783","1","0.9611032636312001","NO_BOND","0","0","0","1","0","0","750","0","0","0","0"
"Fu8PjDfwWjRBAx9nSynpMRUtn87SraJEexcnDHtcoD6g","4","0","2.0.19","0.9164082772865111","1","0.96","0.9","0.978782770911304","0.9842453647794797","0.9973477537712613","1","0.9610687556164903","NO_BOND","0","0","0","1","0","0","751","0","0","0","0"
"6h8UDnJb4Rw7j5ZnszWPE5qKdCmQpXSpbfndzHbzjJ1Q","5","0","2.0.19","0.940944528261575","1","0.95","0.9","0.9400525500296809","0.9477779705949491","0.9910843401205105","1","0.960914569514258","NO_BOND","0","0","0","1","0","0","752","0","0","0","0"
"7JZTyHRTmzHfmHH89uT9xKSKDVJ1VnNQ1FeTeM4iH3J2","5","0","2.0.19","0.9921139017204831","1","0.95","0.9","0.6728578361773361","0.9978329471577722","0.9578999111013335","1","0.9607446185625211","NO_BOND","0","0","0","1","0","0","753","0","0","0","0"
"6JpwHChay7q9meZVBhGp4wBvTGy7L28XsCzwLhGF875r","5","0","2.0.15","0.9799438055751297","1","0.95","0.9","0.6728578361773361","0.996342184058184","0.9869649654208764","1","0.960424843289162","NO_BOND","0","0","0","1","0","0","754","0","0","0","0"
"mNyQrNRYAuL2CwNCGmCsmwj9EcG88Sf8hs5rCirZaUr","0","0","2.0.19","1","1","1","0.93","0.6728578361773361","0.9834641161439823","0.8991546660074171","0.9789214453506282","0.9602629540489532","NO_BOND","0","0","0","1","0","0","755","0","0","0","0"
"Fgevrsfh8KsFN7eomRWS3N2bjKvqRBGMcEo9oQbT1ikX","5","0","2.0.19","0.9804623388266651","1","0.95","0.9","0.6728578361773361","0.9926511671309333","0.9869649654208764","1","0.960234916893472","NO_BOND","0","0","0","1","0","0","756","0","0","0","0"
"BxFf75Vtzro2Hy3coFHKxFMZo5au8W7J8BmLC3gCMotU","0","0","2.0.19","0.9724579787298466","1","1","1","0.9255974876489999","0.9262822820374762","0.8991546660074171","0.9076663262244815","0.960212029844759","NO_BOND","0","0","0","1","0","0","757","0","0","0","0"
"5pfqseENmSjqymBEUc86MM1YCX2d4hzb9HnsugADb72B","5","0","2.0.19","0.9753229815533786","1","0.95","0.9","0.8656153641489388","0.9993661262224051","0.8927017266124783","1","0.959499865449961","NO_BOND","0","0","0","1","0","0","758","0","0","0","0"
"7VGU4ZwR1e1AFekqbqv2gvjeg47e1PwMPm4BfLt6rxNk","5","0","2.0.19","1","1","0.95","0.9","0.6728578361773361","0.9884497456957306","0.981794840764064","0.9062791984982954","0.9594171828869262","NO_BOND","0","0","0","1","0","0","759","0","0","0","0"
"5nqCxM3G1FKEZ4gUirNfpVoZSV8csVFXxbq382DdMHPd","5","0","2.0.19","0.9707847711646752","1","0.95","0.9","0.6728578361773361","0.998882929458079","0.9999411512334829","1","0.9593905412035353","NO_BOND","0","0","0","1","0","0","760","0","0","0","0"
"HBuFNK1dRGsqbrornwge5YVpN9AYF5T2issPmPdvLBWk","5","0","2.0.19","0.9871934213232583","1","0.95","0.9","0.6728578361773361","0.9978329471577722","0.9578999111013335","1","0.9591573668214807","NO_BOND","0","0","0","1","0","0","761","0","0","0","0"
"3Qvmhayko5Yn3sSXDsHsMzS8QjdU4CshQF2y6L276kgi","0","0","2.0.19","0.8903276313435657","1","1","1","0.9995402778881695","0.9995402778881695","0.9578999111013335","0.9969380493188962","0.9589178530941815","NO_BOND","0","0","0","1","0","0","762","0","0","0","0"
"3YCCGCuCicRggDgdK3ixZWXNPVRYfQxvytDUgHFrRFJ4","5","0","2.0.19","0.9843536801585915","1","0.95","0.9","0.6728578361773361","0.9620262925484746","0.9869649654208764","1","0.9585264907506295","NO_BOND","0","0","0","1","0","0","763","0","0","0","0"
"J4pH3yiFrzFG1AQPRGBJXo3HP72MCZwsQamtp9ym4LwN","5","0","2.0.19","0.9716162724663213","1","0.95","0.9","0.8656153641489388","0.9993661262224051","0.8927017266124783","1","0.9583041528412329","NO_BOND","0","0","0","1","0","0","764","0","0","0","0"
"EcZBjDPzSZLdsyKCBq26MZMYFfiinZsfcL3SwWMK1eNL","5","0","2.0.19","0.9817190662701907","1","0.95","0.9","0.6728578361773361","0.9560451816156026","0.9956379352671751","1","0.9582168909990997","NO_BOND","0","0","0","1","0","0","765","0","0","0","0"
"CS8DoKUL3nXeyVbg8arD8TBZTym4U5ijgCf9uZHGqZET","0","0","2.0.19","0.9541960261569601","1","1","0.9","0.8656153641489388","0.8728048698955717","0.9826269806694102","1","0.9582055974913495","NO_BOND","0","0","0","1","0","0","766","0","0","0","0"
"Cat8oWQiFfrR3c7BcceTYcpnYCzSWfCPjMXT7mfHXvEP","7","0","2.0.19","1","1","0.93","0.92","0.6728578361773361","0.992589593568172","0.9553787018441494","0.9596456531673795","0.9581456957022756","NO_BOND","0","0","0","1","0","0","767","0","0","0","0"
"BNYVMkawH7ekKdbZ7NHqd7duLVc6QLATHYf5aqMkwjec","0","0","2.0.19","1","1","0.95","1","0.6728578361773361","0.9834641161439823","0.8991546660074171","1","0.958116022090848","BLACKLIST","1","0","0","1","0","0","768","0","0","0","0"
"FmDA6Ti6YXd2Bb8SwfqPsGHBB4KPLP5JfH2Jj47v2PFQ","5","0","2.0.19","0.9683007388128718","1","0.95","0.9","0.6728578361773361","0.9982473438171016","0.9956379352671751","1","0.9579724784839806","NO_BOND","0","0","0","1","0","0","769","0","0","0","0"
"Fx9gdBmp4Rer7rxu139ofGKcx3iffKS91gg2kFUeBvjD","5","0","2.0.19","0.9679096540072643","1","0.95","0.9","0.6728578361773361","0.9980493036870545","0.9947255525312383","1","0.9577094301165623","NO_BOND","0","0","0","1","0","0","770","0","0","0","0"
"9yn8kRqgtYsAV5Pg2YTmu3PCmnm4yXFE3cRGZ2G6WFho","5","0","2.0.19","0.9077100138532395","1","0.95","0.9","0.9973349686360685","0.9981220304307233","0.9826269806694102","1","0.9576701319282046","NO_BOND","0","0","0","1","0","0","771","0","0","0","0"
"CsfWHXyL85Ur2vsfJcxg8advGyfFa6FbCWMX22qbsqmk","5","0","2.0.19","0.9225422169845228","1","0.95","0.9","0.8831955492132963","0.9996514959675472","0.9996514959675472","1","0.9574356045175694","NO_BOND","0","0","0","1","0","0","772","0","0","0","0"
"NfqEUZxKU4J7C4HobtMRFhBP6MvKvNCoa7wXSdwZNcg","5","0","2.0.19","0.9778564508384671","1","0.95","0.9","0.6728578361773361","0.9560451816156026","0.9956379352671751","1","0.9569708860211242","NO_BOND","0","0","0","1","0","0","773","0","0","0","0"
"GJQjnyhSG9jN1AdMHTSyTxUR44hJHEGCmNzkidw9z3y8","5","0","2.0.19","0.9774311710432156","1","0.95","0.9","0.6728578361773361","0.9560451816156026","0.9956379352671751","1","0.9568336989903979","NO_BOND","0","0","0","1","0","0","774","0","0","0","0"
"5hA9y3f5P8YsfPaS5rDDNiiKkaXBbRjJEzqwWCzAD7gg","5","0","2.0.19","0.9771176622320338","1","0.95","0.9","0.6728578361773361","0.9560451816156026","0.9956379352671751","1","0.9567325671158231","NO_BOND","0","0","0","1","0","0","775","0","0","0","0"
"A2GkHf71SqegGcLmhgs6XzR5YfLh5ZJ2Ci2vKM5SY5WR","5","0","2.0.19","0.9065349695465619","1","0.95","0.9","0.978782770911304","0.9842453647794797","0.9973477537712613","1","0.956650720861668","NO_BOND","0","0","0","1","0","0","776","0","0","0","0"
"Bix8KEPNvWfzempbXrwhTP5nqjG3dpsoDafp97afkT6V","5","0","2.0.19","0.976540180598749","1","0.95","0.9","0.6728578361773361","0.9560451816156026","0.9956379352671751","1","0.9565462827179895","NO_BOND","0","0","0","1","0","0","777","0","0","0","0"
"BgheKvqFnT6qEyBtweMGGBRGtgqzb7DxAYn13uXqfoZW","5","0","2.0.19","0.9725942880280939","1","0.95","0.9","0.9255974876489999","0.9262822820374762","0.8991546660074171","1","0.9562494634103561","NO_BOND","0","0","0","1","0","0","778","0","0","0","0"
"4MMaBHtwEFhhrjptoHnh628sm4JjRqUYxTsQd9xuVZMU","5","0","2.0.19","0.938999333036052","1","0.95","0.9","0.8656153641489388","0.998534024820944","0.9578999111013335","1","0.9561147025008568","NO_BOND","0","0","0","1","0","0","779","0","0","0","0"
"DXv73X82WCjVMsqDszK3z764tTJMU3nPXyCU3UktudBG","5","0","2.0.19","0.9638954570750882","1","0.95","0.9","0.6728578361773361","0.9916255447684242","0.9956379352671751","1","0.9559106005961137","BLACKLIST,NO_BOND","1","0","0","1","0","0","780","0","0","0","0"
"137MRxQWHC47fFiT1F6vDsTBzEuZJb9SwTt2rm3nHLYM","5","0","2.0.15","0.9663933944435835","1","0.95","0.9","0.6728578361773361","0.9926511671309333","0.9869649654208764","1","0.955696547737639","NO_BOND","0","0","0","1","0","0","781","0","0","0","0"
"75EiDe2N17CA64fUhhJLK9rKm4TcRfhMFdghzScycWfa","5","0","2.0.19","0.9439238429124127","1","0.95","0.9","0.9742519037120594","0.9894652015748715","0.8927017266124783","1","0.9554217660555734","NO_BOND","0","0","0","1","0","0","782","0","0","0","0"
"8GERjfptn6PXXEPVmRbJQ3KwESf2wLbamFk71LGsQHcZ","5","0","2.0.19","0.9727504876555096","1","0.95","0.9","0.6728578361773361","0.9560451816156026","0.9956379352671751","1","0.955323801123396","NO_BOND","0","0","0","1","0","0","783","0","0","0","0"
"9SFU2TfJmGB2jq8NHc5Kiaph6BGje7MDJRu7joQ7ZqWV","5","0","2.0.19","0.9719622009803268","1","0.95","0.9","0.6728578361773361","0.9560451816156026","0.9956379352671751","1","0.9550695150991435","NO_BOND","0","0","0","1","0","0","784","0","0","0","0"
"F7WubP6g5CLmumKWyB4yUouyucxZbnJxFKJtxq3DiRhA","5","0","2.0.20","1","1","0.95","0","0.9944187197385863","0.9957171727235764","0.9991564603829403","1","0.9549704773928923","NO_BOND","0","0","0","1","0","0","785","0","0","0","0"
"7Uj2rdTRibv9Bu6ovCuBeJ8gyPPR22SEYD19kNEXf63w","5","0","2.0.20","1","1","0.95","0","0.9944187197385863","0.9957171727235764","0.9991564603829403","1","0.9549704773928923","NO_BOND","0","0","0","1","0","0","786","0","0","0","0"
"4FCCbZyS2Za1RpAk1uw3Ewa25B1BmuybipvUpBzR6RpB","5","0","2.0.20","1","1","0.95","0","0.9944187197385863","0.9957171727235764","0.9988008808213605","1","0.9549245961591403","NO_BOND","0","0","0","1","0","0","787","0","0","0","0"
"HaeG4tNyKCisPARZPzGnZqKLtwzFpMm8UWffLW9DhBSC","5","0","2.0.19","0.9537206846541243","1","0.95","0.9","0.8831955492132963","0.9214111132554376","0.9578999111013335","1","0.9545342235206284","NO_BOND","0","0","0","1","0","0","788","0","0","0","0"
"HdRcSKhqD4iG91qtsFpgATit1vZCcJQgbjnZoNdHmnC5","5","0","2.0.19","0.9580827320073456","1","0.95","0.9","0.6728578361773361","0.9976803423195538","0.9947255525312383","1","0.9545037493390885","NO_BOND","0","0","0","1","0","0","789","0","0","0","0"
"FiijvR2ibXEHaFqB127CxrL3vSj19K2Kx1jf2RbK4BWS","10","0","2.0.16","0.9780151040319491","1","0.9","0.8","0.9742519037120594","0.9987815550363255","0.8927017266124783","0.9550986202120869","0.9544601180556992","COMMISSION,NO_BOND","0","0","0","1","0","0","790","0","0","0","0"
"6cvBCfFXugkTqgSFVPvzhoWaLbhHWvZfSsZadWP5rryR","5","0","2.0.19","1","1","0.95","0.9","0.6728578361773361","0.9834641161439823","0.8991546660074171","1","0.954317957574719","NO_BOND","0","0","0","1","0","0","791","0","0","0","0"
"9yYzduhLTmv2C9unYhiEDxKvaTj6D2yeRXL8mFkmTfKc","5","0","2.0.19","1","1","0.95","0.9","0.6728578361773361","0.9834641161439823","0.8991546660074171","1","0.954317957574719","NO_BOND","0","0","0","1","0","3.311413645","792","0","0","0","0"
"AumDzwu4mvm8TthHRcKjCGAWMBbEutMYE3tsPqArue7g","5","0","2.0.19","1","1","0.95","0.9","0.6728578361773361","0.9834641161439823","0.8991546660074171","1","0.954317957574719","NO_BOND","0","0","0","1","0","0","793","0","0","0","0"
"EWQfCyftKLVbeJtJ4idbLDcDFSGaZ6bZHGS5vboUx3VR","5","0","2.0.19","1","1","0.95","0.9","0.6728578361773361","0.9834641161439823","0.8991546660074171","1","0.954317957574719","NO_BOND","0","0","0","1","0","0","794","0","0","0","0"
"66ADRQzSCUySLWsrqaxTLzH29a37SX8xcuda5VJg4Mga","5","0","2.0.19","1","1","0.95","0.9","0.6728578361773361","0.9834641161439823","0.8991546660074171","1","0.954317957574719","NO_BOND","0","0","0","1","0","0","795","0","0","0","0"
"2ueVedJz8CZm85wet8vxPGX2bD3VrhB9oXk46ym9rcDA","5","0","2.0.19","1","1","0.95","0.9","0.6728578361773361","0.9834641161439823","0.8991546660074171","1","0.954317957574719","NO_BOND","0","0","0","1","0","0","796","0","0","0","0"
"9rCg3Nduf3YSPkvYWw421n8Ya8EUJ5KQQvkQaK7G3DkM","5","0","2.0.19","1","1","0.95","0.9","0.6728578361773361","0.9834641161439823","0.8991546660074171","1","0.954317957574719","NO_BOND","0","0","0","1","0","0","797","0","0","0","0"
"FSwhPiYebzF5nNGvWbUUZ4SxGx7kw2QcA7A6xgYz1PZJ","5","0","2.0.19","1","1","0.95","0.9","0.6728578361773361","0.9834641161439823","0.8991546660074171","1","0.954317957574719","NO_BOND","0","0","0","1","0","0","798","0","0","0","0"
"7kmTFq434qDsbuCbJgDsAtih8AurPfUk8u6kc5bJb5Zb","5","0","2.0.19","1","1","0.95","0.9","0.6728578361773361","0.9834641161439823","0.8991546660074171","1","0.954317957574719","NO_BOND","0","0","0","1","0","0","799","0","0","0","0"
"57gGMmhTCxHtLevWHzDdrme3e4SC4UCXEq9oyfR4hDjE","5","0","2.0.19","1","1","0.95","0.9","0.6728578361773361","0.9834641161439823","0.8991546660074171","1","0.954317957574719","NO_BOND","0","0","0","1","0","0","800","0","0","0","0"
"66PSXQ5Z7mFqLZFEMYD657PJFGqwqqqLoFa1rkrp2S7G","5","0","2.0.19","1","1","0.95","0.9","0.6728578361773361","0.9834641161439823","0.8991546660074171","1","0.954317957574719","NO_BOND","0","0","0","1","0","0","801","0","0","0","0"
"EjCgjDEG9Moendqzv8wkCmnJiuNMAkDioYFRQxGYU7gc","5","0","2.0.19","1","1","0.95","0.9","0.6728578361773361","0.9834641161439823","0.8991546660074171","1","0.954317957574719","NO_BOND","0","0","0","1","0","0","802","0","0","0","0"
"1bB6Z9iaL1TM4VTo54B5w1FgCXFDbbtVkVJu4VbiNNc","5","0","2.0.19","1","1","0.95","0.9","0.6728578361773361","0.9834641161439823","0.8991546660074171","1","0.954317957574719","NO_BOND","0","0","0","1","0","0","803","0","0","0","0"
"GDeQhGxQeHC65MWt7o27NdjichewGMm7iCHuZLvgGrsA","5","0","2.0.19","1","1","0.95","0.9","0.6728578361773361","0.9834641161439823","0.8991546660074171","1","0.954317957574719","NO_BOND","0","0","0","1","0","0","804","0","0","0","0"
"6cEvDrwXz3Lq6J5s6iFtg3hcuYoznPPV8g6JZ1mJ5aVf","5","0","2.0.19","1","1","0.95","0.9","0.6728578361773361","0.9834641161439823","0.8991546660074171","1","0.954317957574719","NO_BOND","0","0","0","1","0","0","805","0","0","0","0"
"H4UcftxDC72MW4WYcXuyYmfSQMo9hDXpkGBxycBMVbEi","5","0","2.0.19","1","1","0.95","0.9","0.6728578361773361","0.9834641161439823","0.8991546660074171","1","0.954317957574719","NO_BOND","0","0","0","1","0","0","806","0","0","0","0"
"3S5Pw4wiwvF3B5pXQVzraiFUF2iQUDnowZDTCXBmE33k","5","0","2.0.19","1","1","0.95","0.9","0.6728578361773361","0.9834641161439823","0.8991546660074171","1","0.954317957574719","NO_BOND","0","0","0","1","0","0","807","0","0","0","0"
"8b9afBA43fSDH2GHMFWVgz64Bsi5k96MDkrjPx8esePg","5","0","2.0.19","1","1","0.95","0.9","0.6728578361773361","0.9834641161439823","0.8991546660074171","1","0.954317957574719","NO_BOND","0","0","0","1","0","0","808","0","0","0","0"
"6thJCXmoS2EEgKxiub4ekWysjKWPDc5kAtuMgSui694H","5","0","2.0.19","1","1","0.95","0.9","0.6728578361773361","0.9834641161439823","0.8991546660074171","1","0.954317957574719","NO_BOND","0","0","0","1","0","0","809","0","0","0","0"
"72Ag5dggfQFknHXABYnG172r2vtepa5ugiZDJCmKnx4X","5","0","2.0.19","1","1","0.95","0.9","0.6728578361773361","0.9834641161439823","0.8991546660074171","1","0.954317957574719","NO_BOND","0","0","0","1","0","0","810","0","0","0","0"
"GGKZN9R2aGaW3rBA1HyzSUJESjNccpEfUQtQNZG2z9Dr","5","0","2.0.19","1","1","0.95","0.9","0.6728578361773361","0.9834641161439823","0.8991546660074171","1","0.954317957574719","NO_BOND","0","0","0","1","0","0","811","0","0","0","0"
"bhWgxLuBivaKiUgywT7JXsNhMgF8C6Pjg3j7jFKs58E","5","0","2.0.19","1","1","0.95","0.9","0.6728578361773361","0.9834641161439823","0.8991546660074171","1","0.954317957574719","NO_BOND","0","0","0","1","0","0","812","0","0","0","0"
"8UZnAPPeYMbxju37MDR3it9nTutGhK9F1hKDxZikygfN","5","0","2.0.19","1","1","0.95","0.9","0.6728578361773361","0.9834641161439823","0.8991546660074171","1","0.954317957574719","NO_BOND","0","0","0","1","0","0","813","0","0","0","0"
"2ViVhbfV3uJb5xVBBBs4HZaoMK1M2WhHJB1sRDnp8R4o","5","0","2.0.19","0.969551022145465","1","0.95","0.9","0.6728578361773361","0.9560451816156026","0.9956379352671751","1","0.9542917154749945","NO_BOND","0","0","0","1","0","0","814","0","0","0","0"
"9jJNuZE4EHTrz8xiTzmDGjJnCn5dGmruCyUwG1vgdHZR","5","0","2.0.19","0.9615531445393276","1","0.95","0.9","0.6728578361773361","0.9926511671309333","0.9869649654208764","1","0.9541351768007824","NO_BOND","0","0","0","1","0","0","815","0","0","0","0"
"AbacusTT3yhEFEKkQKjGStDhKDnvSFGpg9EqBwz8FnDF","5","0","2.0.19","0.9115427623409974","1","0.95","0.9","0.9742519037120594","0.9957784992903463","0.9578999111013335","1","0.9539998894551763","NO_BOND","0","0","0","1","0","0","816","0","0","0","0"
"137Hw29uc3HsYkz1YtdG8AheS3a55UKiaAfBWSn28vxA","5","0","2.0.19","0.9984209576312151","1","0.95","0.9","0.6728578361773361","0.9834641161439823","0.8991546660074171","1","0.9538085890686594","NO_BOND","0","0","0","1","0","0","817","0","0","0","0"
"Chorus6Kis8tFHA7AowrPMcRJk3LbApHTYpgSNXzY5KE","8","0","2.0.18","1","1","0.92","0.5","0.9956736881653885","0.9956736881653885","0.9920893467473748","0.7568281096352675","0.9537378724866765","COMMISSION","0","0","0","1","1e-9","42.030250259","818","0","0","0","0"
"FwPkzFcLFGH7GCAELuHVxNMuUV21C4wTdai5BA7Ptz6c","5","0","2.0.19","0.9980611783694635","1","0.95","0.9","0.6728578361773361","0.9834641161439823","0.8991546660074171","1","0.9536925312422879","NO_BOND","0","0","0","1","0","0","819","0","0","0","0"
"FKSXgi9YVuMwUzc4miWhFnJPMTbjJ53XMFgyoCZCo8c","5","0","2.0.19","0.9510556327821353","1","0.95","0.9","0.9450199616641256","0.9760708980753455","0.8927017266124783","0.9861787509155362","0.9536484952792461","NO_BOND","0","0","0","1","0","0","820","0","0","0","0"
"DierScgiTrz5AM7mddeJLHYNvafym3XhjjdM51AnKevU","5","0","2.0.19","0.9423888904850384","1","0.95","0.95","0.9450199616641256","0.9760708980753455","0.8927017266124783","1","0.9536434977049867","NO_BOND","0","0","0","1","0","0","821","0","0","0","0"
"xSGajeS6niLPNiHGJBuy3nzQVUfyEAQV1yydrg74u4v","5","0","2.0.19","0.9381899128986851","1","0.95","0.9","0.9742519037120594","0.9894652015748715","0.8927017266124783","1","0.9535721112124353","NO_BOND","0","0","0","1","0","0","822","0","0","0","0"
"4yk87cJbcWooz3FSScp8aEWVgNium4HR9UbnDUJpvXp2","5","0","2.0.19","0.9555674127376623","1","0.95","0.9","0.6728578361773361","0.9916255447684242","0.9956379352671751","1","0.9532241346808151","NO_BOND","0","0","0","1","0","0","823","0","0","0","0"
"HjGn6RPn77LGaWGvzBHvsNAwNMkpBXo9AgfYToA5Ka2N","5","0","2.0.19","0.9684567713246136","1","0.95","0.9","0.6728578361773361","0.998882929458079","0.9578999111013335","1","0.953214897367109","NO_BOND","0","0","0","1","0","0","824","0","0","0","0"
"Eajfs6oXGGkvjYsxkQZZJcDCLLkUajaHizfgg2xTsqyd","0","0","2.0.18","1","1","1","0","0.9923455878780997","0.9937175560378543","0.9578999111013335","0.9623782436615443","0.9530580637289737","NO_BOND","0","0","0","1","0","0","825","0","0","0","0"
"3iPuTgpWaaC6jYEY7kd993QBthGsQTK3yPCrNJyPMhCD","0","0","2.0.19","1","1","1","1","0.7121148273160368","0.7226685233938855","0.9995038250971058","0.9761056290050231","0.9529826381681354","NO_BOND","0","0","0","1","2.566188717","1.159031763","826","0","0","0","0"
"5rLhUQWKogfKixoUr3XxrMDJEx8FPWBnXCdVgH7YEFGT","0","0","2.0.15","0.8621159508193388","1","1","0.95","0.9944187197385863","0.9957171727235764","0.9988008808213605","1","0.952692967391185","NO_BOND","0","0","0","1","0","0","827","0","0","0","0"
"3bMPt6XEAR7saJYd8H8QpomKkTedLawU678pHvmjHg3Z","5","0","2.0.19","0.8936870788290086","1","0.95","0.9","0.978782770911304","0.9842453647794797","0.998578664892833","1","0.952665067226531","NO_BOND","0","0","0","1","0","0","828","0","0","0","0"
"VNbW721iu6uVkrx246N2BiQth8u4b4SCPJwH3JvUovD","0","0","2.0.19","0.9377805772562763","1","1","1","0.6728578361773361","0.9916255447684242","0.9578999111013335","1","0.9525805717299367","NO_BOND","0","0","0","1","0","0","829","0","0","0","0"
"FSZ4GBucapayiQC8w1VNpKDmzM6NZDBSZmEFZsgMteRr","5","0","2.0.19","0.9376135187536943","1","0.95","0.9","0.8831955492132963","0.9214111132554376","0.9817267807921223","1","0.9524127983515593","NO_BOND","0","0","0","1","0","0","830","0","0","0","0"
"4DBehwe4U1gHaE575LZVnjN1MfyPSyWjidadRJoQcyAR","5","0","2.0.19","0.9922318103948928","1","0.95","0.9","0.6728578361773361","0.9834641161439823","0.8991546660074171","1","0.9518120899601683","NO_BOND","0","0","0","1","0","0","831","0","0","0","0"
"AAfutJ61CwSB4Y1t5iBPVRRaq33nCDEot4WxbdQ6Bahn","5","0","2.0.19","0.9688095294794894","1","0.95","0.9","0.9828666057562943","0.9828666057562943","0.7993843386370983","1","0.9513256670362826","NO_BOND","0","0","0","1","0","0","832","0","0","0","0"
"A5dLWA1kcZZSEjrphF814Da7PW98gz72eG9EPTR4wuqb","5","0","2.0.19","0.9110063881818562","1","0.95","0.9","0.9400525500296809","0.9477779705949491","0.9910843401205105","1","0.9512571049724132","NO_BOND","0","0","0","1","0","0","833","0","0","0","0"
"5vZqGaxGdjhrAVqScWxLiy67ze2PqgMzyNVJcagMvPaQ","5","0","2.0.19","0.9475404728221186","1","0.95","0.9","0.6728578361773361","0.9980493036870545","0.9947255525312383","1","0.9511387265084508","NO_BOND","0","0","0","1","0","0","834","0","0","0","0"
"7yGMaEA2HBLKJzLwXEMGg2fJBffZwMhVT4oQgqhJUP5N","5","0","2.0.19","0.9597263827893446","1","0.95","0.9","0.6728578361773361","0.9560451816156026","0.9956379352671751","1","0.9511224769730202","NO_BOND","0","0","0","1","0","0","835","0","0","0","0"
"F1emDGY23U6YpJj4H4af2CHcHUmiDGgAWs2xvWYZHWdR","5","0","2.0.19","0.952132132430793","1","0.95","0.9","0.6728578361773361","0.9926511671309333","0.9869649654208764","1","0.951096140636739","NO_BOND","0","0","0","1","0.00002831","3.570008258","836","0","0","0","0"
"33jhUy4KkZ3AxRfqLshb4u6u6pA1MC6yoNHrKWNeRxbg","5","0","2.0.19","0.9630789026864146","1","0.95","0.9","0.6728578361773361","0.9932777564546058","0.9578999111013335","1","0.9509376649350959","NO_BOND","0","0","0","1","0","0","837","0","0","0","0"
"F82nmpcZMdHtMVsLtAGByPavdN5WuEX1hjNwzs3UFuwq","0","0","2.0.19","1","1","1","0.9","0.7121148273160368","0.7226685233938855","0.9982555246304362","1","0.9505650749463057","NO_BOND","0","0","0","1","0","0","838","0","0","0","0"
"51JBzSTU5rAM8gLAVQKgp4WoZerQcSqWC7BitBzgUNAm","10","0","2.0.19","1","1","0.9","0.9","0.9706734438751854","0.9706734438751854","0.9848338941799452","0.5861436631273954","0.9504835523338869","COMMISSION,NO_BOND","0","0","0","1","0","0","839","0","0","0","0"
"ERXQNpsCnxHWhiTjFTKuRYRJs13hHqSKJdx5aDGe8Ww3","5","0","2.0.19","0.953264299324746","1","0.95","0.9","0.6728578361773361","0.9640367518802831","0.9994752319903875","1","0.9503064467485333","NO_BOND","0","0","0","1","0","0","840","0","0","0","0"
"5zDuZ9QYyREv5yWJpKJ9x96R5HPEmBMMcMV8VhP1zmUb","5","0","2.0.19","1","1","0.95","0","0.9973349686360685","0.9992158950663164","0.9578999111013335","1","0.9501737828024651","NO_BOND","0","0","0","1","0.1","1480.463775816","841","0","0","0","0"
"mStRhdPx1gCC8aTteWrEzqxLyjsn7nqh2LqsCZ2Bihr","5","0","2.0.19","0.8819564559163167","1","0.95","0.9","0.9899404716429412","0.9910285485972158","0.9908960333465555","1","0.9492659768266747","NO_BOND","0","0","0","1","0","0","842","0","0","0","0"
"2PpHNHPLseBb4doTu1ajTwAxCrjmu7ubReDHKPrjxi9F","5","0","2.0.19","0.8719406670669123","1","0.95","0.92","0.9943941819391231","0.999944061497373","0.999944061497373","1","0.9491123053235154","NO_BOND","0","0","0","1","0","0","843","0","0","0","0"
"GeYn4XjKycYJ6NqTFb94sYowMrtmKfHBcorE6SGAomQN","5","0","2.0.19","1","1","0.95","0.9","0.8831955492132963","0.9214111132554376","0.7993843386370983","1","0.9490094126690742","NO_BOND","0","0","0","1","0","0","844","0","0","0","0"
"edu1fZt5i82cFm6ujUoyXLMdujWxZyWYC8fkydWHRNT","5","0","2.0.16","0.9483290013255227","1","0.95","0.92","0.9742519037120594","0.9967436622977689","0.8927017266124783","0.8537310288584026","0.9488700571528829","NO_BOND","0","0","0","1","0","0","845","0","0","0","0"
"ChaosDKeBjU22B4nnvYWXyTRPuWTzJBR4m3QPfBw6Tta","0","0","2.0.19","0.9578104633816064","1","1","0.95","0.6728578361773361","0.9834641161439823","0.8991546660074171","1","0.948772945762334","NO_BOND","0","0","0","1","0","0","846","0","0","0","0"
"YWKwnuovuAw4X3VDPJDPo5DPZ4TmdxsXzLArbvqu3Ph","5","0","2.0.19","0.8797366748790215","1","0.95","0.9","0.9899404716429412","0.9910285485972158","0.9908960333465555","1","0.9485499184275473","NO_BOND","0","0","0","1","0","0","847","0","0","0","0"
"jVYhgtviF8DjxGQp3JYS6YZXoXA2LontoxK9cqQmjq3","5","0","2.0.19","0.9437889143963578","1","0.95","0.9","0.6728578361773361","0.9926511671309333","0.9869649654208764","1","0.9484047799804695","NO_BOND","0","0","0","1","0","0","848","0","0","0","0"
"GtieaErmxgFVySoaxcN3RP3m6kcmpWGqknZ3peXkaRPC","5","0","2.0.19","0.912047260479435","1","0.95","0.9","0.9973349686360685","0.9981220304307233","0.8991546660074171","1","0.9482986224963976","NO_BOND","0","0","0","1","0","0","849","0","0","0","0"
"F2aGhv2o1j6zzBPrfdiXuSSek17nPwXqHqwKMdW8Rfxc","5","0","2.0.19","0.9490209528897443","1","0.95","0.9","0.6728578361773361","0.9560451816156026","0.9956379352671751","1","0.9476691124892782","NO_BOND","0","0","0","1","0","0","850","0","0","0","0"
"2Z3wkL3hKB9ERwcPCDXLok7ZY5SKWC6m2ExhmDRRuCEv","5","0","2.0.19","0.9560441560706484","1","0.95","0.9","0.9828666057562943","0.9828666057562943","0.7993843386370983","1","0.9472078046463338","NO_BOND","0","0","0","1","0","0","851","0","0","0","0"
"ASifxiwxht8FvsiV3VcLngsCBMw4E6zw3QMWoJTbM4Uf","10","0","2.1.3","1","1","0.9","0","0.9984566485363041","0.9984579635243177","0.9826269806694102","1","0.9471979067846195","COMMISSION,NO_BOND","0","0","0","1","0","0","852","0","0","0","0"
"votrmVhKBfy2taHK5RYXb8XF8zfgU8jK3VTi77KL8Bz","0","0","2.0.18","0.9634153259790024","1","1","1","0.8831955492132963","0.9214111132554376","0.7993843386370983","1","0.947171453307462","NO_BOND","0","0","0","1","0","0","853","0","0","0","0"
"F5b1wSUtpaYDnpjLQonCZC7iyFvizLcNqTactZbwSEXK","0","0","2.0.19","1","1","1","1","0.8831955492132963","0.9707507348025519","0.8927017266124783","0.5553000276746822","0.9470983956333395","NO_BOND","0","0","0","1","7.85e-7","0","854","0","0","0","0"
"53gnaHMxDzGTZ9A58S4jbc1qzhYT4X51thUD4MdSBiyo","5","0","2.0.19","0.9433022191193208","1","0.95","0.9","0.6728578361773361","0.9640367518802831","0.9994752319903875","1","0.9470928724887185","NO_BOND","0","0","0","1","0","0","855","0","0","0","0"
"GbRQmLLZFwc6Y2T6LWeKAj4jYRUA216kp2qrVrpT9avM","5","0","2.0.19","0.9348728712572039","1","0.95","0.9","0.6728578361773361","0.9976803423195538","0.9947255525312383","1","0.947016697484204","NO_BOND","0","0","0","1","0","0","856","0","0","0","0"
"9ZPYFXWnVTjzDUMMJNKzfqCNJaC1SEyRSHtSytAd5meS","5","0","2.0.19","0.934639881108494","1","0.95","0.9","0.6728578361773361","0.9976803423195538","0.9947255525312383","1","0.946941539371717","NO_BOND","0","0","0","1","0","0","857","0","0","0","0"
"46Acpa1Md9k2Nxkr7Xp7eDRbzNt4AGXPGyzZ4fnJ7z8y","5","0","2.0.19","0.9466021238700496","1","0.95","0.9","0.6728578361773361","0.9560451816156026","0.9956379352671751","1","0.9468888450635702","NO_BOND","0","0","0","1","0","0","858","0","0","0","0"
"Hm2uPQbdNCRjiwSJnA9edrMVC2PBUPa6qBWfC12RHx1B","5","0","2.0.19","0.9461384731392003","1","0.95","0.9","0.6728578361773361","0.9560451816156026","0.9956379352671751","1","0.9467392803116833","NO_BOND","0","0","0","1","0","0","859","0","0","0","0"
"8F1yhZvTwrFq5SqJ5PH2VLRRwULUGYHju84FjMtDbJPJ","5","0","2.0.18","0.9567560990957665","1","0.93","0.9","0.6728578361773361","0.998882929458079","0.9578999111013335","0.9962869511215893","0.946734741881777","NO_BOND","0","0","0","1","0","0","860","0","0","0","0"
"2tdiMkw7vc7ELX6YSQVRdEWFuwAmmYCTcvgqsCTTVRHc","5","0","2.0.19","0.9457343000937851","1","0.95","0.9","0.6728578361773361","0.9560451816156026","0.9956379352671751","1","0.9466089019099365","NO_BOND","0","0","0","1","0","0","861","0","0","0","0"
"5zjXNe2uvviFsxqEqAWKKZ9EhcwegCDjrjxQ9GEW4NyU","5","0","2.0.19","0.9450202523467649","1","0.95","0.92","0.6728578361773361","0.998882929458079","0.9578999111013335","1","0.9464143428581255","NO_BOND","0","0","0","1","0","0","862","0","0","0","0"
"HSV5EHECVyJhDFV1uApzXbU7uK17Z1FXcvtJvHyi2jXC","5","0","2.0.19","0.9802846796904858","1","0.95","0","0.978782770911304","0.9842453647794797","0.9984035931264601","1","0.9463946066313466","NO_BOND","0","0","0","1","0","0","863","0","0","0","0"
"6K5veuKeVeXXnJQVm9NPytNX3ZAbUoGWePyC83ymRUCh","5","0","2.0.19","0.9314919005766611","1","0.95","0.9","0.6728578361773361","0.9976803423195538","0.9947255525312383","1","0.9459260617808032","NO_BOND","0","0","0","1","0","0","864","0","0","0","0"
"Mxv1Ubm71XoUvxrN3qjN8ii6Bh5b43NuuKywsWx6ox2","0","0","2.0.19","1","1","1","0.9","0.6728578361773361","0.9640367518802831","0.7993843386370983","1","0.9457297833078684","NO_BOND","0","0","0","1","0","0","865","0","0","0","0"
"7rFAeD5UT4fy8cQCnY8Y5F8GW1Wgw345Nxb7diXu5cjG","5","0","2.0.19","0.9343662210583279","1","0.95","0.9","0.6728578361773361","0.996342184058184","0.9869649654208764","1","0.9457223966708389","NO_BOND","0","0","0","1","0","0","866","0","0","0","0"
"9Q1cWVFNc4UgU7dyFy29mUyeDnNZWSDaJKYVAR5jLpaK","0","0","2.0.19","1","1","0.97","0.9","0.8656153641489388","0.8728048698955717","0.7993843386370983","1","0.9456375707268706","NO_BOND","0","0","0","1","0","0","867","0","0","0","0"
"BARLL1NvF3jPHQ3zb82q1v5m6uewcpkgRBYVNufQMWjo","5","0","2.0.17","1","1","0.95","0.92","0.7121148273160368","0.7226685233938855","0.9982137442358486","1","0.9451538129599073","NO_BOND","0","0","0","1","1e-9","26.860664305","868","0","0","0","0"
"GiAsNLcrHMMwmd5H9RqAxKgbwoiBVw43Yb5b9eL2uhWh","5","0","2.0.19","0.9066814375223653","1","0.95","0.9","0.9923455878780997","0.9937175560378543","0.8927017266124783","1","0.9449869395336559","NO_BOND","0","0","0","1","0","0","869","0","0","0","0"
"5WF1VwByGfW31Nmk1xcfz9k5YyZLskX4659JXyAA3rpb","5","0","2.0.19","0.9281546837203145","1","0.95","0.9","0.6728578361773361","0.9932777564546058","0.9968690925065954","1","0.9447000693209037","NO_BOND","0","0","0","1","0","0","870","0","0","0","0"
"6CscV2sTXdurJKwuJ6RZnPKca6pNhqAhN57ygKga2T7G","10","0","2.2.0","1","1","0.9","0","0.9828666057562943","0.9828666057562943","0.9826269806694102","1","0.944683256498681","COMMISSION,NO_BOND","0","0","0","1","0","0","871","0","0","0","0"
"8WVqaMTGPKsVSFBBPgm1vHRvSzTZYhJStQhUva1jtg78","5","0","2.0.19","0.9268886618561277","1","0.95","0.9","0.6728578361773361","0.9998488244053084","0.9947255525312383","1","0.9446509991695751","NO_BOND","0","0","0","1","0.18243573999999999","3249.799130678","872","0","0","0","0"
"C9pfCHG1zx5fTtmbsFwLG6yFoztyUVXoCmirUcCe2dt7","5","0","2.0.19","0.9354386020697709","1","0.95","0.9","0.6728578361773361","0.9884497456957306","0.981794840764064","1","0.9446374288127688","BLACKLIST,NO_BOND","1","0","0","1","0","0","873","0","0","0","0"
"DriFTm3wM9ugxhCA1K3wVQMSdC4Dv4LNmyZMmZiuHRpp","0","0","2.0.19","1","1","1","1","0.8656153641489388","0.8728048698955717","0.7993843386370983","0.8674710004559856","0.9445846675304824","NO_BOND","0","0","0","1","0","1.821713394","874","0","0","0","0"
"EJEsgjKdxKPe5mRaepH6bT8Q8xfSo7Lr9G7iEi6AgZMR","5","0","2.0.19","0.9384484009506758","1","0.95","0.9","0.6728578361773361","0.9560451816156026","0.9956379352671751","1","0.9442586118637722","NO_BOND","0","0","0","1","0","0","875","0","0","0","0"
"HCvnhbT3Sn5RsueDisWzzn5FkW8tAqoQK1dr7cvAVzin","7","0","2.0.19","0.9333812248899761","1","0.93","0.93","0.8656153641489388","0.9993661262224051","0.8927017266124783","0.9927401601721844","0.9441751155696496","NO_BOND","0","0","0","1","0","0","876","0","0","0","0"
"7ZJHBz4SzQw1GDQZRaCMLvo7uoUo7cY1BUioA7mdfD65","5","0","2.0.15","0.9305309297087864","1","0.95","0.9","0.6728578361773361","0.9926511671309333","0.9869649654208764","1","0.9441280107264142","NO_BOND","0","0","0","1","0","0","877","0","0","0","0"
"8gGA1SZZ4ASou3mHm61T6vM4jskkjYzXFmbCLwtU3x3j","5","0","2.0.19","0.9243997233108197","1","0.95","0.9","0.6728578361773361","0.9980493036870545","0.9947255525312383","1","0.9436739686015801","NO_BOND","0","0","0","1","0","0","878","0","0","0","0"
"D4A3ZYhd3zH6h8QKykreea7x3ajvuwnw1yZD3nRrjiHC","5","0","2.0.19","0.9338960400733435","1","0.95","0.9","0.6728578361773361","0.9640367518802831","0.9956379352671751","1","0.9435634861225052","NO_BOND","0","0","0","1","0","0","879","0","0","0","0"
"9BSZriSFS8Yb835exZwTLN19Dqy9B43yvuMAAdL3nBvz","10","0","2.2.0","1","1","0.9","0","0.9450199616641256","0.9961267510255337","0.9826269806694102","1","0.9435247773897579","COMMISSION,NO_BOND","0","0","0","1","0","0","880","0","0","0","0"
"BRrgfW2AKKYYEGVU6j1mbnoQajHTRuUgXCAPPzFgcF9q","10","0","2.2.0","1","1","0.9","0","0.9450199616641256","0.9961267510255337","0.9826269806694102","1","0.9435247773897579","COMMISSION,NO_BOND","0","0","0","1","0","0","881","0","0","0","0"
"BKccvpa2f5McCLjE91pSGzEY6Ac5sWm1jmHy5QmZ1vTm","5","0","2.0.19","1","1","0.95","0.9","0.7121148273160368","0.7226685233938855","0.9910843401205105","1","0.943474276945025","NO_BOND","0","0","0","1","0","0","882","0","0","0","0"
"EujFnyMz71DXdN93GeSCDU7pFiy1vrFG7cAbtfAhFeSe","5","0","2.0.19","1","1","0.95","0.9","0.7121148273160368","0.7226685233938855","0.9910843401205105","1","0.943474276945025","NO_BOND","0","0","0","1","0","0","883","0","0","0","0"
"8GN7k7hoSXtuZ9iGwNcQbEDHBiyf8AhFKCSAi2me1pTe","5","0","2.0.19","1","1","0.95","0.9","0.7121148273160368","0.7226685233938855","0.9910843401205105","1","0.943474276945025","NO_BOND","0","0","0","1","0","0","884","0","0","0","0"
"CQr9DJLMeYqmXcfG8Z8cgSFw7ntXvVUamBM3dMVzWiJz","5","0","2.0.19","1","1","0.95","0.9","0.7121148273160368","0.7226685233938855","0.9910843401205105","1","0.943474276945025","NO_BOND","0","0","0","1","0","0","885","0","0","0","0"
"1M5USfamd1N4i1z6UZeECrWeu2VfrxjYMBSXThu6TqB","5","0","2.0.19","1","1","0.95","0.9","0.7121148273160368","0.7226685233938855","0.9910843401205105","1","0.943474276945025","NO_BOND","0","0","0","1","0","0","886","0","0","0","0"
"6wLyyZDBRy88MhyfNK1qjqWjihfdcZWksSHiYecZ3ArH","5","0","2.0.19","1","1","0.95","0.9","0.7121148273160368","0.7226685233938855","0.9910843401205105","1","0.943474276945025","NO_BOND","0","0","0","1","0","0","887","0","0","0","0"
"hxVjzDmta9TuN1gM981TRKnfwG2uZ9TQDGwSCs3uDow","0","0","2.0.19","1","1","0.95","0.9","0.8656153641489388","0.8728048698955717","0.7993843386370983","1","0.9431713771784834","NO_BOND","0","0","0","1","0","0","888","0","0","0","0"
"eyeVhGmVEoPSWmQU2wP5WZmMihPBTCk7kMMm4VhuAKS","5","0","2.0.19","1","1","0.95","0.9","0.8656153641489388","0.8728048698955717","0.7993843386370983","1","0.9431713771784834","NO_BOND","0","0","0","1","0","0","889","0","0","0","0"
"chdv8H9fPfk2zFqSVaxRjsEo2qEDmswbju3BVgAHPNb","0","0","2.0.19","1","1","0.95","0.9","0.8656153641489388","0.8728048698955717","0.7993843386370983","1","0.9431713771784834","NO_BOND","0","0","0","1","0","0","890","0","0","0","0"
"hnhxfrndd827LET6jvnQV4aWqpS2EedaHcT4gj8ArSu","0","0","2.0.19","1","1","0.95","0.9","0.8656153641489388","0.8728048698955717","0.7993843386370983","1","0.9431713771784834","NO_BOND","0","0","0","1","0","0","891","0","0","0","0"
"6MP6Bun9VmkGcRVU4iF14Q8P7jTkGtQW9zVwmB9kCYyK","0","0","2.0.19","1","1","0.95","0.9","0.8656153641489388","0.8728048698955717","0.7993843386370983","1","0.9431713771784834","NO_BOND","0","0","0","1","0","0","892","0","0","0","0"
"dedxrPfNqPKBRmUyP9LDkaitpQzU6PD44jA6GP9Ndhk","5","0","2.0.19","1","1","0.95","0.9","0.6728578361773361","0.9966750434612545","0.7993843386370983","1","0.9427228437834462","NO_BOND","0","0","0","1","0","0","893","0","0","0","0"
"6X8ZbfHrRgmLuPBRAsxDMjUv49yAt9T4M9W8WxXU7cQf","0","0","2.0.19","0.9603725441117131","1","1","0","0.9923455878780997","0.9937175560378543","0.9578999111013335","1","0.9427022235287815","NO_BOND","0","0","0","1","0","0","894","0","0","0","0"
"6V8U2Fkwworj6xfFukBBVHgvgcXWXo8ghghCpsYUSgZJ","5","0","2.0.19","0.9334361764398439","1","0.95","0.9","0.6728578361773361","0.9560451816156026","0.9956379352671751","1","0.9426417652473748","NO_BOND","0","0","0","1","0","0","895","0","0","0","0"
"9NZ18GkTnXZug6eXAzpBsmyCsYfAJ7mL9bgUfSJDSAKr","5","0","2.0.19","0.9039541119901947","1","0.95","0.9","0.9742519037120594","0.9894652015748715","0.8927017266124783","1","0.942528304467761","NO_BOND","0","0","0","1","0","0","896","0","0","0","0"
"2yruMEFWuAJ9C2jv5JyjAfgTZVGhCmv5945TUwdP17kk","5","0","2.0.19","0.9203144318344875","1","0.95","0.9","0.6728578361773361","0.9980493036870545","0.9947255525312383","1","0.9423561326414729","NO_BOND","0","0","0","1","0","0","897","0","0","0","0"
"rapxbkwBSSvtqRFrsY83f51oUuZNuVXci74MuzYhiCy","5","0","2.0.19","1","1","0.95","0.9","0.6728578361773361","0.9916255447684242","0.7993843386370983","1","0.9422341826196239","NO_BOND","0","0","0","1","0","0","898","0","0","0","0"
"3VTepuwgRA9nyw2JESdnqrb5cqFZS3vD3R4TuuV2wGHA","5","0","2.0.19","0.9677241767195026","1","0.95","0","0.978782770911304","0.9842453647794797","0.9973477537712613","1","0.9422065941432618","NO_BOND","0","0","0","1","0","0","899","0","0","0","0"
"88GrXE71Kn7oxrptCy8bgmQHBwVhxXz9EGwZ981N3j2Z","5","0","2.0.20","0.9602749364632236","1","0.95","0","0.9944187197385863","0.9957171727235764","0.9991564603829403","1","0.9421559407681257","NO_BOND","0","0","0","1","0","0","900","0","0","0","0"
"DU7Xi2JhP5UFUZaLgPkne2VkQueJdts7YosdHyYcJ7bE","5","0","2.0.20","0.9602743435568336","1","0.95","0","0.9944187197385863","0.9957171727235764","0.9991564603829403","1","0.942155749508","NO_BOND","0","0","0","1","0","0","901","0","0","0","0"
"5ysJtUNfmASWjzdQy1vyvrVp9jAg5Vq791HABeobrCX5","5","0","2.0.19","0.9123986784294493","1","0.95","0.9","0.9450199616641256","0.9760708980753455","0.8927017266124783","1","0.9420702034935063","NO_BOND","0","0","0","1","0","0","902","0","0","0","0"
"CSWfwhactcdyK2YcRmk3Hx1AZzNKDFnCecwiYsJDkuSm","5","0","2.0.19","1","1","0.95","0.95","0.6728578361773361","0.9640367518802831","0.7993843386370983","1","0.9414633316949651","NO_BOND","0","0","0","1","0","0","903","0","0","0","0"
"GC8W2uHZ9UyrmgoDGsuFt322L18cRhsbKxWiZ579aLM6","5","0","2.0.19","0.9003612437240012","1","0.95","0.9","0.9742519037120594","0.9894652015748715","0.8927017266124783","1","0.9413693147044729","NO_BOND","0","0","0","1","0","0","904","0","0","0","0"
"FWwnxVb7Q59MoMraDN2k8gqkdJJVd2qu9o5iiQsxpoUp","10","0","2.1.7","0.9815813867113053","1","0.9","0","0.9984566485363041","0.9984579635243177","0.9826269806694102","1","0.9412564186269761","COMMISSION,NO_BOND","0","0","0","1","0","0","905","0","0","0","0"
"Pond1QyT1sQtiru3fi9G5LGaLRGeUpJKR1a2gdbq2u4","0","0","2.0.14","1","1","1","1","0.8656153641489388","0.8728048698955717","0.7993843386370983","0.8119176494275834","0.9410005803673597","NO_BOND","0","0","0","1","0","0","906","0","0","0","0"
"7VKJjStSELiuK9PRQzQmQCGgy627sGSRSJhCVobMLVqL","5","0","2.0.19","0.9160164509443737","1","0.95","0.9","0.6728578361773361","0.9976803423195538","0.9947255525312383","1","0.9409339812542588","NO_BOND","0","0","0","1","0","0","907","0","0","0","0"
"HSjWikZVP8JmNUa1VqZuQuhQzkK4WrBmiJn1VVEtvuZQ","5","0","2.0.19","0.9894384366649014","1","0.95","0.9","0.7121148273160368","0.7226685233938855","0.9910843401205105","1","0.940067321030477","NO_BOND","0","0","0","1","0","0","908","0","0","0","0"
"C9t4MQD7GGidZvdy9AV8Nwmnoou1jZEa7ZsEZnw5BncX","5","0","2.0.19","0.9164976858272584","1","0.95","0.9","0.6728578361773361","0.996342184058184","0.9869649654208764","1","0.9399583530479133","NO_BOND","0","0","0","1","0","0","909","0","0","0","0"
"EpicsoqLdDP8qRn3wQRKTSKAXbjK9dUgFfNPRQS77MQD","0","0","2.0.19","0.9710056113536558","1","1","1","0.6728578361773361","0.9560451816156026","0.7993843386370983","1","0.9394014414608526","NO_BOND","0","0","0","1","0","0","910","0","0","0","0"
"CwSZ17woioM2bqEbaswZJYvx5pemN6t3shBcU6zqPHyG","5","0","2.0.19","1","1","0.95","0.9","0.6728578361773361","0.9620262925484746","0.7993843386370983","1","0.939369738856403","NO_BOND","0","0","0","1","0","3.841140869","911","0","0","0","0"
"wetwJSUHT5afX3gP49q75gkz8FcCfvsw2kuSQ1UjT9R","5","0","2.0.19","1","1","0.95","0.9","0.6728578361773361","0.9620262925484746","0.7993843386370983","1","0.939369738856403","NO_BOND","0","0","0","1","0","0","912","0","0","0","0"
"4k4op6epymSYQkuJoX31azW2bdXh3exmEsj7wLCRKaPB","0","0","2.0.19","1","1","1","1","0.8831955492132963","0.9214111132554376","0.6452141135898177","1","0.9390800287920057","NO_BOND","0","0","0","1","0","0","913","0","0","0","0"
"HaTniLULzUW7Mfq5qBXPU3okduucnoq81Kr21niLjNgT","0","0","2.0.15","1","1","1","1","0.8831955492132963","0.9214111132554376","0.6452141135898177","1","0.9390800287920057","NO_BOND","0","0","0","1","0","0","914","0","0","0","0"
"motHerBDDLoLpk1VwWmztHvw81sMdyoQKtcGsdbYzYq","0","0","2.0.19","1","1","1","1","0.8831955492132963","0.9214111132554376","0.6452141135898177","1","0.9390800287920057","NO_BOND","0","0","0","1","0","0","915","0","0","0","0"
"FREEL1BCzmPpNneC7FHCtBqzeWYrHRbtisFvi4N8XUP9","0","0","2.0.15","1","1","1","1","0.8831955492132963","0.9214111132554376","0.6452141135898177","1","0.9390800287920057","NO_BOND","0","0","0","1","0","0","916","0","0","0","0"
"8dHAjvZbnBfi67A7RTBXyMuq6uomJNNyre9guENFGcFD","0","0","2.0.15","1","1","1","1","0.8831955492132963","0.9214111132554376","0.6452141135898177","1","0.9390800287920057","NO_BOND","0","0","0","1","0","0","917","0","0","0","0"
"5EYp3kCdMLq52vzZ4ucsVyYaaxQe5MKTquxahjXpcShS","2","0","2.0.18","1","1","0.98","0.92","0.9400525500296809","0.9477779705949491","0.6452141135898177","0.98654601717808","0.938927209695472","NO_BOND","0","0","0","1","0","0","918","0","0","0","0"
"Love31JHTTweTzCu3BjyjhXJadjRrd57hiNZn7M1fLj","5","0","2.0.19","1","1","0.95","0.9","0.6728578361773361","0.9560451816156026","0.7993843386370983","1","0.9387909216693509","NO_BOND","0","0","0","1","0","0","919","0","0","0","0"
"nateBZg7oHVPLB2samBLkKvfzedU3ALZBexMFPMKjn1","5","0","2.0.19","1","1","0.95","0.9","0.6728578361773361","0.9560451816156026","0.7993843386370983","1","0.9387909216693509","NO_BOND","0","0","0","1","0","0","920","0","0","0","0"
"G1EAMrJcvzs5SwqAQRgDTjYBEGrxxJVwNS7qiUtB3akg","5","0","2.0.19","1","1","0.95","0.9","0.6728578361773361","0.9560451816156026","0.7993843386370983","1","0.9387909216693509","NO_BOND","0","0","0","1","0","0","921","0","0","0","0"
"G7vraB2xC1yMLp7X451Wof4DyEqsWzSXXtTKdRJb91k6","5","0","2.0.19","0.9229737637610537","1","0.95","0.9","0.6728578361773361","0.9620262925484746","0.9869649654208764","1","0.9387265177191657","BLACKLIST,NO_BOND","1","0","0","1","0","0","922","0","0","0","0"
"DQ7D6ZRtKbBSxCcAunEkoTzQhCBKLPdzTjPRRnM6wo1f","7","0","2.0.15","1","1","0.93","1","0.6728578361773361","0.9620262925484746","0.9578999111013335","0.6505865640834227","0.9386124297603959","NO_BOND","0","0","0","1","0","0","923","0","0","0","0"
"DyDjFYB6i51FMHQvB4eKSwGHmgMxVf1i3FWwANAngqyY","5","0","2.0.19","0.9133292182095849","1","0.95","0.9","0.6728578361773361","0.9926511671309333","0.9869649654208764","1","0.9385790715331234","NO_BOND","0","0","0","1","0","0","924","0","0","0","0"
"4EsJD6cpaae8rh27U9pHsfxAheCLQnze1bDvXZfpjcUv","0","0","2.0.15","1","1","1","1","0.8831955492132963","0.9214111132554376","0.6452141135898177","0.9905748056531624","0.938471951737371","NO_BOND","0","0","0","1","0","0","925","0","0","0","0"
"9EW9kJVj4GYqXmFcN7XzfxuUEfrB5HLm5jsBNscdBBXb","5","0","2.0.19","0.9001124510775249","1","0.95","0.9","0.9450199616641256","0.9753748972900845","0.8927017266124783","1","0.9380395494330216","NO_BOND","0","0","0","1","0","0","926","0","0","0","0"
"ARondxXAhmFsVfVkhyBuCvnszpzpH2Joge1nD65L1G4V","5","0","2.0.19","0.9064602604406494","1","0.95","0.9","0.6728578361773361","0.9980493036870545","0.9947255525312383","1","0.9378870450950736","NO_BOND","0","0","0","1","0","0","927","0","0","0","0"
"jKDESr1NRt5frYqhBfBZdEJezXfuWifjfTaTWRZFvW3","5","0","2.0.19","0.927125724947032","1","0.95","0.9","0.9828666057562943","0.9828666057562943","0.7993843386370983","1","0.9378792784774254","NO_BOND","0","0","0","1","0","0","928","0","0","0","0"
"8tjRQLzor4dP4qd1e7pVDdQmsdwdVv4kSeCVEHwWEiQW","3","0","2.0.19","1","1","0.97","0.92","0.8656153641489388","0.8728048698955717","0.7993843386370983","0.867970997360163","0.9378791834597844","NO_BOND","0","0","0","1","0","0","929","0","0","0","0"
"HeyVYASPrUcKBwV25axjdjjWzXbMs4sR5XCEt1u2f2N1","0","0","2.0.19","0.8349567067382422","0.9845418342180582","1","1","0.9923455878780997","0.9937175560378543","0.9578999111013335","1","0.9377328944112197","NO_BOND","0","0","0","1","0","0","930","0","0","0","0"
"ABs7XJAwHJpmBfC2y677bH5jzNtt5cAxXc14Q5bWgQRd","5","0","2.0.19","0.918820175991083","1","0.95","0.9","0.8656153641489388","0.8728048698955717","0.9578999111013335","1","0.9374379594290567","NO_BOND","0","0","0","1","0","0","931","0","0","0","0"
"7YsusVeBfTtWx9MrU9DMjTEji69sibXhkVaFjZ4uC1E4","5","0","2.0.19","1","1","0.95","0","0.7121148273160368","0.9999378103425138","0.9998700809336688","1","0.9372578519159449","NO_BOND","0","0","0","1","0","0","932","0","0","0","0"
"pt1LsjkNwqCKdYYfc35ToDkqtEG9pswLTJNaMo8inft","0","0","2.0.19","0.962854879090585","1","1","0.92","0.6728578361773361","0.9916255447684242","0.7993843386370983","1","0.9371769823262641","NO_BOND","0","0","0","1","0","0","933","0","0","0","0"
"2YnL16L174Tj8awY9FfRfR5odpGNEbLnx3dM6CRt9L81","5","0","2.0.19","0.9811485496741391","1","0.95","0.9","0.8656153641489388","0.8728048698955717","0.7993843386370983","1","0.9370902641701412","NO_BOND","0","0","0","1","0","0","934","0","0","0","0"
"C8MLmDCg3LReWoNCkFdHgsscFpHx2WdtcU9ZziNfXrhd","5","0","2.0.19","0.9129253967502323","1","0.95","0.9","0.6728578361773361","0.9620262925484746","0.9968690925065954","1","0.9367630608880259","NO_BOND","0","0","0","1","0","0","935","0","0","0","0"
"BqcP9Uj8R6jAG9btZLPxhnPtZBjCTQax6qmuztby2xoG","5","0","2.0.19","0.9271710697589173","1","0.95","0.9","0.6728578361773361","0.9620262925484746","0.9578999111013335","1","0.9363301578062775","NO_BOND","0","0","0","1","0","0","936","0","0","0","0"
"8cKzJdvB1imSKAg1SeY6yMmNDgVkxhtqMcuZgiyWQTmx","5","0","2.0.19","0.9144084262754313","1","0.95","0.9","0.6728578361773361","0.9620262925484746","0.9869649654208764","1","0.9359635056270295","NO_BOND","0","0","0","1","0","0","937","0","0","0","0"
"2m15uU8ifpfLY2myMCeNcxwn81KxXoQ2g7akG7Wf6pm3","5","0","2.0.15","0.9022530915291603","1","0.95","0.9","0.6728578361773361","0.9998155832158994","0.9869649654208764","1","0.9356994580315317","NO_BOND","0","0","0","1","0","0","938","0","0","0","0"
"3z4NrwnS72RkSmnZ89MNr3GMxga1WWjjW7qGArg8wCng","5","0","2.0.19","0.9756166839511075","1","0.95","0.9","0.8656153641489388","0.8728048698955717","0.7993843386370983","1","0.93530579135626","NO_BOND","0","0","0","1","0","0","939","0","0","0","0"
"3kV8UahWWN7Fh41PddYczuismJSLjtrKhYRZW5RUqiEK","5","0","2.0.19","0.898226695122504","1","0.95","0.9","0.6728578361773361","0.9976803423195538","0.9947255525312383","1","0.9351953503439783","NO_BOND","0","0","0","1","0","0","940","0","0","0","0"
"4YykTGwg94GgHZEPSsQfbaMaEE9HHAHqSuXT65L6C6wf","0","2.925517977","2.0.15","1","1","1","0","0.6728578361773361","0.9999383052018426","0.9553787018441494","1","0.9351498514624773","NO_BOND","0","0","0","1","0","0","941","0","0","0","0"
"Gk7aonsprBZXQBMMEDgRVJ6RdMRwBd3KXQcu6k2T7hyU","5","0","2.0.19","0.9450416653769946","1","0.95","0","0.978782770911304","0.9842453647794797","0.9984035931264601","1","0.935025892336672","NO_BOND","0","0","0","1","0","0","942","0","0","0","0"
"5HVnkucygxhRqnVqch1vEoH36CEpb9TRJAQHW1gKwuzD","5","0","2.0.19","0.9695820900911443","1","0.95","0.9","0.7121148273160368","0.7226685233938855","0.9982555246304362","1","0.9345873620724813","NO_BOND","0","0","0","1","0","0","943","0","0","0","0"
"mrgn6ETrBDM8mjjYN8rbVwFqVwF8z6rtmvGLbdGuVUU","0","0","2.0.19","1","1","1","1","0.9706734438751854","0.9706734438751854","0.6452141135898177","0.7674088855262511","0.9344852078963773","NO_BOND","0","0","0","1","0","0","944","0","0","0","0"
"H97b7WujYu1qRLdngfSWVxsXpasMoTaCfRbNx3qvu3ev","5","0","2.0.19","0.9371429746823893","1","0.95","0.9","0.6728578361773361","0.9834641161439823","0.8991546660074171","1","0.9340414977948446","NO_BOND","0","0","0","1","0","0","945","0","0","0","0"
"4FsAxdHQ6HmFrDD7yCwsKNApuA67QYSCMoLAy3NfySxJ","5","0","2.0.19","1","1","0.95","0","0.6728578361773361","0.9926511671309333","0.9999369757311285","1","0.9340286153765157","NO_BOND","0","0","0","1","1e-9","2048.65281757","946","0","0","0","0"
"BmMVRAVef2qmJ1tJpG3JwRUtnfEiTbvDw9ZeFEi4wE7D","5","0","2.0.19","0.8999558409844496","1","0.95","0.92","0.9255974876489999","0.9262822820374762","0.8991546660074171","1","0.9335773192027289","NO_BOND","0","0","0","1","0","0","947","0","0","0","0"
"ECJMTMCroXLtAqUnSbrCH85ARP9zg2vYooM3fwAMfMSM","5","0","2.0.19","0.9825346954893701","1","0.95","0.9","0.7121148273160368","0.7226685233938855","0.9578999111013335","1","0.9335584459391214","NO_BOND","0","0","0","1","0","0","948","0","0","0","0"
"dcwMB2qjmAwid5KNo2qquBPyDxzdLfe9io8JAxeRU5m","5","0","2.0.19","0.8974413606582348","1","0.95","0.9","0.6728578361773361","0.9926511671309333","0.9869649654208764","1","0.9334539561939782","NO_BOND","0","0","0","1","0","0","949","0","0","0","0"
"Cqg1VwU4pdC8zAYMZZUViJuy1v1G8vxdYeUW3UNCqpfV","5","0","2.0.19","0.8968448237972199","1","0.95","0.9","0.6728578361773361","0.9993276242859842","0.9826269806694102","1","0.9333478937374988","NO_BOND","0","0","0","1","0","0","950","0","0","0","0"
"MAGAwoQLu8gzMdb6S7hUCW6twaKrXWVHWDs7qZ1UNJu","0","0","2.0.19","1","1","1","1","0.8656153641489388","0.8728048698955717","0.6452141135898177","1","0.9332419933014149","NO_BOND","0","0","0","1","0","0","951","0","0","0","0"
"SzNm2zDpK3eJmSYR21pRaQ5b4wQ37ecds6det5YCZFP","0","0","2.0.15","1","1","1","1","0.6728578361773361","0.998845800841095","0.6452141135898177","1","0.9330035332012009","NO_BOND","0","0","0","1","0","0","952","0","0","0","0"
"59k9CiZ7L1bpEivLrAtaMPMgw18syZ4RQsJUo3hbbj8x","0","0","2.0.19","1","1","1","1","0.6728578361773361","0.998845800841095","0.6452141135898177","0.9995308765467316","0.9329732671719577","NO_BOND","0","0","0","1","0","0","953","0","0","0","0"
"5bjKPhoQDcpPVeMhu83SEtXqXA9vw62k7KhL9zpsK31b","5","0","2.0.19","0.9033704341369065","1","0.95","0.9","0.6728578361773361","0.9560451816156026","0.9956379352671751","1","0.9329431386980401","NO_BOND","0","0","0","1","0","0","954","0","0","0","0"
"7HhmcAGzjChFjG1qsN4Y9NPgDWfytXXVA7ZRBWE7eZc3","5","0","2.0.19","0.8954687496175873","1","0.95","0.9","0.6728578361773361","0.9926511671309333","0.9869649654208764","1","0.9328176300518338","NO_BOND","0","0","0","1","0","0","955","0","0","0","0"
"8NGHra5ExC6zy2dBXc92MwDTrDCtmJXZaGRMRihar5SP","5","0","2.0.19","0.9042128089250882","1","0.95","0.9","0.6728578361773361","0.9620262925484746","0.9869649654208764","1","0.9326745968043382","NO_BOND","0","0","0","1","0","0","956","0","0","0","0"
"Agsu9fcnH3rKBix59mktDRqJhjR8aStgLDd9njaddcdr","5","0","2.0.19","0.8938218031719041","1","0.95","0.9","0.6728578361773361","0.996342184058184","0.9869649654208764","1","0.9326435521913473","NO_BOND","0","0","0","1","0","0","957","0","0","0","0"
"J21SMPFJEY9ExCDPiSJQXN23PVSeoQe3LnKD7QcP3bgP","3","0","2.0.19","1","1","0.97","0.97","0.9706734438751854","0.9706734438751854","0.6452141135898177","0.8137945429374966","0.9326391212777482","NO_BOND","0","0","0","1","0","0","958","0","0","0","0"
"7y4wStv8XxUkuBgwNkidfxdy1V6TMYr4UjaTDwcS3MUr","5","0","2.0.19","0.8916455804123798","1","0.95","0.9","0.6728578361773361","0.9916255447684242","0.9956379352671751","1","0.9326041887694336","NO_BOND","0","0","0","1","0","0","959","0","0","0","0"
"95Kg9C27WjjrnQpgZ418hxWTeumPTyH1ENnBoimVN5PL","10","0","2.1.6","0.9565036093799505","1","0.9","0","0.9939855840925584","0.9939855840925584","0.9826269806694102","1","0.9324455463529012","COMMISSION,NO_BOND","0","0","0","1","0","0","960","0","0","0","0"
"HuoKCk1cRQ3NZyh6q6SkfTo1prQjqvWP36PzgXpj2koF","5","0","2.0.19","0.9018099883507942","1","0.95","0.9","0.6728578361773361","0.9560451816156026","0.9956379352671751","1","0.9324397690896168","NO_BOND","0","0","0","1","0","0","961","0","0","0","0"
"EcWtSUtmgCPfLP456LrKG7QqhSSSeSVuQAJSdqFtBK3v","0","0","2.0.15","1","1","1","1","0.6728578361773361","0.9876546553588523","0.6452141135898177","1","0.9319205191222742","NO_BOND","0","0","0","1","0","0","962","0","0","0","0"
"WkP89qGBLsdu2XNVigu7WZThfCEsBJEvDBwWxUCv5vj","0","0","2.0.19","1","1","1","1","0.6728578361773361","0.9876546553588523","0.6452141135898177","1","0.9319205191222742","NO_BOND","0","0","0","1","0","0","963","0","0","0","0"
"STeaKrJdxdPMww27XJsjRBfrzqfjFT1BxotgQtFyDgx","5","0","2.0.19","0.911796659461741","1","0.95","0.92","0.9828666057562943","0.9828666057562943","0.7993843386370983","0.9689066179527931","0.9316880068984794","NO_BOND","0","0","0","1","0","0","964","0","0","0","0"
"GTeoHau1SpLhoiDGJdQpGd7AS3gyaFLgGVG2EHQRHoWp","5","0","2.0.19","1","1","0.95","0","0.8831955492132963","0.9707507348025519","0.8927017266124783","1","0.9316425873962632","NO_BOND","0","0","0","1","0","0","965","0","0","0","0"
"7cUkUBJKGHEH8dT6FrJG7TfifE7ZUjhu65NakpAUZuP2","5","0","2.0.19","1","1","0.95","0.9","0.7121148273160368","0.7226685233938855","0.8991546660074171","1","0.9316123835110774","NO_BOND","0","0","0","1","0","0","966","0","0","0","0"
"97DsFuV8H6RiFXSXds1k4RscrLPbbDnxG2CW7wDwqrZn","5","0","2.0.19","1","1","0.95","0.9","0.7121148273160368","0.7226685233938855","0.8991546660074171","1","0.9316123835110774","NO_BOND","0","0","0","1","0","0","967","0","0","0","0"
"5ML8GpaqaZ3bv4nCKLRY8gb2WNMJkXinHwDwMWeNWjkk","5","0","2.0.19","0.899126556718559","1","0.95","0.9","0.6728578361773361","0.9560451816156026","0.9956379352671751","1","0.9315741459824443","NO_BOND","0","0","0","1","0","0","968","0","0","0","0"
"J2nUHEAgZFRyuJbFjdqPrAa9gyWDuc7hErtDQHPhsYRp","9","0","2.0.19","1","1","0.91","0.92","0.6728578361773361","0.9640367518802831","0.7993843386370983","0.9387287418273818","0.9314385408451187","COMMISSION,NO_BOND","0","0","0","1","4e-9","2594.4507783390004","969","0","0","0","0"
"BG43US2rrtZggEPtXuVnabwp9FbKCuyZDASvJ1EsNAHF","5","0","2.0.19","0.9019915689443615","1","0.95","0.9","0.6728578361773361","0.9932777564546058","0.9578999111013335","1","0.9312320734054012","NO_BOND","0","0","0","1","0","0","970","0","0","0","0"
"2HQ5YHuw8cR1erRYZmemDmQVpfEMCjAvwU7V4fgdemJB","5","0","2.0.18","0.8952034245556346","1","0.95","0.9","0.6728578361773361","0.9834641161439823","0.981794840764064","1","0.9311758590128781","NO_BOND","0","0","0","1","0","0","971","0","0","0","0"
"5KgAGvMLZogKnDGKGgn47xY6GaTwQ3WBbGPoBxW5nDqp","5","0","2.0.19","0.8348816807750251","1","0.95","0.9","0.9943941819391231","0.9951127345422154","0.9578999111013335","1","0.9305055812793702","NO_BOND","0","0","0","1","0","0","972","0","0","0","0"
"SLaYv7tCwetrFGbPCRnqpHswG5qqKino78EYpbGF7xY","0","0","2.0.15","1","1","1","1","0.6728578361773361","0.9560451816156026","0.7993843386370983","0.7113591124843879","0.9301324773135049","NO_BOND","0","0","0","1","0","0","973","0","0","0","0"
"taiVRnba6XSryVXnDGvUTm2xJNuFiZV5VijE3442SZ8","5","0","2.0.19","0.823621216921127","1","0.95","0.9009999999999999","0.978782770911304","0.9842453647794797","0.998578664892833","1","0.9301011569336661","NO_BOND","0","0","0","1","0","0","974","0","0","0","0"
"HzJULufbrhteHLQDYAh8ZZn3P6Kip9MDo2eLEXgiTJed","5","0","2.0.19","0.8941471553897974","1","0.95","0.9","0.6728578361773361","0.9560451816156026","0.9956379352671751","1","0.9299678874892953","NO_BOND","0","0","0","1","0","0","975","0","0","0","0"
"GvZEwtCHZ7YtCkQCaLRVEXsyVvQkRDhJhQgB6akPme1e","0","53.074230967","2.0.18","1","1","1","1","0.6728578361773361","0.9620262925484746","0.9817267807921223","0.33490702997426713","0.929952120423133","NO_BOND","0","0","0","1","37.60885832499999","692.7901783140001","976","0","0","0","0"
"3z39UyCtJf3gcCmBMgLU3LJFUBWP9Fvmr9fhGZXb9Hdi","5","0","2.0.19","0.8958302866456221","1","0.95","0.9","0.6728578361773361","0.9993276242859842","0.9578999111013335","1","0.9298300340669091","NO_BOND","0","0","0","1","0","0","977","0","0","0","0"
"Ec37CQZjwRgGnuMmUi3BnEBXS5Xa3siakAPxPkHtahSf","7","0","2.0.19","0.9308165170873909","1","0.93","0.93","0.6728578361773361","0.9834641161439823","0.8991546660074171","0.983668836923059","0.9296203074043974","NO_BOND","0","0","0","1","0","0","978","0","0","0","0"
"JnGGar3XbAN6J3cKGRbNajCuhqnc9XWrk6WWr6hDmuM","0","0","2.0.15","0.8006218235358042","1","1","0.92","0.9450199616641256","0.9992297933621771","0.9997775073833739","1","0.9289956634937522","NO_BOND","0","0","0","1","0","0","979","0","0","0","0"
"BrF3uiDCn4yX55kZ5wcGN6NBUdg9pksWRzaniBALJLJu","5","0","2.0.19","0.891664485031892","1","0.95","0.9","0.6728578361773361","0.9620262925484746","0.9869649654208764","1","0.9286267503871781","NO_BOND","0","0","0","1","0","0","980","0","0","0","0"
"4ZxDeRyvhXi7Bc23qPFkeZptzE8J54eimL8phVPN5AXa","5","0","2.0.19","0.8249957466880418","1","0.95","0.9","0.9828666057562943","0.9828666057562943","0.9826269806694102","1","0.9285783360754687","NO_BOND","0","0","0","1","0","0","981","0","0","0","0"
"FqERCVEHjm9P9hghJwWbyN4TqwCCAYteeX1v6gBtt88p","5","0","2.0.19","0.8780051750171566","1","0.95","0.9","0.6728578361773361","0.9916255447684242","0.9956379352671751","1","0.928204057996781","NO_BOND","0","0","0","1","0","0","982","0","0","0","0"
"Syrd4L1eGcZdhRGoB9wb4aJKKJKv9gMudZLMnXdV7AR","0","0","2.0.19","0.9349704963377607","1","1","1","0.7121148273160368","0.7226685233938855","0.9578999111013335","1","0.928178704277312","NO_BOND","0","0","0","1","1e-9","0","983","0","0","0","0"
"3nSx5yrMimosm6fWh3KooRp6RxAr2A81o7UAgZUhuLQc","5","0","2.0.19","0.8625141329285826","1","0.95","0.9","0.9450199616641256","0.9961267510255337","0.8927017266124783","1","0.9279193036174386","NO_BOND","0","0","0","1","0","0","984","0","0","0","0"
"6F5xdRXh2W3B2vhte12VG79JVUkUSLYrHydGX1SAadfZ","0","0","2.0.18","1","1","1","0","0.8831955492132963","0.9214111132554376","0.996260244725467","0.7126266947570157","0.9278554453744776","NO_BOND","0","0","0","1","13.872523258000001","148.62973489900003","985","0","0","0","0"
"7KVnUL45FH4N8Z7x1dnvJ7GzMx12cs81mS26mHzNjQPN","0","0","2.0.18","0.9108963636349594","1","1","1","0.6728578361773361","0.9834641161439823","0.981794840764064","0.7151587852862222","0.927824793250481","NO_BOND","0","0","0","1","0","0","986","0","0","0","0"
"8S9tun2N71Q9VmTsyf8oWgf8wWsLF6YVKQEpsTmsnBfD","5","0","2.0.19","0.8912399932074786","1","0.95","0.9","0.6728578361773361","0.9932777564546058","0.9578999111013335","1","0.927763823167697","NO_BOND","0","0","0","1","0","0","987","0","0","0","0"
"8hPk5CbKDoM7dN9LssTdVkFhDykeq7A8CZurA5AQSFJH","5","0","2.0.19","1","1","0.95","0.95","0.7121148273160368","0.7226685233938855","0.9510955433344132","0.8043292970610129","0.927589548137852","NO_BOND","0","0","0","1","0","0","988","0","0","0","0"
"F9yuGStLA8Mq67nQKGwp9SRG4JzQNU5U4zFPmgbS1YS","5","0","2.0.19","0.8742812411276866","1","0.95","0.9","0.6728578361773361","0.9980493036870545","0.9947255525312383","1","0.9275067162844405","NO_BOND","0","0","0","1","0","0","989","0","0","0","0"
"5KZ2dv5fnpJGy9LjwXkvXX5M7U6NjqxW8UfbVkTph89n","5","0","2.0.19","0.8713042052744104","1","0.95","0.9","0.6728578361773361","0.9997617052851256","0.9994752319903875","1","0.9273249602876033","NO_BOND","0","0","0","1","0","0","990","0","0","0","0"
"F9PZNSEtgbqmgsa4mkgkAuLFYQ8nHzn1UqubJQiLkBn3","5","0","2.0.19","0.8771479885642962","1","0.95","0.9","0.8656153641489388","0.8728048698955717","0.9826269806694102","1","0.9271859079453288","NO_BOND","0","0","0","1","0","0","991","0","0","0","0"
"DKnZkpsqtS4kpFP5zWudrg8w9eCUHixJ2QCRtwwxh8Me","0","0","2.0.19","0.819853611940835","1","0.95","0.9","0.9828666057562943","0.9828666057562943","0.9826269806694102","1","0.9269195829312085","BLACKLIST,NO_BOND","1","0","0","1","0","0","992","0","0","0","0"
"LvmTxRZAwJBtPuTSWU25UQBQu9N8TnsJJDemusfDDXB","5","0","2.0.19","0.8122392721507983","1","0.95","0.9","0.978782770911304","0.9842453647794797","0.9984035931264601","1","0.9263689912959635","NO_BOND","0","0","0","1","0","0","993","0","0","0","0"
"J1to3PQfXidUUhprQWgdKkQAMWPJAEqSJ7amkBDE9qhF","0","0","2.0.20","1","1","1","0.92","0.6728578361773361","0.9876546553588523","0.6452141135898177","0.9506316698671725","0.9256970139524144","SCORE,NO_BOND","0","0","0","1","279.601303285","232.67699953699997","994","0","0","0","0"
"CY3tZ2Rh3tHHC2SAmiJUGMAj1b9uPpzr5YQ7b53PfANe","5","0","2.0.19","0.9291875083043918","1","0.95","0","0.8831955492132963","0.9996514959675472","0.9996514959675472","1","0.925396666233656","NO_BOND","0","0","0","1","0","0","995","0","0","0","0"
"proofK5zwB5eo5q6UWnFKiDHxyh8wopP5Bq1aXVnouw","5","0","2.0.19","0.8192058656349244","1","0.95","0.9","0.9923455878780997","0.9937175560378543","0.9578999111013335","1","0.9251816820846561","NO_BOND","0","0","0","1","0","0","996","0","0","0","0"
"UgmcX7FwNdXbiWsHY2RaqZqTdhsZxx5y6on85j3s3tA","5","0","2.0.19","0.8022688490833441","1","0.95","0.9","0.9923455878780997","0.9937175560378543","0.9982431410954319","1","0.9249237064220945","NO_BOND","0","0","0","1","0","0","997","0","0","0","0"
"FXNqhTvgZmPTkVCjuevHtJySegyWMBcRVmitxi8z4PzK","5","0","2.0.19","0.9854762010942455","1","0.95","0","0.6728578361773361","0.9978329471577722","0.9578999111013335","1","0.9244208441669605","NO_BOND","0","0","0","1","0","0","998","0","0","0","0"
"D4EYN1xz2VJbNcXGpV2F5cGCi6pH7WZZeSYgarkZ2caY","5","0","2.0.19","0.9062959334612768","1","0.95","0","0.9923455878780997","0.9937175560378543","0.9982431410954319","1","0.9242982497698148","NO_BOND","0","0","0","1","0","0","999","0","0","0","0"
"27MtjMSAQ2BGkXNuJEJkxFyCJT8dugGAaHJ9T7Gc6x4x","0","0","2.0.19","0.8518892398713315","1","0.95","1","0.6728578361773361","0.9980493036870545","0.9947255525312383","1","0.9240815545888419","NO_BOND","0","0","0","1","0","0","1000","0","0","0","0"
"E8SMqsquNDQQPPunKkKCrMcDayNXKYzKaX5e7hswcPVj","5","0","2.0.19","0.7994597097861361","1","0.95","0.9","0.978782770911304","0.9999088131108226","0.999773748620403","1","0.9239391636612274","NO_BOND","0","0","0","1","0","0","1001","0","0","0","0"
"CP6mfD4Qc5AYrboXBAQeHMYj5x1UnYksDXRjG7DMkHH7","0","0","2.0.19","0.8721709347572179","1","0.95","0.9009999999999999","0.9255974876489999","0.9262822820374762","0.8991546660074171","1","0.9238928139681379","NO_BOND","0","0","0","1","0","0","1002","0","0","0","0"
"ANRnEc3NFWyDFkJNHPnts9XAT1odt931qbgzMsSGdE1z","5","0","2.0.19","0.9843952531438434","1","0.95","0","0.6728578361773361","0.9932777564546058","0.9578999111013335","1","0.923631326372976","NO_BOND","0","0","0","1","0","0","1003","0","0","0","0"
"DMSuZcavta8L1w1tSiH8bALWjz6Q6KSryGG6m6Az4Qt5","0","0","2.0.15","1","1","1","1","0.8831955492132963","0.9214111132554376","0.6452141135898177","0.7602388479340908","0.9236115673683986","SCORE,NO_BOND","0","0","0","1","0.003537143","183.683716925","1004","0","0","0","0"
"GREEDkpTvpKzcGvBu9qd36yk6BfjTWPShB67gLWuixMv","0","22.974361289","2.0.19","1","1","1","1","0.6728578361773361","0.9916255447684242","0.6452141135898177","0.8636807849125333","0.9235100106723961","SCORE","0","0","0","1","0","0","1005","0","0","0","0"
"SmithX2hngQMZXVN36C6TsyjthTU3YnsALAs1MaDghV","0","0","2.0.14","1","1","1","1","0.6728578361773361","0.9620262925484746","0.6452141135898177","0.8987851621306687","0.9229103654393775","SCORE,NO_BOND","0","0","0","1","1e-9","2.312110057","1006","0","0","0","0"
"8Bsn6atd2NRbtRvkotzM8aLa8PXWv56SQF6bum2advGF","5","0","2.0.19","0.8743241455379779","1","0.95","0.92","0.6728578361773361","0.9884497456957306","0.9578999111013335","1","0.922599484168612","NO_BOND","0","0","0","1","0","0","1007","0","0","0","0"
"GptPXjYUBUjxpRmueH6F5JcqizvjPTRDShTJQ8Vp6uN1","5","0","2.0.19","0.843444859576652","1","0.95","0.9","0.9742519037120594","0.9946009434037487","0.8927017266124783","0.9857464329049818","0.9225866130858632","NO_BOND","0","0","0","1","0","0","1008","0","0","0","0"
"9sWYTuuR4s12Q4SuSfo5CfWaFggQwA6Z8pf8dWowN5rk","0","0","2.0.19","0.821674538168496","1","1","1","0.9742519037120594","0.9967436622977689","0.8927017266124783","0.936219919702888","0.9225395781244539","NO_BOND","0","0","0","1","0","0","1009","0","0","0","0"
"9JiAAwGRDvb6JzAarUfSBTeoD1vmGd2ujxf71CpQZcbJ","5","0","2.0.19","0.7945815308859823","1","0.95","0.9","0.978782770911304","0.9999984735773163","0.9995588924877536","1","0.9223465110117869","NO_BOND","0","0","0","1","0","0","1010","0","0","0","0"
"EfnywDKqArxK6N6FS9ctsuzNdxfx3pzfXEQE5EevQ1SV","5","0","2.0.19","0.8662780639884314","1","0.95","0.9","0.6728578361773361","0.9884497456957306","0.981794840764064","1","0.9223275778187882","NO_BOND","0","0","0","1","0","14324.699291952","1011","0","0","0","0"
"3a2onvgTpGynakAQwx6gigtSeL7itZewNxqb5JiAvWeA","5","0","2.0.19","0.9306336922088334","1","0.95","0.9","0.7121148273160368","0.7226685233938855","0.9998700809336688","1","0.9222316926011852","NO_BOND","0","0","0","1","0","0","1012","0","0","0","0"
"61bUK8nWjw4SeDyFARVc1B67gXWwX5Gykfdfi4dMgCYz","5","0","2.0.19","0.9621061925357131","1","0.95","0","0.6728578361773361","0.9976803423195538","0.9947255525312383","1","0.9216190591869489","NO_BOND","0","0","0","1","0","0","1013","0","0","0","0"
"BG2FGmUyQo9RuGk48ypy9sa8LDJRx6j61tt64eGuAztG","5","0","2.0.19","1","1","0.95","0.9","0.6728578361773361","0.9840596301802241","0.6452141135898177","1","0.9216090650727295","NO_BOND","0","0","0","1","0","0","1014","0","0","0","0"
"Hocu6Vb6cDRYy5MnUj28tvDwda43wWx1Vc3fiCXziJ4x","5","0","2.0.19","0.8604657430077424","1","0.95","0.9","0.6728578361773361","0.9926511671309333","0.9869649654208764","1","0.9215263375970452","NO_BOND","0","0","0","1","0","0","1015","0","0","0","0"
"6ZDsQFqdBNmcLho9KLv4M3ggzHxAh8G1EdR6DCjajPvK","5","0","2.0.19","0.7958393703012374","1","0.95","0.9","0.9899404716429412","0.9910285485972158","0.9908960333465555","1","0.9214862717895523","NO_BOND","0","0","0","1","0","0","1016","0","0","0","0"
"AtvnDGvf7Dd4AUA7iihx3hV8598skHejZTn2YTNV6AMF","0","0","2.0.18","0.8159225294629924","1","1","1","0.9450199616641256","0.9760708980753455","0.8927017266124783","1","0.9209124135043266","NO_BOND","0","0","0","1","0","0","1017","0","0","0","0"
"stsaYQJUhKZDHSqndGtgo6jgbhVaHBSHhtfVWxCwrhD","5","0","2.0.19","0.8026034847173648","1","0.95","0.9","0.9994448676839706","0.9998853694513248","0.9578999111013335","1","0.9208809785580935","NO_BOND","0","0","0","1","0","0","1018","0","0","0","0"
"2DpnT6to3eJsXeg1Tk42XFCXLMKL7pGzMKFwQS5CNK6a","5","0","2.0.19","0.8537651986209192","1","0.95","0.9","0.6728578361773361","0.9932777564546058","0.9968690925065954","1","0.9207034612243246","NO_BOND","0","0","0","1","0","10.514837387","1019","0","0","0","0"
"HLM6hyDWrEca9QMS92nDBa2AreU1qDkppttPVuJ7E2CU","0","0","2.0.19","0.9561311405323927","1","1","0.9","0.7121148273160368","0.7226685233938855","0.8991546660074171","0.947807264743291","0.9202593491501262","NO_BOND","0","0","0","1","0","0","1020","0","0","0","0"
"ELLB9W7ZCwRCV3FzWcCWoyKP6NjZJKArLyGtkqefnHcG","0","0","2.0.19","0.8287916383895396","1","1","1","0.6728578361773361","0.9884497456957306","0.981794840764064","1","0.9201987308514037","NO_BOND","0","0","0","1","0","0","1021","0","0","0","0"
"7rwEPPMQgHr3mn5nQX27SADt3tR8yucBgsNapYdrqRhB","5","0","2.0.19","0.8653505316392088","1","0.95","0.9","0.6728578361773361","0.998882929458079","0.9578999111013335","1","0.9199548200492366","NO_BOND","0","0","0","1","0","0","1022","0","0","0","0"
"EzZEi48kvDWPJJBM1z9nmjpgRyMwWJwaa4xVW2U6psPr","5","0","2.0.19","0.9627650201794732","1","0.95","0.9","0.7121148273160368","0.7226685233938855","0.8991546660074171","1","0.9196010996980042","NO_BOND","0","0","0","1","0","0","1023","0","0","0","0"
"57QggzHa8AEELBU3C8RG567oGmbG6VyoX5jsi6M3gaHp","4","0","2.0.18","0.8296987757926731","1","0.96","0.96","0.9450199616641256","0.9961267510255337","0.8927017266124783","0.9806848077493718","0.9195994985896853","NO_BOND","0","0","0","1","0","0","1024","0","0","0","0"
"8AKJkPw4d2XXXy1fjQPvty9ModNrNaqdJJb9ifi7iXAX","5","0","2.0.19","0.962536562281814","1","0.95","0.9","0.7121148273160368","0.7226685233938855","0.8991546660074171","1","0.9195274036019851","NO_BOND","0","0","0","1","0","0","1025","0","0","0","0"
"9FZWpUMfXZ3993g2BfqSFg7xcx9iUCxQwKeYzr2WQCM1","5","0","2.0.19","0.961848321877824","1","0.95","0","0.8831955492132963","0.9707507348025519","0.8927017266124783","1","0.9193355944536257","NO_BOND","0","0","0","1","0","0","1026","0","0","0","0"
"SWnetzxKaKtuysePKKAzdPAk3gqWgPYxg31vet69Xnz","5","0","2.0.19","0.9306030505793628","1","0.95","0.9","0.7121148273160368","0.7226685233938855","0.9910843401205105","0.968362917399069","0.9190470621254044","NO_BOND","0","0","0","1","0","0","1027","0","0","0","0"
"BfxZj7ckfRGHxByn7aHgH2puyXhfjAUvULtRjJo4rd8C","6","0","2.0.16","0.9708579775951881","1","0.94","0","0.8656153641489388","0.8728048698955717","0.9578999111013335","1","0.9188086696239292","NO_BOND","0","0","0","1","0","0","1028","0","0","0","0"
"DXjujkbMhAvkaygmjLbi7UGdovAs2AU6y45UMEqxhEnw","5","0","2.0.19","0.9369106760217438","1","0.95","0.9","0.6728578361773361","0.9560451816156026","0.7993843386370983","1","0.9184395268376553","NO_BOND","0","0","0","1","0","0","1029","0","0","0","0"
"86dGbSrKhZHgKLWZc1hAyzQkk2asXGCFsoRsu1Ccfzd6","8","0","2.0.17","0.9956620199468247","1","0.92","0.92","0.9742519037120594","0.9894652015748715","0.8927017266124783","0.20880131803656232","0.9181267469077424","COMMISSION,NO_BOND","0","0","0","1","0","0","1030","0","0","0","0"
"4LhqjPqhFMdXPMPN3B7raXVmd8zCKdEddRcrFuRf46Y9","5","0","2.0.19","0.8524881305085277","1","0.95","0.9","0.6728578361773361","0.9620262925484746","0.9968690925065954","1","0.9172671685519921","NO_BOND","0","0","0","1","0","0","1031","0","0","0","0"
"G5dZZ3J95jER4v7N5LBg73ybxfg9RxFBpVc3LAY57UPu","5","0","2.0.19","0.8409026601475401","1","0.95","0.9","0.6728578361773361","0.9998488244053084","0.9947255525312383","1","0.9169135792635791","NO_BOND","0","0","0","1","0","0","1032","0","0","0","0"
"5F2HsNA9j1A27gFH253kxbbsmh4dWUDxFJNFrQuFdXcJ","5","0","2.0.19","0.9504800490357168","1","0.95","0","0.6728578361773361","0.996342184058184","0.9869649654208764","1","0.9167378250506417","NO_BOND","0","0","0","1","0","0","1033","0","0","0","0"
"mitDy3gnfY2kcvvrHygv3qsU5i6QqNve3cw6LDibRS2","5","0","2.0.19","0.8834748798366353","1","0.95","0.9","0.6728578361773361","0.9834641161439823","0.8991546660074171","1","0.916729209134924","NO_BOND","0","0","0","1","0","0","1034","0","0","0","0"
"Dp9gpMr68ZG6gKi1ByGq1oACwWrmRe7cvBWBHhRbdHxr","5","0","2.0.19","0.8520841077224708","1","0.95","0.9","0.6728578361773361","0.9560451816156026","0.9956379352671751","1","0.9163991624353189","NO_BOND","0","0","0","1","0","0","1035","0","0","0","0"
"3zH61eoL7aL626arSqKEbfsx2kPb6P3WFU9ERUWciPSq","5","0","2.0.19","0.9219539233112295","1","0.95","0.95","0.7121148273160368","0.7226685233938855","0.9578999111013335","1","0.9159152936235921","NO_BOND","0","0","0","1","0","0","1036","0","0","0","0"
"DD74C776HxSr7rzBhoawFqGf2NBbxurBXkjPU1oTkNJm","5","0","2.0.19","0.8980867002771682","1","0.95","0","0.9742519037120594","0.9957784992903463","0.9578999111013335","1","0.9154766436281346","NO_BOND","0","0","0","1","0","0","1037","0","0","0","0"
"A9V5e8ZLwQ2ArKZnCcrmz9Q92pDCkUXE5tqJmJDZkCMo","8","0","2.0.17","1","1","0.92","0.92","0.8831955492132963","0.9707507348025519","0.8927017266124783","0.2488539378603538","0.9144244543549958","COMMISSION,SCORE,NO_BOND","0","0","0","1","0","0","1038","0","0","0","0"
"2NxEEbhqqj1Qptq5LXLbDTP5tLa9f7PqkU8zNgxbGU9P","0","0","2.0.19","0.8189247223523719","1","1","1","0.6728578361773361","0.9620262925484746","0.9817267807921223","0.9995975841014029","0.9144240020933907","NO_BOND","0","0","0","1","0","0","1039","0","0","0","0"
"DG6fVEB2Qy1jntvHVPui3R12CMqcwNNnjYPYdsbQ9ACP","5","0","2.0.19","0.7841842446590208","1","0.95","0.9","0.9943941819391231","0.9951127345422154","0.9578999111013335","1","0.9141515696290462","","0","0","0","1","0","0","1040","0","0","0","0"
"2EWi8L6xp62VgTqFo3LnhoSP5sL9CWqYxvK7UA63qK9x","5","0","2.0.19","0.9294263310721416","1","0.95","0.9","0.7121148273160368","0.7226685233938855","0.9578999111013335","0.9596605302810428","0.91382416904847","NO_BOND","0","0","0","1","0","0","1041","0","0","0","0"
"AoEE3SrEtKFVFjPxkTXzEcUBmQHiUBJDjtwSZVinjUiP","5","0","2.0.19","0.8326817676011744","1","0.95","0.92","0.9255974876489999","0.9262822820374762","0.8991546660074171","1","0.911876005208124","NO_BOND","0","0","0","1","0","0","1042","0","0","0","0"
"8d25KBXdovroNVbjRmvDeW7H3QMW2nfZZo7G9zQ693ki","3","0","2.0.19","0.7621776588567022","0.9955754927049848","0.97","0.9","0.978782770911304","0.9842453647794797","0.9973477537712613","1","0.911836409785098","NO_BOND","0","0","0","1","0.001790997","0","1043","0","0","0","0"
"A9igcq5tcmPjg8gy3soDnrmCMwXT3pmeFx3oojFjTfwc","5","0","2.0.19","0.9317558152764306","1","0.95","0","0.6728578361773361","0.9976803423195538","0.9947255525312383","1","0.9118286149097611","NO_BOND","0","0","0","1","0","94.493501589","1044","0","0","0","0"
"HXnHzBUQVZAmovjMb7vbm8G53XS3W4KVrzpF6jiozrJ3","5","0","2.0.19","0.9028582346267474","1","0.95","0.9","0.6728578361773361","0.9966750434612545","0.7993843386370983","1","0.9113867904372356","NO_BOND","0","0","0","1","0","0","1045","0","0","0","0"
"rFLcT89WTT6kJsKmrMzpz5FUZHy7Z9bycBF1Q1SMy6i","0","0","2.0.17","0.817705132044957","1","1","0.92","0.6728578361773361","0.9932777564546058","0.9578999111013335","1","0.9109679969862384","NO_BOND","0","0","0","1","0","0","1046","0","0","0","0"
"7PGx3h8ZYb8A2TXh8fvLDPg5dJ9dmxxfA1xoDQCd1m49","5","0","2.0.19","0.8700427082418655","1","0.95","0","0.978782770911304","0.9842453647794797","0.998578664892833","1","0.9108552702629364","NO_BOND","0","0","0","1","0","0","1047","0","0","0","0"
"8nQB9R48S3SXXDTvffTs4HNR2Bf2YdbXMHFcRGXCsVG6","5","0","2.0.19","0.9266607001431566","1","0.95","0","0.6728578361773361","0.9932777564546058","0.9968690925065954","1","0.9100355584895624","NO_BOND","0","0","0","1","0","0","1048","0","0","0","0"
"DumiCKHVqoCQKD8roLApzR5Fit8qGV5fVQsJV9sTZk4a","5","0","2.0.19","1","1","0.95","0.92","0.8831955492132963","0.9214111132554376","0.9865628924846226","0","0.9094049680042385","SCORE","0","0","0","1","191062.078693091","372623.955883802","1049","0","0","0","0"
"KBoNKQQj7QpVEzKKFbzxASVUjXx8TauASwYb546hCqS","0","0","2.0.19","1","1","1","1","0.7121148273160368","0.7226685233938855","0.6452141135898177","1","0.9088094090055807","SCORE,NO_BOND","0","0","0","1","0","0","1050","0","0","0","0"
"DKeL7T5t7XXKSbWpM3i9mkV9hRhqrEDbVVyL63AJ7TqE","0","0","2.0.15","1","1","1","1","0.7121148273160368","0.7226685233938855","0.6452141135898177","1","0.9088094090055807","SCORE,NO_BOND","0","0","0","1","0","0","1051","0","0","0","0"
"PULSARWFx8NpS5rbUxRgJiUbGVrGrVT6j8CykdH4UCX","0","166.939846845","2.0.15","1","1","1","1","0.7121148273160368","0.7226685233938855","0.6452141135898177","1","0.9088094090055807","SCORE","0","0","0","1","0","0","1052","0","0","0","0"
"CnB88pH35AjH2XUsiK5X257sVLkGUf11UDioXgJXoLuL","0","0","2.0.16","1","1","1","1","0.7121148273160368","0.7226685233938855","0.6452141135898177","1","0.9088094090055807","SCORE,NO_BOND","0","0","0","1","0","0","1053","0","0","0","0"
"8B2Z2R8dRvqFcXuLBwinu3Jq7HQidCaJCnDuRRqeJLC1","0","0","2.0.15","1","1","1","1","0.7121148273160368","0.7226685233938855","0.6452141135898177","0.9977665819469487","0.908665317518287","SCORE,NO_BOND","0","0","0","1","0","0","1054","0","0","0","0"
"ERut3CwqVeoa616QBaoHc5jL52RpkXjZZZ7MeaMaCtLi","8","0","2.0.19","1","1","0.92","0.92","0.8656153641489388","0.8728048698955717","0.7993843386370983","0.50546598578098","0.9083262794869337","COMMISSION,SCORE,NO_BOND","0","0","0","1","0","0","1055","0","0","0","0"
"G8hvpQDLe7hGgYtWYt4TJJEbGbgLFCBJYiMi9pMD9Kk2","0","0","2.0.15","1","1","1","1","0.7121148273160368","0.7226685233938855","0.6452141135898177","0.992378624473192","0.9083177073586899","SCORE,NO_BOND","0","0","0","1","0","0","1056","0","0","0","0"
"GMpKrAwQ9oa4sJqEYQezLr8Z2TUAU72tXD4iMyfoJjbh","5","0","2.0.19","1","1","0.95","0","0.8656153641489388","0.8728048698955717","0.7993843386370983","0.9892124166032431","0.9082928234109506","NO_BOND","0","0","0","1","0","0","1057","0","0","0","0"
"BkSS8kGUNcQkTgEKMmBhHxGVLdzw43EAzDYpZqyyxFrT","2","0","2.0.18","1","1","0.98","0.98","0.9828666057562943","0.9828666057562943","0.6452141135898177","0.375231267323587","0.9079242586383198","SCORE,NO_BOND","0","0","0","1","0","0","1058","0","0","0","0"
"Cue647T8jgwpRSDUb8ttTYx7NiEfJCRZNiiw1qmchXsG","5","0","2.0.19","0.7554760352481031","1","0.95","0.9","0.9939855840925584","0.9939855840925584","0.9817267807921223","1","0.907829851487494","NO_BOND","0","0","0","1","0","0","1059","0","0","0","0"
"DiSGejVwMNoXn3Digh4sPpNErMtu7UuKATRHdsBu9sgS","5","0","2.0.19","0.9165431860087174","1","0.95","0","0.6728578361773361","0.9996742391598461","0.9947255525312383","1","0.9071142729047206","NO_BOND","0","0","0","1","0","0","1060","0","0","0","0"
"42QPziW5fPVjK2HWX89UE3BbyChbJD5tze2VazQU1qvw","5","0","2.0.19","0.784392488304668","0.9998853433227552","0.95","0.9","0.9973349686360685","0.9981220304307233","0.8991546660074171","1","0.9071011707178849","NO_BOND","0","0","0","1","0","0","1061","0","0","0","0"
"nymsndUdAZyUPpWYz5VEg8Ghj9cFvwTRgciLogpmYaQ","0","0","2.0.19","1","1","1","1","0.7121148273160368","0.7226685233938855","0.6452141135898177","0.9704035727741226","0.9068999620877821","SCORE","0","0","0","1","0","0","1062","0","0","0","0"
"FLCrbfbwEhFARa8nK9rnZw8BVtKNAuHujh9EhWy5A4U4","5","0","2.0.19","0.8239385181593805","1","0.95","0.9","0.6728578361773361","0.998882929458079","0.9578999111013335","1","0.9065961060234854","NO_BOND","0","0","0","1","0","0","1063","0","0","0","0"
"WTpLibwKTmWo15cRBtJFiBU6NoN8qZEnMDMkuM7N1rH","5","0","2.0.19","0.9224009022820279","1","0.95","0.9","0.7121148273160368","0.7226685233938855","0.8991546660074171","1","0.9065804165052801","NO_BOND","0","0","0","1","0","0","1064","0","0","0","0"
"7zKQnt19j7aZ1YjzBk6UUUdr5dGb65A36kW1TYAbB6b7","5","0","2.0.19","0.9737259948493642","1","0.95","0","0.8831955492132963","0.9214111132554376","0.7993843386370983","1","0.9063513464914498","NO_BOND","0","0","0","1","0","0","1065","0","0","0","0"
"GCUWGuMnmtMv3BFMx8EmeWxst18sihXxyU3skeNGTj8A","0","0","2.0.19","1","1","1","0.92","0.7121148273160368","0.7226685233938855","0.6452141135898177","1","0.9057709573926774","SCORE","0","0","0","1","0","0","1066","0","0","0","0"
"25rtQR4h9BQKMcU6a1DxpZjB27dwcRUAdVb9binerD9E","0","0","2.0.19","1","1","1","0.92","0.7121148273160368","0.7226685233938855","0.6452141135898177","1","0.9057709573926774","SCORE","0","0","0","1","0","0","1067","0","0","0","0"
"GwT72fNWtBrFa9GsBru2kPso1NEw3AnzrjPwprVAv32X","0","0","2.0.19","1","1","1","0.92","0.7121148273160368","0.7226685233938855","0.6452141135898177","1","0.9057709573926774","SCORE","0","0","0","1","0","0","1068","0","0","0","0"
"Fy6zNoZ1eCPpQX3JXeQ9Yd1HW1BFL8rrFmDvYYDnuxjT","0","0","2.0.19","1","1","1","0.95","0.7121148273160368","0.7226685233938855","0.6452141135898177","0.979822046341653","0.9056085732856873","SCORE","0","0","0","1","0","0","1069","0","0","0","0"
"beefKGBWeSpHzYBHZXwp5So7wdQGX6mu4ZHCsH3uTar","8","0","2.0.19","1","1","0.92","0.92","0.6728578361773361","0.9640367518802831","0.7993843386370983","0.5170682443791934","0.9054677345581387","COMMISSION,SCORE,NO_BOND","0","0","0","1","836.040148069","1357.451799638","1070","0","0","0","0"
"4bhoRSz53dMABDx2CkA9KSXtu5NGhoJA1SzY1h2Pttqi","5","0","2.0.19","0.9117222990256942","1","0.95","0","0.6728578361773361","0.9976803423195538","0.9947255525312383","1","0.9053661903127492","BLACKLIST,NO_BOND","1","0","0","1","0","0","1071","0","0","0","0"
"9tedbEYypEKXAMkHcg42rn3fXY1B8hB6cdE3ZTFouXLL","5","0","2.0.19","0.945591724337709","1","0.95","0.9","0.8656153641489388","0.8728048698955717","0.6452141135898177","0.9901360071224008","0.9050910016117986","NO_BOND","0","0","0","1","0","0","1072","0","0","0","0"
"HxRrsnbc6K8CdEo3LCTrSUkFaDDxv9BdJsTDzBKnUVWH","0","1.097325685","2.0.19","1","1","1","1","0.7121148273160368","0.7226685233938855","0.9817267807921223","0.26772779391336454","0.9049870301873855","SCORE","0","0","0","1","111.14469066900003","3234.279951532","1073","0","0","0","0"
"42U2eB71MKU7mqVpy5b63meM7Pd4YBqwAGSDevjJ9E9z","5","0","2.0.19","0.9146568475284376","1","0.95","0","0.6728578361773361","0.998882929458079","0.9826269806694102","1","0.9048680922158363","NO_BOND","0","0","0","1","0","0","1074","0","0","0","0"
"mrgn2vsZ5EJ8YEfAMNPXmRux7th9cNfBasQ1JJvVwPn","0","0","2.0.18","1","1","1","1","0.7121148273160368","0.7226685233938855","0.6452141135898177","0.9197394586996189","0.9036313095668465","SCORE,NO_BOND","0","0","0","1","0","0","1075","0","0","0","0"
"CCxSNvJogH6LWyoiEbG7JfcWybw2FqqCExs5GuemChGr","5","0","2.0.19","0.9066231192793137","1","0.95","0","0.6728578361773361","0.9932777564546058","0.9968690925065954","1","0.9035718227270325","NO_BOND","0","0","0","1","0","0","1076","0","0","0","0"
"J1iPFXVJrvx4DuGvgUJeBicnvxTkroisx2Lbeo2Q4aA2","5","0","2.0.19","0.979011680235502","1","0.95","0","0.7121148273160368","0.7226685233938855","0.9982555246304362","1","0.9034465846996934","NO_BOND","0","0","0","1","0","0","1077","0","0","0","0"
"BGhFJPWxDdr8ATxFYEBifgRaZXta2nZ16oav2pdwiBck","5","0","2.0.19","0.8134095066634024","1","0.95","0.9","0.6728578361773361","0.9620262925484746","0.9869649654208764","1","0.903383208977988","NO_BOND","0","0","0","1","0","0","1078","0","0","0","0"
"GW2AzEi3mttnuhnNH2hGqMuUz3FYKqo5Vgspp8Rx44L7","5","0","2.0.19","0.9800791396818507","1","0.95","0","0.7121148273160368","0.7226685233938855","0.9910843401205105","1","0.902865612326267","NO_BOND","0","0","0","1","0","0","1079","0","0","0","0"
"BDn3HiXMTym7ZQofWFxDb7ZGQX6GomQzJYKfytTAqd5g","5","0","2.0.19","0.8070270239103725","1","0.95","0.9","0.9255974876489999","0.9262822820374762","0.8991546660074171","1","0.9028406685336717","NO_BOND","0","0","0","1","0","0","1080","0","0","0","0"
"71nnaeTyVeA4pTozAPjRuQyMydQTZCrFUkz7Pzy5tiDJ","1","0","2.0.19","1","1","0.99","0.99","0.7121148273160368","0.7226685233938855","0.6452141135898177","0.9274947116976554","0.9025187452441391","SCORE,NO_BOND","0","0","0","1","0","0","1081","0","0","0","0"
"BgjQPDdsHeD9XXs7pYyHsmvKdkLR1A4SBNYs3mLmPUCD","5","0","2.0.19","0.8066554215405042","1","0.95","0.9","0.6728578361773361","0.9620262925484746","0.9968690925065954","1","0.9024824237235974","NO_BOND","0","0","0","1","0","0","1082","0","0","0","0"
"CzGLRXJXoDo9q86MpphPVNNsTgAxHvZfUfAiouWDH89M","0","0","2.0.19","0.978807474075573","1","1","1","0.7121148273160368","0.7226685233938855","0.6452141135898177","1","0.9019731103202816","SCORE,NO_BOND","0","0","0","1","0","0","1083","0","0","0","0"
"76nwV8zz8tLz97SBRXH6uwHvgHXtqJDLQfF66jZhQ857","5","0","2.0.19","0.7583091795626304","1","0.95","0.92","0.8656153641489388","0.9993792407493105","0.9993792407493105","0.9636755289356097","0.9016776215174379","NO_BOND","0","0","0","1","3.234248596","13.473098182","1084","0","0","0","0"
"63CeFmqGDCSUUbF2EZ6UfMwoCzrZYJptAvj143qVeh1","5","0","2.0.19","0.7340409896520202","1","0.95","0.9","0.9899404716429412","0.9910285485972158","0.9908960333465555","1","0.901551310289805","NO_BOND","0","0","0","1","0","0","1085","0","0","0","0"
"FwnUt6MUucm4mKKGfRVcKo7W82MTusfZ2sDhnc8k6F5i","0","50871.613456014005","2.0.18","0.7669581284162128","1","1","1","0.6728578361773361","0.9926511671309333","0.9869649654208764","1","0.901326139341713","","0","0","0","1","0","0","1086","0","0","0","0"
"UVxJgkAkEiu5wqpR8JkBsF6yV3CPMfPivk8nUpCDKw6","5","0","2.0.19","0.8346590337873837","0.9990203906036179","0.95","0","0.9964378211968397","0.9964378211968397","0.9964378211968397","1","0.9013258929568866","NO_BOND","0","0","0","1","1e-9","33.189801065","1087","0","0","0","0"
"46mwXQRqWwj8Jp4ZR2tL1Yr3Snm99xDfKUs5jz7hLmEK","1","0","2.0.19","1","1","0.99","0.99","0.7121148273160368","0.7226685233938855","0.6452141135898177","0.9082317497196759","0.9012759735036242","SCORE,NO_BOND","0","0","0","1","0","0","1088","0","0","0","0"
"H1kyn75BFTXr8QRmToRRvuEEmYan5n6M5APyfhMLau3b","5","0","2.0.19","0.9134992449281226","1","0.95","0.9","0.8831955492132963","0.9214111132554376","0.6452141135898177","1","0.9012130110268839","NO_BOND","0","0","0","1","0","0","1089","0","0","0","0"
"TKMA1fBGq4M7gF2CNnhphX6vNateFc2cm2FL2mYwq7e","5","0","2.0.19","0.8821063125279033","1","0.95","0.9","0.6728578361773361","0.9560451816156026","0.7993843386370983","1","0.9007606999041583","NO_BOND","0","0","0","1","0","0","1090","0","0","0","0"
"AEtdq4CwtuktCEUWLLpRTNPBZs6tr7BBqxkHJ1DjAttR","5","0","2.0.19","0.8052344298947873","1","0.95","0.9","0.6728578361773361","0.9932777564546058","0.9578999111013335","1","0.9000200930668288","NO_BOND","0","0","0","1","0","0","1091","0","0","0","0"
"9QU2QSxhb24FUX3Tu2FpczXjpK3VYrvRudywSZaM29mF","7","63.135652926000006","2.0.19","1","1","0.93","0.92","0.8831955492132963","0.9707507348025519","0.8927017266124783","0","0.8996024583640052","SCORE","0","0","0","1","3.0000000000000004e-9","0","1092","0","0","0","0"
"5cYwwC8dmQ2tvtjDueHrU2B6NvmTHmoimsNGeGXVbkP8","5","0","2.0.19","0.7289158600757148","1","0.95","0.9","0.978782770911304","0.9842453647794797","0.998578664892833","1","0.8995130611770814","NO_BOND","0","0","0","1","0","0","1093","0","0","0","0"
"37BPVW1Ne1XHrzK15xguAS2BTdobVfThDzTE2mv8SsnJ","0","0","2.0.18","1","1","0.9","0","0.6728578361773361","0.9560451816156026","0.7993843386370983","1","0.8984428571532217","NO_BOND","0","0","0","1","0","0","1094","0","0","0","0"
"FqUfeiVYd1LMNSDw1t9WE6fAXAKzjUVHf8YzZXWQjSMd","5","0","2.0.19","0.7924109151811527","1","0.95","0.9","0.9255974876489999","0.9262822820374762","0.8991546660074171","1","0.8981257947500524","NO_BOND","0","0","0","1","0","0","1095","0","0","0","0"
"2tucttroqFNXsrYeMBQ8LfzKNfgwT2rHBzAF6RzbbHEp","5","0","2.0.18","0.7714474040810452","1","0.95","0.92","0.9939855840925584","0.9939855840925584","0.9969987162418297","0.7267593287231084","0.8980836607640896","NO_BOND","0","0","0","1","0","0","1096","0","0","0","0"
"5CBkJdDPMWCmss3Y48B36w78Bgxur4mDib6tQ9yMKe1B","5","0","2.0.19","0.9221855972646678","1","0.95","0.9","0.6728578361773361","0.998845800841095","0.6452141135898177","1","0.8979385645769001","NO_BOND","0","0","0","1","0","0","1097","0","0","0","0"
"6h4mhExruKD3zp7FLFU6ZDK9yVqoLHHdKVGpGXcauveT","5","0","2.0.19","0.8218848881716342","1","0.95","0.9","0.8656153641489388","0.8728048698955717","0.8927017266124783","1","0.8977558427790595","","0","0","0","1","0","0","1098","0","0","0","0"
"EQahA1H9zQDGTHzt5uGq1YXoiFSaYU8WxjtfCCGjUAv1","5","0","2.0.19","0.7824690220133993","1","0.95","0.9","0.6728578361773361","0.9932777564546058","0.9968690925065954","1","0.8977046945767376","NO_BOND","0","0","0","1","0","0","1099","0","0","0","0"
"4MU64AyHBkRBUAYgAm91sP5vFgzUUgFHuS82CVhE8Q2Q","5","0","2.0.19","0.8884080836520605","1","0.95","0","0.6728578361773361","0.9932777564546058","0.9968690925065954","1","0.8976960047827572","NO_BOND","0","0","0","1","0","0","1100","0","0","0","0"
"2b3UDcHQ8J4wLcCGjjh3f155Csoz24hrM4saG2r1Cydx","5","0","2.0.19","0.8042205320305198","0.9734357220637692","0.95","0.9","0.9255974876489999","0.9262822820374762","0.8991546660074171","1","0.8976507876149724","NO_BOND","0","0","0","1","0","0","1101","0","0","0","0"
"G8wNSn917P34TADGh3MHwr5Un8LT7J7U4LrkhDMTMUSL","5","0","2.0.19","0.8674771135993037","1","0.95","0.9","0.6728578361773361","0.9640367518802831","0.7993843386370983","1","0.8968149812431275","NO_BOND","0","0","0","1","0","14.000593216","1102","0","0","0","0"
"GrefCNn5jSbcWv3uiervqZiCC87F8oX7PXz9LEBiog6s","5","0","2.0.19","1","1","0.95","0.9","0.7121148273160368","0.7226685233938855","0.6452141135898177","0.9658025186251759","0.8966395714975276","SCORE,NO_BOND","0","0","0","1","0","0","1103","0","0","0","0"
"ENjAU1VZvBTAMCwg9ZayfxLaRQEPExcR2ujH7VdeBkDh","5","0","2.0.19","0.7928664063568424","1","0.95","0.9","0.6728578361773361","0.9993276242859842","0.9578999111013335","1","0.8966158791350446","NO_BOND","0","0","0","1","0","0","1104","0","0","0","0"
"AsiGmWgxcbZm3FdbYHJ241pqt7r5FjUndATazYeJ871w","5","0","2.0.19","0.7829904420413573","1","0.95","0.9","0.6728578361773361","0.9926511671309333","0.9869649654208764","1","0.8965343050272436","NO_BOND","0","0","0","1","0","0","1105","0","0","0","0"
"7uPvNKF16Cv3QJghZWp9aANGaF3GVbn6XB5RuFZcQwqv","5","0","2.0.15","0.7915486310683282","1","0.95","0.9","0.6728578361773361","0.9640367518802831","0.9869649654208764","1","0.8965258742052357","NO_BOND","0","0","0","1","0","0","1106","0","0","0","0"
"3Pb8KDmneuKuS38aDSFnK1WGz18aZN5Tuyu5ZaNUnySc","5","0","2.0.19","0.8206043596415381","1","0.95","0","0.9973349686360685","0.9981220304307233","0.9826269806694102","1","0.8953889531502364","NO_BOND","0","0","0","1","0","0","1107","0","0","0","0"
"3hxomW2SZyW23BVsxQdLb7nqKqUF6UBAd3bNKWA9n8j1","0","0","2.0.15","1","1","1","0","0.8656153641489388","0.8728048698955717","0.6452141135898177","1","0.8952613481401246","NO_BOND","0","0","0","1","0","0","1108","0","0","0","0"
"CvSb7wdQAFpHuSpTYTJnX5SYH4hCfQ9VuGnqrKaKwycB","5","0","2.0.18","1","1","0.95","0.75","0.8656153641489388","0.8728048698955717","0.9671749830616746","0","0.8946085571042353","SCORE,NO_BOND","0","0","0","1","2e-9","0","1109","0","0","0","0"
"2LrSZWeyvFovnzVFpFPQE7Lxt64xs3s3Re9HLxMJtGwf","10","0","2.0.18","0.8256058148465054","1","0.9","0.924","0.9450199616641256","0.9961267510255337","0.8927017266124783","0.7488808431575371","0.894558210246287","COMMISSION,NO_BOND","0","0","0","1","0","0","1110","0","0","0","0"
"FdGcvmbpebUwYA3vSywnagsaC3Tq3pAVmcR6VoxVcdV9","7","0","2.0.19","0.793346850711453","1","0.93","0.9","0.6728578361773361","0.9560451816156026","0.9995484026655338","0.9805540002103164","0.8942354624322186","","0","0","0","1","0","0","1111","0","0","0","0"
"9QAWHKhWuwAYc6vZhGarcai9WeFeZNeBJTNfMbNTbKQ9","5","0","2.0.20","0.8114893206155059","1","0.95","0","0.9944187197385863","0.9957171727235764","0.9991564603829403","1","0.8941605808172491","NO_BOND","0","0","0","1","0","0","1112","0","0","0","0"
"BUS3ixL7siraZR1tLhtquN4useHGRT87m5NJHLuMSSMp","0","0","2.0.15","1","1","1","0","0.6728578361773361","0.9876546553588523","0.6452141135898177","1","0.893939873960984","NO_BOND","0","0","0","1","0","0","1113","0","0","0","0"
"B88zXQkusXcsMn3e28ZCjZHWAAYv9ryBHXZj3EwcsSPm","0","0","2.0.15","1","1","1","0","0.6728578361773361","0.9876546553588523","0.6452141135898177","1","0.893939873960984","NO_BOND","0","0","0","1","0","0","1114","0","0","0","0"
"5NbEJGaA9J3TL7ZkwFxwAmeNLsUd6K3miPDjcmesE1av","0","0","2.0.15","1","1","1","0","0.6728578361773361","0.9876546553588523","0.6452141135898177","1","0.893939873960984","NO_BOND","0","0","0","1","0","0","1115","0","0","0","0"
"9MDcVy7CjbNuxUvSzeUFbppSP1XWzXGTPo1PiC4CqtGM","5","0","2.0.19","0.808774966296905","0.9389167248274652","0.95","0.9","0.9255974876489999","0.9262822820374762","0.8991546660074171","1","0.8935523797595637","NO_BOND","0","0","0","1","0","0","1116","0","0","0","0"
"DksQwx83WoiCWWCWqUQZckgfuz5oz3fTweZyFrtTZCfw","5","0","2.0.19","0.7083044163464636","1","0.95","0.9","0.978782770911304","0.9842453647794797","0.998578664892833","1","0.8928642083611938","NO_BOND","0","0","0","1","0","0","1117","0","0","0","0"
"AkTJNhRStpi6FmehZi2tit96vQgXkmgpkfGfrp4krQuN","2","0","2.0.19","0.8250529621090805","1","0.98","0.9","0.7121148273160368","0.7226685233938855","0.9982555246304362","1","0.8916643530460091","NO_BOND","0","0","0","1","0","0","1118","0","0","0","0"
"8GqyNGq1DGAbQLJCqidEV3cyPzByQdj9Ak5MrVibnu6c","5","0","2.0.19","0.9472880118490429","1","0.95","0","0.6728578361773361","0.9966750434612545","0.7993843386370983","1","0.8915363959928148","NO_BOND","0","0","0","1","0","0","1119","0","0","0","0"
"8NQEDxYxwUEPQk1yKFJEGHvYj22Je5xUQWLPkHfKkwrD","5","0","2.0.19","0.944643301163687","1","0.95","0","0.8656153641489388","0.8728048698955717","0.7993843386370983","1","0.891131796908705","NO_BOND","0","0","0","1","0","0","1120","0","0","0","0"
"E2J7T2reBRF1VesJJozG6T73RiLoNBqjfFmZR3zoDkGK","5","0","2.0.19","0.8171030338994064","0.98033952151103","0.95","0","0.9899404716429412","0.9910285485972158","0.9908960333465555","1","0.8909918925488054","NO_BOND","0","0","0","1","0","0","1121","0","0","0","0"
"3N7s9zXMZ4QqvHQR15t5GNHyqc89KduzMP7423eWiD5g","8","1783.775897318","2.0.19","1","1","0.92","0.9","0.6728578361773361","0.9560451816156026","0.9553787018441494","0","0.8907038072444541","COMMISSION,SCORE,NO_BOND","0","0","0","1","2e-9","6.844868665","1122","0","0","0","0"
"5fdEXhCBKC7FRRsH64asZCSiwgNXRozxmzb1cFzfrtWM","5","0","2.0.19","0.7634796127475392","1","0.95","0.9","0.6728578361773361","0.9926511671309333","0.9869649654208764","1","0.8902404891260118","NO_BOND","0","0","0","1","0","0","1123","0","0","0","0"
"GYRsheZ78JMfMNETuAZNrs6L1U3GsHP5crzzLPeETDYm","5","0","2.0.19","0.8310247929113067","1","0.95","0.9","0.7121148273160368","0.7226685233938855","0.9982555246304362","1","0.8898914597564047","NO_BOND","0","0","0","1","0","0","1124","0","0","0","0"
"FXcZJuQwkcQpw2YrkTaxWJ6rnw4P12wvULttviMRn655","5","0","2.0.19","0.8040787918334864","1","0.95","0","0.978782770911304","0.9842453647794797","0.9984035931264601","1","0.8895539976452177","NO_BOND","0","0","0","1","0","0","1125","0","0","0","0"
"B6nDYYLc2iwYqY3zdmavMmU9GjUL2hf79MkufviM2bXv","5","0","2.0.19","0.7752094358831328","1","0.95","0.95","0.6728578361773361","0.9916255447684242","0.9984881804672819","0.8748624740503365","0.8892375592084217","NO_BOND","0","0","0","1","0.032248015000000005","40.457161236999994","1126","0","0","0","0"
"mrgn4t2JabSgvGnrCaHXMvz8ocr4F52scsxJnkQMQsQ","0","0","2.0.19","1","1","1","1","0.7121148273160368","0.7226685233938855","0.6452141135898177","0.6946365943317669","0.8891085441237592","SCORE,NO_BOND","0","0","0","1","0","0","1127","0","0","0","0"
"FsT844wGgZg7MLR9Uc9T9qHQxmSoFVanhfgAEQvS966r","5","0","2.0.16","0.857356494769972","1","0.95","0.92","0.8831955492132963","0.9214111132554376","0.7993843386370983","0.7693071202444252","0.8888715800299958","NO_BOND","0","0","0","1","0","0","1128","0","0","0","0"
"VaCdXKupamusfRsDf9Ai7e8Up36Z4f3MP6SqhnM7c76","5","0","2.0.19","0.7708573053072864","0.9954128169708827","0.95","0.9","0.6728578361773361","0.998882929458079","0.9578999111013335","1","0.8887332659052103","NO_BOND","0","0","0","1","0","0","1129","0","0","0","0"
"8e8QYWHrPEEpAk7rDJ3BSKm9YGnfb8cwmGzo6EMb7tYb","5","0","2.0.19","0.8253355280660172","1","0.95","0.9","0.7121148273160368","0.7226685233938855","0.9982555246304362","1","0.8880562130321177","NO_BOND","0","0","0","1","0","0","1130","0","0","0","0"
"FXbkkbLWH4PxSK8t1JmKAHn4pEvGsCFyMT7pfgwm62us","5","0","2.0.19","0.7286635193611347","1","0.95","0.9","0.9923455878780997","0.9937175560378543","0.8927017266124783","1","0.8875618046429362","","0","0","0","1","0","0","1131","0","0","0","0"
"6H2opQ2ebr3B6PPnjVFoMQK8pFiJhjb6AqWTjAYGqLYH","5","0","2.0.19","0.7502968081988116","1","0.95","0.9","0.6728578361773361","0.9976803423195538","0.9947255525312383","1","0.8874760319814968","NO_BOND","0","0","0","1","0","0","1132","0","0","0","0"
"uCAkd9fN7Gj72iDYKCVRBhNMC1qqzuryZBaZ1MHDpoJ","5","0","2.0.19","0.7547295866503918","1","0.95","0.9","0.6728578361773361","0.9926511671309333","0.9869649654208764","1","0.8874179000624159","NO_BOND","0","0","0","1","0","0","1133","0","0","0","0"
"6V4SMF3vweyPZWUiPAXkZsNstHDoecsWdCDTUacn8j4u","5","0","2.0.19","0.7494477686680134","0.9857001187289031","0.95","0.9","0.9450199616641256","0.9760708980753455","0.8927017266124783","1","0.887198961429963","","0","0","0","1","0","0","1134","0","0","0","0"
"3ucuV6s4F3jvhvMrx9hz69abis2Q6P14aDxpdtP65kCc","5","0","2.0.19","0.6851503735427553","1","0.95","0.9","0.978782770911304","0.9842453647794797","0.9967559257545269","1","0.8851599701486035","NO_BOND","0","0","0","1","0","0","1135","0","0","0","0"
"ELvd1ayPGicuX9yBNr6tn3V3BUCa12Cme8FDdghcmskf","0","0","2.0.19","0.7381792839384651","1","1","0.9","0.6728578361773361","0.9978329471577722","0.9578999111013335","1","0.8849957096005799","","0","0","0","1","0","0","1136","0","0","0","0"
"6UDU4Z9TTbYy8gcRKBd7RX3Lm2qMsSR4PMuzoyYPzLma","5","0","2.0.19","0.8208358297169234","1","0.95","0.902","0.6728578361773361","0.9916255447684242","0.7993843386370983","1","0.8845152502702442","NO_BOND","0","0","0","1","0","0","1137","0","0","0","0"
"C2HZnYeF5BBbtAA96iZYcFPv3vqRUur7ZXXYAAZ1GMfw","5","0","2.0.19","0.8106763072600454","1","0.95","0.95","0.7121148273160368","0.7226685233938855","0.9910843401205105","1","0.884301150254717","NO_BOND","0","0","0","1","0","0","1138","0","0","0","0"
"GK9MfwWEK7BvMS8eQDaiEPnKcqMJoS7SKUiEBQY2pfxC","5","0","2.0.19","0.7493655085856936","1","0.95","0.9","0.9255974876489999","0.9262822820374762","0.8991546660074171","1","0.8842401797192593","NO_BOND","0","0","0","1","0","0","1139","0","0","0","0"
"xaNDLhifeWD4rmW4QmTghZ6q3AoKb2ifRaiGhxMwDSv","5","0","2.0.19","0.6793174001063051","1","0.95","1","0.9943941819391231","0.9951127345422154","0.9578999111013335","1","0.8841216197733315","NO_BOND","0","0","0","1","0","0","1140","0","0","0","0"
"6FMaXpe2KWDeqzKVuKBAJRgG79zARSLsFkwYyKrij4vX","5","0","2.0.19","0.6808118813431245","1","0.95","0.9","0.978782770911304","0.9842453647794797","0.9973477537712613","1","0.8838368214412045","NO_BOND","0","0","0","1","0","0","1141","0","0","0","0"
"CcaHc2L43ZWjwCHART3oZoJvHLAe9hzT2DJNUpBzoTN1","7","0","2.0.18","0.9358017643073276","1","0.93","0.93","0.9450199616641256","0.9760708980753455","0.8927017266124783","0","0.8837766828089509","SCORE,NO_BOND","0","0","0","1","5031.251349426","4517.929073504","1142","0","0","0","0"
"E7SeJHDuThghiqzyq5WRP67zGr4JzLCQYqeAeHKc8vwM","5","0","2.0.19","0.7380218476270302","1","0.95","0.9","0.6728578361773361","0.9996742391598461","0.9869649654208764","1","0.8827079589609037","NO_BOND","0","0","0","1","0","0","1143","0","0","0","0"
"GakAanHMN4dYY8rMKL1e6uUKjNJj2nN2sENFaxzdMEBm","0","0","2.0.19","0.6464019752517188","1","1","1","0.9939855840925584","0.9939855840925584","0.9817267807921223","1","0.8826082192305958","NO_BOND","0","0","0","1","0","0","1144","0","0","0","0"
"5cJyfCLBfghRtoCuVJNreJgNCStqXLrhHmRhSRYtbgtr","10","0","2.0.19","0.8103662323395435","1","0.9","0","0.9450199616641256","0.9961267510255337","0.9826269806694102","1","0.8823525942734817","COMMISSION,NO_BOND","0","0","0","1","0","0","1145","0","0","0","0"
"6aow5rTURdbhbeMDrFrbP2GR5vZjMEhktEy87iH1VGPs","10","0","2.0.18","0.9474720591258511","1","0.9","0.92","0.9400525500296809","0.9477779705949491","0.7993843386370983","0.21452049159643616","0.8822027722852898","COMMISSION,SCORE,NO_BOND","0","0","0","1","0","0","1146","0","0","0","0"
"6x9uLhegx488uA3dPoq8DWHS488K4FsEqeeMXeW7kQPx","8","0","2.0.19","1","1","0.92","0.92","0.9706734438751854","0.9706734438751854","0.6452141135898177","0.1563433141989672","0.8821583968430041","COMMISSION,SCORE,NO_BOND","0","0","0","1","0","0","1147","0","0","0","0"
"6oKqaVoS6o8hHSzP8uFp7E7C6c9i7hfznvSb5noBQAFT","5","0","2.0.19","0.8338664857157836","1","0.95","0.9","0.9400525500296809","0.9477779705949491","0.6452141135898177","1","0.8817448491406875","NO_BOND","0","0","0","1","0","0","1148","0","0","0","0"
"4QCeaNWTRsKY7Taw6PtneftQbuJCnqEuHpXW4cbSVvLB","0","124628.258553188","2.0.18","0.7057397248938084","1","1","1","0.6728578361773361","0.9926511671309333","0.9869649654208764","0.9936429804751903","0.8811681369457884","","0","0","0","1","0","0","1149","0","0","0","0"
"A8ARsTnLNEieHGNvnjoiJj9A1JY98dXbnohA18YRmDzN","5","0","2.0.19","0.6677974922694558","1","0.95","0.9","0.978782770911304","0.9842453647794797","0.9973477537712613","1","0.8796386314174403","NO_BOND","0","0","0","1","0","0","1150","0","0","0","0"
"4xgikZyMhE6wXP5HVZR7v5j2sRPYndBcexP7jQ1U9rsJ","5","0","2.0.19","0.7434475408966545","0.9148767088950395","0.95","0.9","0.8656153641489388","0.998534024820944","0.9578999111013335","1","0.8793039161486382","NO_BOND","0","0","0","1","0","0","1151","0","0","0","0"
"8cmey1eqqVS7GRqR22NafhQWhzsdgEiciM3xiEPL2Kac","0","0","2.0.19","0.7188428938784733","1","1","0.9","0.6728578361773361","0.9992899775566786","0.9578999111013335","1","0.8788991673617669","NO_BOND","0","0","0","1","0","0","1152","0","0","0","0"
"AiDoLYTz5CVN3ZLzqDWRtaGUaHGzDnWMeC6KCNYJPqFX","0","0","2.0.19","0.8043890069348831","1","1","1","0.6728578361773361","0.9966750434612545","0.7993843386370983","0.8316290501877821","0.8787234299035879","NO_BOND","0","0","0","1","0","0","1153","0","0","0","0"
"GE6atKoWiQ2pt3zL7N13pjNHjdLVys8LinG8qeJLcAiL","5","864.969317283","2.0.18","1","1","0.95","0.95","0.7121148273160368","0.7226685233938855","0.6452141135898177","0.653355281233533","0.8783807174722603","SCORE","0","0","0","1","0","937.166507294","1154","0","0","0","0"
"H3GhqPMwvGLdxWg3QJGjXDSkFSJCsFk3Wx9XBTdYZykc","10","0","2.0.18","0.7783808242371287","1","0.9","0","0.9992964597949789","0.9992964597949789","0.9994459749664147","0.9914108010913618","0.8774592272062762","COMMISSION,NO_BOND","0","0","0","1","0","0","1155","0","0","0","0"
"H43AYFsvhNuALQieHpLXefp1ECgEBT6oVnS4EcTsC25C","1","0","0.302.20104","0.900880088841983","1","0.99","0","0.7121148273160368","0.7226685233938855","0.9973245806691169","0.8963352451177184","0.8763670621337247","NO_BOND","0","0","0","1","0","0","1156","0","0","0","0"
"CatzoSMUkTRidT5DwBxAC2pEtnwMBTpkCepHkFgZDiqb","0","0","2.0.19","0.9846111054523631","1","1","1","0.9400525500296809","0.9477779705949491","0.6452141135898177","0","0.8758195651847454","SCORE,NO_BOND","0","0","0","1","0.011298769","59.392106557","1157","0","0","0","0"
"6D2jqw9hyVCpppZexquxa74Fn33rJzzBx38T58VucHx9","8","0","2.0.19","1","1","0.92","0.92","0.8656153641489388","0.8728048698955717","0.7993843386370983","0","0.8757155707268706","COMMISSION,SCORE,NO_BOND","0","0","0","1","0","0","1158","0","0","0","0"
"9QFvZhLvpbcFJTPkKq5wTWR2DGTXqrsP8z9igPgjSsZ1","0","0","2.0.19","0.6173643271318657","1","1","1","0.9923455878780997","0.9937175560378543","0.9982431410954319","1","0.8752406348248435","NO_BOND","0","0","0","1","0","0","1159","0","0","0","0"
"H3PePkvEDsq7kUaHttsjkjxHf2Cwiay1cyLJhakstg99","5","0","2.0.19","0.7900933081355729","1","0.95","0.9","0.6728578361773361","0.9916255447684242","0.7993843386370983","1","0.8745223465343247","NO_BOND","0","0","0","1","0","0","1160","0","0","0","0"
"4nDMcu6F7zeBfrXcM23JnRQkvqS4oYeyKf9PduoFqGrh","5","0","2.0.19","0.7994766840255556","1","0.95","0.9","0.7121148273160368","0.7226685233938855","0.9578999111013335","1","0.8745074744991813","NO_BOND","0","0","0","1","0","0","1161","0","0","0","0"
"EtMSc3MvcDXUr6ChK5GxyFVwTxYA3zqP5XzjE9jwKvSV","0","0","2.0.19","0.9041953185025672","1","1","0.9","0.7121148273160368","0.7226685233938855","0.6452141135898177","1","0.874106608522538","SCORE","0","0","0","1","0","111.295643704","1162","0","0","0","0"
"DUxWarcMsNYD5EKj3mchf7ssT9j6h4Bdw3VFJi7QxDry","5","0","2.0.19","0.7496880864332728","1","0.95","0.9","0.6728578361773361","0.9834641161439823","0.8991546660074171","1","0.873572179004807","BLACKLIST,NO_BOND","1","0","0","1","0","0","1163","0","0","0","0"
"Haz7b47sZBpxh9SwggGndN3fAyNQ1S949BPdxWXS3ab6","0","0","2.0.19","1","1","1","1","0.7121148273160368","0.7226685233938855","0.6452141135898177","0.45226039246034566","0.8734713698094739","SCORE,NO_BOND","0","0","0","1","0","0","1164","0","0","0","0"
"FKsC411dik9ktS6xPADxs4Fk2SCENvAiuccQHLAPndvk","7","0","2.0.19","1","1","0.93","0.92","0.7121148273160368","0.7226685233938855","0.9510955433344132","0","0.8720917225210124","SCORE,NO_BOND","0","0","0","1","0","0","1165","0","0","0","0"
"26MXTErkUfxTGJ78WKjNtVSTXHBrZEPYFY3oeuGeewz5","5","0","2.0.19","0.7048972764507316","1","0.95","0.9","0.6728578361773361","0.9998155832158994","0.9869649654208764","1","0.8720362918771998","NO_BOND","0","0","0","1","0","0","1166","0","0","0","0"
"55L7AV93xRmx5F7rX1GCfsHxfYWNu4bKsG6f8tG6dFRo","8","0","2.0.19","1","1","0.92","0.92","0.7121148273160368","0.7226685233938855","0.9510955433344132","0","0.8708586257468188","COMMISSION,SCORE,NO_BOND","0","0","0","1","0","0","1167","0","0","0","0"
"8jxSHbS4qAnh5yueFp4D9ABXubKqMwXqF3HtdzQGuphp","5","0","2.0.18","0.8128440988493242","1","0.95","0","0.9255974876489999","0.9262822820374762","0.8991546660074171","1","0.870534563675269","NO_BOND","0","0","0","1","0.008485246","1.431639662","1168","0","0","0","0"
"CqDkE6NwoHNyRdU3x4h52pKrf3iD4RyTszwhNYyRyXKm","5","0","2.0.19","0.7666615768843196","1","0.95","0.9","0.7121148273160368","0.7226685233938855","0.9998547930443848","1","0.8693354892204667","NO_BOND","0","0","0","1","0","0","1169","0","0","0","0"
"4sFsBDei4m7UXwuMeAGVmnJxZe9peJ5tvq581HoT9aH9","5","0","2.0.19","0.7820128708775351","1","0.95","0.9","0.7121148273160368","0.7226685233938855","0.9578999111013335","1","0.8688739863869166","NO_BOND","0","0","0","1","0","0","1170","0","0","0","0"
"NDf9Pv6TAxTDPR6ud3djsd2Ux1WS2m2YfTw4qEmSnQH","5","0","2.0.19","0.9056671206577219","1","0.95","0.95","0.7121148273160368","0.7226685233938855","0.6452141135898177","0.9564097635126462","0.8675026584766293","SCORE,NO_BOND","0","0","0","1","0","0","1171","0","0","0","0"
"9GJmEHGom9eWo4np4L5vC6b6ri1Df2xN8KFoWixvD1Bs","2","0","2.0.18","1","1","0.98","0.98","0.7121148273160368","0.7226685233938855","0.6452141135898177","0.3965798189290193","0.8666532682913238","SCORE","0","0","0","1","1e-9","0","1172","0","0","0","0"
"J1to2NAwajc8hD6E6kujdQiPn1Bbt2mGKKZLY9kSQKdB","4","0","2.0.20","1","1","0.96","0.92","0.8831955492132963","0.9214111132554376","0.6452141135898177","0","0.8665930610500703","SCORE,NO_BOND","0","0","0","1","0","0","1173","0","0","0","0"
"3YbHJFAAAXYQDNxJmHJY3z8CFZDyev2evHEtHwX6PBUW","5","0","2.0.18","0.6950143341357404","1","0.95","0.9","0.6728578361773361","0.9834641161439823","0.981794840764064","0.9962462439863738","0.866356555263646","NO_BOND","0","0","0","1","0","0","1174","0","0","0","0"
"FQwewNXahV7MiZcLpY6p1xhUs2acVGQ3U5Xxc7FzV571","8","0","2.0.19","0.9493645885339839","1","0.92","0.92","0.7121148273160368","0.7226685233938855","0.6452141135898177","0.7880150922385134","0.8658957338383827","COMMISSION,SCORE,NO_BOND","0","0","0","1","1e-9","4.446655101","1175","0","0","0","0"
"7F6Q6C9sthb4DPaM3gnncwopgJmuFFTu1jYjhBUdvqhj","0","0","2.0.18","0.6286207717297115","1","1","1","0.8831955492132963","0.9214111132554376","0.9998309630938713","1","0.8650372905763066","","0","0","0","1","0","0","1176","0","0","0","0"
"8HR5rCobbFMDe5EbgKdJLNDWVCeGG79w837BUxtsCngs","6","0","2.0.19","0.6859662097600244","1","0.94","0.95","0.9450199616641256","0.9760708980753455","0.8927017266124783","0.9071144144337349","0.8637007887249006","NO_BOND","0","0","0","1","0","0","1177","0","0","0","0"
"FGRz29GorTc2T6MARp1XF9ZMJzVVNfdfNS4rHUXJPgVa","5","0","2.0.20","1","1","0.95","0","0.7121148273160368","0.7226685233938855","0.6452141135898177","0.9838789676086888","0.8636232133674316","SCORE,NO_BOND","0","0","0","1","0","0","1178","0","0","0","0"
"62vDttWmru9mXm1cFBcHa8f7ymya46gqfUTjyZd61M66","1","0","2.0.16","0.8726887321186492","1","0.99","0.92","0.7121148273160368","0.7226685233938855","0.6452141135898177","1","0.8634697096890159","SCORE,NO_BOND","0","0","0","1","0","0","1179","0","0","0","0"
"G5rpFxdBqmZGg9Dm7QZwqatKa1YRPE5HDxZqohw7zbz8","7","0","2.0.18","0.69185349598116","1","0.93","0.92","0.8831955492132963","0.9707507348025519","0.8927017266124783","0.9771401025145305","0.863241657229833","NO_BOND","0","0","0","1","0","0","1180","0","0","0","0"
"5s3vajJvaAbabQvxFdiMfg14y23b2jvK6K2Mw4PYcYK","0","0","2.0.19","0.919254448313461","0.9623896429481519","1","0","0.6728578361773361","0.998845800841095","0.6452141135898177","1","0.8629097492616967","NO_BOND","0","0","0","1","0","0","1181","0","0","0","0"
"93jNtLuu5MF3Me4MGidwQFq8Pg7iVWiRHioXm3aYhsv6","0","0","2.0.15","0.8379582191112668","1","1","0","0.6728578361773361","0.9916255447684242","0.7993843386370983","1","0.8619455436232583","NO_BOND","0","0","0","1","0","0","1182","0","0","0","0"
"6B4Cu11nC7reP3F3wgKVtrHKALH6nFi6io9TXyYijweB","5","0","2.0.19","0.6068849526421429","1","0.95","0.9","0.9923455878780997","0.9937175560378543","0.9982431410954319","1","0.8618966430539651","NO_BOND","0","0","0","1","0","0","1183","0","0","0","0"
"8Tz3KbpHjUPxFHwyvWrdoQ5K464NZb6trntqNS5qW875","5","0","2.0.18","0.7561765306275174","1","0.95","0","0.9828666057562943","0.9828666057562943","0.8991546660074171","1","0.8614253870673004","NO_BOND","0","0","0","1","0","0","1184","0","0","0","0"
"CvfYpW8gRQ7bHy9uvuvqy2vpcNmXuBnvaoa2AC8pGHJx","5","0","2.0.19","0.919377997650524","1","0.95","0","0.6728578361773361","0.9840596301802241","0.6452141135898177","1","0.8614193868954793","NO_BOND","0","0","0","1","0","0","1185","0","0","0","0"
"JDeNVy8krNyf4dziyKnXwSMoBeFDhGUnHEeSmqWBAHkz","5","0","2.0.19","0.6697722626738424","1","0.95","0.9","0.6728578361773361","0.9932777564546058","0.9968690925065954","1","0.8613509012413967","NO_BOND","0","0","0","1","0","0","1186","0","0","0","0"
"BtY1xJFYukPn1sFnixMDpXcUt1feL4sGqQC9A3LZi1Rq","5","0","2.0.19","0.774636409150375","1","0.95","0","0.6728578361773361","0.9976803423195538","0.9947255525312383","1","0.8611449355142592","NO_BOND","0","0","0","1","0","0","1187","0","0","0","0"
"CxH3t2tDrTRAoxLceM55SPyENDh4bi2Bwqk7wNGsRNAC","5","0","2.0.19","0.6814680889059735","1","0.95","0.9","0.6728578361773361","0.9993276242859842","0.9578999111013335","1","0.8606809380218611","NO_BOND","0","0","0","1","0","0","1188","0","0","0","0"
"8N4nic4yCUbHf82FCJfM51XjRDhhFA6C2ghiPfZLjAkL","5","0","2.0.18","0.7930820510765055","0.991884530670735","0.95","0","0.6728578361773361","0.9932777564546058","0.9578999111013335","1","0.8606084435562112","NO_BOND","0","0","0","1","0","0","1189","0","0","0","0"
"HG7a8fgjTkQhGFTPukbTdf5FCwxVVjKzkbo6ToNswTXH","5","0","2.0.19","0.7807586206397411","1","0.95","0","0.9255974876489999","0.9262822820374762","0.8991546660074171","1","0.8601844094141132","BLACKLIST,NO_BOND","1","0","0","1","0","0","1190","0","0","0","0"
"6AdK8MMRrUUN7nn7SPkbiu1FjyL5mJpX8sPAhg3r2JWN","5","0","2.0.20","0.7154813661554289","0.9798084600150869","0.95","0","0.9944187197385863","0.9957171727235764","0.9988008808213605","1","0.8598876916955829","NO_BOND","0","0","0","1","0","0","1191","0","0","0","0"
"J1to1yufRnoWn81KYg1XkTWzmKjnYSnmE2VY8DGUJ9Qv","4","0","2.0.20","1","1","0.96","0.92","0.6728578361773361","0.9876546553588523","0.6452141135898177","0","0.8594335513803387","SCORE,NO_BOND","0","0","0","1","0","0","1192","0","0","0","0"
"2juzdQw3k2udsuA2JfkXk4Aw4psZEAnnk4sBHzwC5ZX7","5","0","2.0.19","0.6762652600226524","1","0.95","0.9","0.6728578361773361","0.9978329471577722","0.9578999111013335","1","0.8588579599503177","NO_BOND","0","0","0","1","0","0","1193","0","0","0","0"
"VMP1iN9D34jQo1GFvJs87SWQxvs2eL1VEkT3aEU7nEG","5","0","2.0.19","0.7619530645222999","1","0.95","0.9","0.9400525500296809","0.9477779705949491","0.6452141135898177","1","0.858546971336338","NO_BOND","0","0","0","1","0","0","1194","0","0","0","0"
"sh4rko7QjstESbderAwDEGitkXuuHdXLK4h8BQkr81i","0","0","2.0.17","0.7064959595027795","1","1","1","0.8656153641489388","0.8728048698955717","0.7993843386370983","1","0.8584562028245413","NO_BOND","0","0","0","1","0","0","1195","0","0","0","0"
"Ak5BJzQe2R8qFuyYmaAFPjXuD7XPux3ZNTv52D7rfiqR","10","0","2.0.19","1","1","0.9","0.9","0.8831955492132963","0.9214111132554376","0.6452141135898177","0","0.8584348675016831","COMMISSION,SCORE,NO_BOND","0","0","0","1","0","0","1196","0","0","0","0"
"HpeyxYuEXXdB7Xx58pWN6o6aKdw6mxSRBHYAZpXsdkpS","5","0","2.0.19","0.605383262097405","0.9887018701372894","0.95","0.9","0.9939855840925584","0.9939855840925584","0.9826269806694102","1","0.8577067037032557","NO_BOND","0","0","0","1","0","0","1197","0","0","0","0"
"sagasJDjjAHND4hien3bbo5xXkzCT5Ss6nKjyUJ45aw","5","0","2.0.19","0.744012551642719","1","0.95","0.9","0.6728578361773361","0.9560451816156026","0.7993843386370983","1","0.8562143254250666","NO_BOND","0","0","0","1","0","0","1198","0","0","0","0"
"cHikkH5cdo1B8oGRUpe7M3d3QUuEMrWpvDwoXgkMKtY","0","0","2.0.19","0.5981355363743232","0.959244578755511","1","1","0.9828666057562943","0.9828666057562943","0.9578999111013335","1","0.855597126797019","NO_BOND","0","0","0","1","0","0","1199","0","0","0","0"
"9hpbRMs6SCsVVWTeL52DPhc4FEyeN7BQvJ8xXH3F9G8e","5","0","2.0.20","0.7013044629077251","0.9812600281039981","0.95","0","0.9944187197385863","0.9957171727235764","0.9988008808213605","1","0.8555486209848577","NO_BOND","0","0","0","1","0","0","1200","0","0","0","0"
"XzMLju7T6BSSngmsPogeuryd6uswiimkPU87gB2chho","8","0","2.0.16","1","1","0.92","0.92","0.6728578361773361","0.9840596301802241","0.6452141135898177","0","0.8541532586211166","COMMISSION,SCORE,NO_BOND","0","0","0","1","0","0","1201","0","0","0","0"
"3Ty8DYNBkK237zPvACti83EJYGxDcMcoDMCou5r3eV5Q","5","0","2.0.19","1","1","0.95","0","0.6728578361773361","0.9620262925484746","0.7993843386370983","0.19645491861263153","0.853345540057218","SCORE,NO_BOND","0","0","0","1","0","0","1202","0","0","0","0"
"46Q2KgTuA1dieZrdxpNBz56ujCxz3mZmwTQY7iNgbuxc","5","0","2.0.19","0.593418939117051","1","0.95","0.9","0.9943941819391231","0.9951127345422154","0.9578999111013335","1","0.852614374292927","NO_BOND","0","0","0","1","0","0","1203","0","0","0","0"
"9Diao4uo6NpeMud7t5wvGnJ3WxDM7iaYxkGtJM36T4dy","1","0","0.101.20106","0.9448414057267169","1","0.99","0","0.8831955492132963","0.9214111132554376","0.6452141135898177","0.5338271839507689","0.851997526378093","SCORE,NO_BOND","0","0","0","1","0","0","1204","0","0","0","0"
"6jzDwKeR21EFHwaRgZMefMxJ9D2vnQRqfYxkpUuJppPh","2","0","2.0.18","1","1","0.98","0.98","0.7121148273160368","0.7226685233938855","0.6452141135898177","0.15636018141546315","0.851155227161417","SCORE,NO_BOND","0","0","0","1","0","0","1205","0","0","0","0"
"AMZPPHg2Ht7PBMQuzwrk9FAx47xZVPwxSstC4GcuhfKo","5","0","2.0.19","0.8867916642903259","1","0.95","0","0.6728578361773361","0.9840596301802241","0.6452141135898177","1","0.8509076664567056","NO_BOND","0","0","0","1","0","0","1206","0","0","0","0"
"6hTLQ5HSdWcpZkbXmZxXaGjCgTh7zh8UeWKWKgGE1BPp","100","0","2.0.18","1","1","0","1","0.6728578361773361","0.9620262925484746","0.9817267807921223","1","0.8495516668764059","COMMISSION,NO_BOND","0","0","0","1","0","0","1207","0","0","0","0"
"FsMucSM7B5y5PtehabtQJjDrGmKcMEtwvt1TpSjDrcZW","5","0","2.0.19","0.6462559547950029","1","0.95","0.9","0.6728578361773361","0.9993276242859842","0.9578999111013335","1","0.8493221850828383","NO_BOND","0","0","0","1","0","0","1208","0","0","0","0"
"HTtwGKgQgsQCAFDPBgN7LabHTMEkUpmTnFqEo5cBcquR","0","0","2.0.18","0.6806465080137891","1","1","0","0.9400525500296809","0.9477779705949491","0.9910843401205105","1","0.8489303694343271","","0","0","0","1","0","0","1209","0","0","0","0"
"H7fXvnLCKtZqJBTipxeseabGfAZUdHJ9XuP6hCKrbvUb","0","0","2.0.19","0.6196555594640495","1","1","0.92","0.6728578361773361","0.9640367518802831","0.9869649654208764","1","0.8480015930425652","","0","0","0","1","7e-9","82.099312958","1210","0","0","0","0"
"63mj5NgxsJigb6GEc4KVMsydnM4fQ8qg5ujU57puT154","0","0","2.0.19","0.569427140863755","1","0.95","0.9","0.978782770911304","0.9842453647794797","0.9945183580082584","1","0.8475411766719883","NO_BOND","0","0","0","1","0","0","1211","0","0","0","0"
"SNPWYSmpVdmFyzEm2bgQw88qZQc2bCXoH4s51SFvgsV","5","0","2.0.19","0.769653654681239","0.9801334379454401","0.9","0","0.9999058841276676","0.9999058841276676","0.7993843386370983","1","0.8462777584427845","NO_BOND","0","0","0","1","0","0","1212","0","0","0","0"
"27JusH756d8Wc3shn5rB7PxBW1Xwmi3CA3Qeh3KtXf3z","5","0","2.0.19","0.660669063440532","1","0.95","0.9","0.8656153641489388","0.8728048698955717","0.8927017266124783","1","0.8457507380270911","NO_BOND","0","0","0","1","0","0","1213","0","0","0","0"
"CNcaYdqkCwxDpKSVK8in5f6kqrTiZ5SuHsHFDqx6jNvu","2","0","2.0.18","0.6152743688968839","1","0.98","0.92","0.6728578361773361","0.9640367518802831","0.9994752319903875","1","0.8457363401589003","NO_BOND","0","0","0","1","0","0","1214","0","0","0","0"
"5woJQ7GLyexhbpT8wzQQV8keYgFhZaJWKf3QGHS4YPmd","5","0","2.0.19","0.6589087847232549","1","0.95","0","0.9964378211968397","0.9964378211968397","0.9964378211968397","1","0.8447902657420678","NO_BOND","0","0","0","1","0","0","1215","0","0","0","0"
"he1iusunGwqrNtafDtLdhsUQDFvo13z9sUa36PauBtk","0","4337.210999061","2.0.19","1","1","1","1","0.7121148273160368","0.7226685233938855","0.6452141135898177","0","0.8442932799733226","SCORE","0","0","0","1","1e-9","1222.584394556","1216","0","0","0","0"
"BCVbQ44TgcDeuAEdpcdUMjy5qGKSxaeUovBqXqWNPNVh","5","0","2.0.19","0.6612586564692864","1","0.95","0","0.978782770911304","0.9842453647794797","0.9973477537712613","1","0.8433467489012567","NO_BOND","0","0","0","1","0","0","1217","0","0","0","0"
"SFund7s2YPS7iCu7W2TobbuQEpVEAv9ZU7zHKiN1Gow","5","0","2.0.19","0.6164708435319122","1","0.95","0.9","0.6728578361773361","0.9926511671309333","0.9869649654208764","1","0.8428183055080677","NO_BOND","0","0","0","1","0","0","1218","0","0","0","0"
"6yShbTX3KRMJLANDfo8Xo4aHYCjepjUbna9Y64mdQB1a","5","0","2.0.19","0.7588185742326011","1","0.95","0","0.6728578361773361","0.9834641161439823","0.8991546660074171","1","0.8423349170045903","BLACKLIST,NO_BOND","1","0","0","1","0","0","1219","0","0","0","0"
"89DXJe6XTDASsmyXJoPyRetLq1csRj9N2Bwn67fNvYGt","5","0","2.0.19","0.6812124766961767","1","0.95","0.9","0.7121148273160368","0.7226685233938855","0.9982555246304362","1","0.8415649061386208","NO_BOND","0","0","0","1","0","0","1220","0","0","0","0"
"APXk9VZkjTPFjJNLFvmCDHqMQ7moQd3ywf3qGtSjvHyj","5","0","2.0.20","0.6839850451851412","0.9324190312300433","0.95","0","0.978782770911304","0.9842453647794797","0.9984035931264601","1","0.8399139231183392","NO_BOND","0","0","0","1","0","0","1221","0","0","0","0"
"8Pep3GmYiijRALqrMKpez92cxvF4YPTzoZg83uXh14pW","10","0","2.0.15","1","1","0.9","0","0.6728578361773361","0.9620262925484746","0.7993843386370983","0.08204443186373622","0.8397987344605149","BLACKLIST,COMMISSION,SCORE,NO_BOND","1","0","0","1","0","0","1222","0","0","0","0"
"BohPTSY4vvjGd9ARFqDJjRaHZKP4bde7ewBq65WgRGmA","5","0","2.0.19","0.8196069255142866","1","0.95","0","0.7121148273160368","0.7226685233938855","0.8991546660074171","1","0.839238488515686","NO_BOND","0","0","0","1","0","0","1223","0","0","0","0"
"7jp9iA5QF4VJrV1YZ47FqFDziuZALp9wJSWRLWBa4Lg7","5","0","2.0.19","0.6026483904756672","1","0.95","0.9","0.6728578361773361","0.9926511671309333","0.9869649654208764","1","0.8383594496834725","NO_BOND","0","0","0","1","0","0","1224","0","0","0","0"
"2YNubqM7eHLEL7JnygJYSWPq42LXYKiL5GkXfvEbZGQW","5","0","2.0.19","0.5984792743301962","1","0.95","0.9","0.6728578361773361","0.9932777564546058","0.9968690925065954","1","0.838353163066027","NO_BOND","0","0","0","1","0","0","1225","0","0","0","0"
"a1exajFBsggm7R7ydb4LwyEAdsLCUKNAiUrre9B12kV","5","0","2.0.19","0.6970305692976773","1","0.95","0","0.6728578361773361","0.9932777564546058","0.9968690925065954","1","0.8359613227329562","NO_BOND","0","0","0","1","0","0","1226","0","0","0","0"
"7iC1Uu6QBqNG6oaBimnPgLmtoantH7Nc3RD7SoLHgVET","5","0","2.0.19","0.6034189862431425","1","0.95","0.9","0.6728578361773361","0.9992899775566786","0.9578999111013335","1","0.835500164898757","NO_BOND","0","0","0","1","0","0","1227","0","0","0","0"
"438C7o4cJrbchdmxEPvFgaE5g9DocWKeSc1k4E1aY7qw","5","0","2.0.19","0.5956905340492278","1","0.95","0.9","0.7121148273160368","0.9980265088130214","0.9578999111013335","1","0.8354175537409274","NO_BOND","0","0","0","1","0","0","1228","0","0","0","0"
"53RJBy7aBGA7Aag6AryxEmBbsHDgwfBWagLrPbGHnfvR","5","0","2.0.19","0.6596022553347002","1","0.95","0.9","0.7121148273160368","0.7226685233938855","0.9998547930443848","1","0.8348002242044604","NO_BOND","0","0","0","1","0","0","1229","0","0","0","0"
"8EHeAESs87EejfEMi6u1ndexywxGMAanV7QsUpDiseWP","5","0","2.0.19","0.5290873177159553","1","0.95","0.9","0.978782770911304","0.9842453647794797","0.9945183580082584","1","0.8345283304952785","","0","0","0","1","0","0","1230","0","0","0","0"
"s1V1Y1XFHfr6pqs6edVNzA3W1kf9ye2J3VhrgKMQyb5","5","0","2.0.19","0.6583628006759862","0.9857001187289031","0.95","0.9009999999999999","0.7121148273160368","0.7226685233938855","0.9982555246304362","1","0.8319255910883824","","0","0","0","1","0","0","1231","0","0","0","0"
"84gebYpPpEafPeGJUVA8QzfaTQC3GeyVufCTHpqsQqE2","5","0","2.0.18","0.5363245724975578","1","0.95","0.9","0.8656153641489388","0.9999995201501805","0.9999995201501805","1","0.8317936482040232","NO_BOND","0","0","0","1","0","0","1232","0","0","0","0"
"BpoqTRHu5K2XZEJe4EicRnyYabeBLG9TVekBXiHXSXTi","5","0","2.0.19","0.5930717855104509","1","0.95","0.9","0.6728578361773361","0.9932777564546058","0.9578999111013335","1","0.8315805303622043","NO_BOND","0","0","0","1","0","0","1233","0","0","0","0"
"2EugUXCgvu1qAfKiUgDjcMpeMcr1pvWVeug9YHtGDoSq","5","0","2.0.20","0.6185553728724679","1","0.95","0","0.978782770911304","0.9842453647794797","0.9984035931264601","1","0.8297077334642439","NO_BOND","0","0","0","1","0","0","1234","0","0","0","0"
"fVotEjqpmpQYgyVyBCwYm62BKqqTQNE6SpYnRmdBazH","5","0","2.0.19","0.5197132049294418","1","0.95","0.9","0.9973349686360685","0.9992158950663164","0.9578999111013335","1","0.8294251392313173","","0","0","0","1","0","0","1235","0","0","0","0"
"8PTusiY7z4wfjScHU6hr459AFDzrCki4wWmwhXd91mMr","5","0","2.0.19","0.5693666562041056","1","0.95","0.9","0.6728578361773361","0.9976803423195538","0.9947255525312383","1","0.8291114668219143","NO_BOND","0","0","0","1","0","0","1236","0","0","0","0"
"26pV97Ce83ZQ6Kz9XT4td8tdoUFPTng8Fb8gPyc53dJx","7","4.448448575","2.0.18","0.7621466104500532","1","0.93","0.93","0.9450199616641256","0.9753748972900845","0.8927017266124783","0","0.8276915363273856","SCORE,NO_BOND","0","0","0","1","957.374979724","0","1237","0","0","0","0"
"Hsk4q3CE6h7N4ryjMxX1ixUSaFrrAFZipu1w7p2ijokY","5","0","2.0.19","0.5782955555047584","0.9160714248383478","0.95","0.9","0.8656153641489388","0.9993930192115521","0.9578999111013335","1","0.8263049067605545","NO_BOND","0","0","0","1","0","0","1238","0","0","0","0"
"DdCNGDpP7qMgoAy6paFzhhak2EeyCZcgjH7ak5u5v28m","5","0","2.0.19","0.9565424303332233","1","0.95","0","0.7121148273160368","0.7226685233938855","0.9510955433344132","0","0.8255971516607619","SCORE,NO_BOND","0","0","0","1","0","0","1239","0","0","0","0"
"ACyyUk2AF8XCkyjVKL6kMxUHqaud5wrXo44jawohn3qT","5","0","2.0.19","0.4994753926409951","1","0.95","0.9","0.978782770911304","0.9842453647794797","0.9982555246304362","1","0.8254583116481529","NO_BOND","0","0","0","1","0","0","1240","0","0","0","0"
"34oGkjDsb6mRwSbvw9xZDtR9URfVpRnYjvwZecUZUsHF","5","0","2.0.19","0.5640529953452807","0.9862724741610197","0.95","0.9","0.6728578361773361","0.9932777564546058","0.9968690925065954","1","0.8250337947097671","BLACKLIST,NO_BOND","1","0","0","1","0","0","1241","0","0","0","0"
"HimWQUK61d9wxhw7EYu9jUje7xQiDs4jKexaTSvuCmXE","8","0","2.0.18","0.5628121287047326","1","0.92","0.92","0.8831955492132963","0.9214111132554376","0.9553787018441494","0.9630418220093775","0.8227852960205028","COMMISSION,NO_BOND","0","0","0","1","0","0","1242","0","0","0","0"
"6T5kjAEURp7jsEfX6NdQVczDseUgMFHtK349Agouwotq","5","0","2.0.19","0.49178251695669445","0.9981440569276498","0.95","0.9","0.978782770911304","0.9842453647794797","0.9982555246304362","1","0.822677393189935","NO_BOND","0","0","0","1","0","0","1243","0","0","0","0"
"Ev3gPXRo6TJeQ2QhxfqWFoasdoGbmDytYvJbUabEHfLf","0","0","2.0.18","0.7399359360196045","1","1","1","0.7121148273160368","0.7226685233938855","0.6452141135898177","0.9442219016543953","0.8213191884734786","SCORE","0","0","0","1","1e-9","0","1244","0","0","0","0"
"Bwkz1ddKoGE8hgiSV6HZLXi9RBLqfBi3HZb2QujzVGgz","100","0","2.0.18","1","1","0","0","0.8831955492132963","0.9214111132554376","0.996260244725467","0.9666646194658074","0.8209353114847222","COMMISSION,NO_BOND","0","0","0","1","0","0","1245","0","0","0","0"
"DsT3eKbWAaX9wVZQYBsbkDwpFA9NTDtXfsYc9wXUEWpn","5","0","2.0.19","0.6641996614004211","1","0.95","0","0.6728578361773361","0.9932777564546058","0.9578999111013335","1","0.8203424258105818","NO_BOND","0","0","0","1","0","0","1246","0","0","0","0"
"CviQXDMPZPVAZ5qgVGN2gSBSD9GqqwRt7VZidoHMpArr","5","0","2.0.19","0.542037791235792","1","0.95","0.9","0.6728578361773361","0.9932777564546058","0.9968690925065954","1","0.8201462330355739","BLACKLIST,NO_BOND","1","0","0","1","0","0","1247","0","0","0","0"
"E2MhCdSvsm8qexDPZ5AnZU2Wa1mG8F1US82vh7y317ff","0","23.14997211","2.0.18","0.5134346102190263","1","1","1","0.6728578361773361","0.9926511671309333","0.9869649654208764","1","0.8195443592781045","","0","0","0","1","0","0","1248","0","0","0","0"
"8ACcAUtFEEYRYGJ5CPPBco8NvbwhjZKsgv7Fma64QDPM","5","0","2.0.19","0.4817121357062495","1","0.95","0.9","0.978782770911304","0.9842453647794797","0.9967559257545269","1","0.8195347321368274","NO_BOND","0","0","0","1","0","0","1249","0","0","0","0"
"DLKjd8DJc9NajCaHPeQL6BnhPi3a4BZm7zCdVF3MzDRZ","1","0","0.101.20016","0.6057549640094949","1","0.99","0","0.9400525500296809","0.9477779705949491","0.9973547234111352","0.8963466510845187","0.8176604789597657","NO_BOND","0","0","0","1","0","0","1250","0","0","0","0"
"7opSZGmevWhRDyLt5Wu38FZFjUyredGmMki4DNmxDnjd","5","0","2.0.19","0.7167441774422222","1","0.95","0","0.6728578361773361","0.9834641161439823","0.8991546660074171","0.8259579679741059","0.8175340127479588","NO_BOND","0","0","0","1","0","0","1251","0","0","0","0"
"31XTYdLdpZh3gAEr6oKkXRhx9hiEWJwRh84jo92C5CBX","5","0","2.0.19","0.5294517851426178","1","0.95","0.9","0.6728578361773361","0.9932777564546058","0.9968690925065954","1","0.8160862310700339","NO_BOND","0","0","0","1","0","0","1252","0","0","0","0"
"GyHM7HLmryEbnsK42abvCL2W2XAQLV3ijpYaZf5ietdQ","5","0","2.0.19","0.7122280303679598","1","0.95","0","0.6728578361773361","0.9966750434612545","0.7993843386370983","1","0.8157105955150461","NO_BOND","0","0","0","1","0","0","1253","0","0","0","0"
"28E8jAYguhHPuuMKxQJpSmU3J75zi6iFmktYbiam8eyS","100","0","2.0.19","1","1","0","0","0.6728578361773361","0.9926511671309333","0.9869649654208764","1","0.8152106140461606","COMMISSION,NO_BOND","0","0","0","1","0","0","1254","0","0","0","0"
"EXrWdDxFaE3Sfsbh3TV5ToGhMqu53xrmeoVdvn467jUH","100","0","2.0.18","0.9750350345834463","1","0","0","0.8831955492132963","0.9214111132554376","0.9964973969201761","1","0.8150633668292927","COMMISSION","0","0","0","1","0.258984349","0","1255","0","0","0","0"
"9SGUxCqs4fpRCRuVKyfqoZxkBSSXgH37ca6XfyLsK31F","5","0","2.0.15","0.6328883196711537","1","0.95","0","0.6728578361773361","0.9926511671309333","0.9869649654208764","1","0.813931684907823","NO_BOND","0","0","0","1","0","0","1256","0","0","0","0"
"B38JgkTi7Fu2Uxk8JzNw4M7aMhVxzGu2fsRqHNScPkCQ","100","0","2.0.19","1","1","0","0","0.6728578361773361","0.9834641161439823","0.981794840764064","1","0.8136544317368669","COMMISSION,NO_BOND","0","0","0","1","0","0","1257","0","0","0","0"
"CrEA7jydDYM1kxLR3MoYXm3r7WJxmgR54MyjhF9FgbtW","5","0","2.0.19","0.46942907922127297","1","0.95","0.9","0.9995402778881695","0.9995402778881695","0.9578999111013335","1","0.8133781234212552","NO_BOND","0","0","0","1","0","0","1258","0","0","0","0"
"s2VZdgVB1GkLy9y6N8CwEyD35bomuvxSkc4e8affvt9","5","0","2.0.19","0.5019403730665506","0.9154144288367903","0.95","0.9009999999999999","0.978782770911304","0.9842453647794797","0.9999997222440873","1","0.8128736709673178","","0","0","0","1","0","0","1259","0","0","0","0"
"B8kmCsDCzhztpiNTL1nhJzsQyxEyW4Ks9Z8kvXXLbvzv","100","0","2.0.18","1","1","0","0","0.6728578361773361","0.9640367518802831","0.9817267807921223","1","0.8117655822956134","COMMISSION,NO_BOND","0","0","0","1","0","0","1260","0","0","0","0"
"Dh4K8fNV6pRFZtbzQnP5a5HmyBPb2kmxvWiYmc5fJMvj","100","0","2.0.19","1","1","0","0","0.6728578361773361","0.9932777564546058","0.9578999111013335","1","0.8115209221330265","COMMISSION,NO_BOND","0","0","0","1","0","0","1261","0","0","0","0"
"DeQD32gem87WMYJWNSmNJ8VRcZMBxXnYBaC8TwGVKRfx","5","0","2.0.15","0.551481045985748","0.9144878960140811","0.95","0.9","0.6728578361773361","0.9926511671309333","0.9869649654208764","1","0.8080615798502859","NO_BOND","0","0","0","1","0","0","1262","0","0","0","0"
"ADoWVeGQscFzTue51tMtFiLWiTTYYnkQryQFN9VzoRxL","5","0","2.0.19","0.5639222106951782","1","0.95","0.9","0.7121148273160368","0.7226685233938855","0.9982555246304362","1","0.8037293364608793","NO_BOND","0","0","0","1","0","0","1263","0","0","0","0"
"4GAmUQ8FvKcTzeYGqxu2oSBMStYNwDTmBo7LC1Csg6SE","5","0","2.0.17","0.5049523641183095","0.9353147425071554","0.95","0.95","0.9450199616641256","0.9753748972900845","0.8927017266124783","1","0.8020344798505578","NO_BOND","0","0","0","1","0","0","1264","0","0","0","0"
"5orRi4tMEGneZ9U2y381JnBEnsqFJDBSNQLhBn98Bkcv","100","0","2.0.18","1","1","0","0","0.9255974876489999","0.9262822820374762","0.8991546660074171","0.8141886946102974","0.8017754153116353","COMMISSION,NO_BOND","0","0","0","1","0","0","1265","0","0","0","0"
"5sMmkL4BXjU6vZXQxE3RquH2CR8v8Zbfi1EAAFxLfxMx","100","0","2.0.18","1","1","0","0","0.9255974876489999","0.9262822820374762","0.8991546660074171","0.8139819764453995","0.8017620786558354","COMMISSION,NO_BOND","0","0","0","1","0","0","1266","0","0","0","0"
"8zHJtME22tiY3UsSHtDJXo2J8hUfwikBxXNbVqQzA92r","100","0","2.0.18","1","1","0","0","0.9255974876489999","0.9262822820374762","0.8991546660074171","0.8105328942055098","0.8015395572210039","COMMISSION,NO_BOND","0","0","0","1","0","0","1267","0","0","0","0"
"7S9dHgoeMYvtShTjEC3x5D3THRDQz123WVGPseZsm3hm","100","0","2.0.18","1","1","0","0","0.9255974876489999","0.9262822820374762","0.8991546660074171","0.8086723694628918","0.8014195233666414","COMMISSION,NO_BOND","0","0","0","1","0","0","1268","0","0","0","0"
"8uEgdseqbUrDLfmHbUpTHoH1LLRxeViYDk7K6NdXKRYM","100","0","2.0.19","1","1","0","0","0.9255974876489999","0.9262822820374762","0.8991546660074171","0.8057722985288307","0.8012324220160568","COMMISSION,NO_BOND","0","0","0","1","0","0","1269","0","0","0","0"
"3tUZu4CkwMLwYdosoGc85n48VgDMyxZVkL1VUJc7DrxW","100","0","2.0.18","1","1","0","0","0.9255974876489999","0.9262822820374762","0.8991546660074171","0.7931356330329231","0.8004171532743853","COMMISSION,NO_BOND","0","0","0","1","0","0","1270","0","0","0","0"
"8ZvTbWfA7txjkNubA9jnv8CWQtwbaZSzpf7vaDDcxMr5","0","261.682922882","2.0.18","0.45250165257604924","0.8690577379881563","1","1","0.9984566485363041","0.9984579635243177","0.9826269806694102","1","0.7997774298717573","","0","0","0","1","0","0","1271","0","0","0","0"
"9KUA3BzMqFb5R8KLLdaMDHGkdKWUDwev7B3xY6a3VubD","5","0","2.0.19","0.53943931933831","0.8845493041802868","0.95","0.9","0.6728578361773361","0.996342184058184","0.9869649654208764","1","0.7997055419515245","NO_BOND","0","0","0","1","0","0","1272","0","0","0","0"
"74pfDmYto6aAqCzFH1mNJ8NxF7A4LQ4cXkipGwgjY39u","100","0","2.0.18","0.9566870036154197","1","0","0","0.9742519037120594","0.9946009434037487","0.99008592203535","0.6240000556818974","0.7970167894611212","COMMISSION,NO_BOND","0","0","0","1","0","0","1273","0","0","0","0"
"AzbQjKoLepbDS8C6hgkRY7UCRwbwZZ9HqdtnWyef9WjX","100","0","2.0.18","1","1","0","0","0.9255974876489999","0.9262822820374762","0.8991546660074171","0.715902737204827","0.795434385801605","COMMISSION,NO_BOND","0","0","0","1","0","0","1274","0","0","0","0"
"9jVU1ET9Xxqnrsqjw8FGxmHgcXs6Hbj1HECckWqn2LUD","100","0","2.0.19","0.9429066276133302","1","0","0","0.6728578361773361","0.996342184058184","0.9869649654208764","0.9668947653906151","0.7950147707460405","COMMISSION,NO_BOND","0","0","0","1","0","0","1275","0","0","0","0"
"GRt2mJZKpK9WXph5HGg4pdgewCYLKitRRSiTkrtHLXV8","100","0","2.0.18","1","1","0","0.5","0.7121148273160368","0.7226685233938855","0.9920893467473748","0.7199606788922213","0.7932004506318604","COMMISSION,NO_BOND","0","0","0","1","0","0","1276","0","0","0","0"
"BWBf7yJzAgDrDA5L5Tjn9TN7DbsjKdjcWJPT7gNi51nD","5","0","2.0.19","0.5727892182304501","1","0.95","0","0.6728578361773361","0.9978329471577722","0.9578999111013335","1","0.7912960109850912","NO_BOND","0","0","0","1","0","0","1277","0","0","0","0"
"EpRvips2doUUdxvs3Qhf4MCLqVeJEPu47Aci5QbBXASV","6","0","2.0.17","0.63587323471256","1","0.94","0","0.8656153641489388","0.8728048698955717","0.7993843386370983","0.9927853857725923","0.789829993909799","NO_BOND","0","0","0","1","0","0","1278","0","0","0","0"
"6xa5ZCMXmTz5VqWasz1PfVVBnYH24i5phRAK1HTDdmWN","100","0","2.0.19","1","1","0","0","0.9706734438751854","0.9706734438751854","0.6452141135898177","1","0.7882007636688774","COMMISSION,NO_BOND","0","0","0","1","0","0","1279","0","0","0","0"
"3LAzTH2Fbsza2wbnKgrDcQKdaQRshQkb4w4vk12E5KH2","5","0","2.0.18","0.5490268530123931","1","0.95","0","0.8656153641489388","0.9993661262224051","0.8927017266124783","1","0.7878024046302883","NO_BOND","0","0","0","1","0","0","1280","0","0","0","0"
"GuY9VVJkH2tdg1z2tePC3uy5y3FbyqT1cHt8ETYWPWNh","5","0","2.0.19","0.4363362580248154","1","0.95","0.92","0.6728578361773361","0.9926511671309333","0.9999369757311285","1","0.7871437953845206","NO_BOND","0","0","0","1","0","0","1281","0","0","0","0"
"XBtfuT5gYU27UAukT3pEzgiKgHpHNQhSoa3zX2PYtiT","5","0","2.0.19","0.44745190146068353","1","0.95","0.9","0.6728578361773361","0.9620262925484746","0.9968690925065954","1","0.7866103204720424","NO_BOND","0","0","0","1","0","0","1282","0","0","0","0"
"37Fz6yZjFdZS6DDsJSsswX5kSvunaZQtQ5zusC3y9V7S","0","36544.881005356","2.0.18","0.4081712222368635","0.9975655065396322","1","1","0.6728578361773361","0.9926511671309333","0.9869649654208764","1","0.785195767435412","","0","0","0","1","0","0","1283","0","0","0","0"
"8BMMDVM8Tb88a2Hx1VSZ1TKmH1rMHbVU7xVafMk9JrEW","100","0","2.0.19","1","1","0","0","0.9255974876489999","0.9262822820374762","0.8991546660074171","0.5448715503932821","0.7844001156847311","COMMISSION,NO_BOND","0","0","0","1","0","0","1284","0","0","0","0"
"8wTSPukwTAzNzEYyUdc8UiKkTg1hNtZ1xLum7o1Ne6wr","100","0","2.0.19","1","1","0","0","0.6728578361773361","0.9884497456957306","0.981794840764064","0.5114132693306674","0.7826151874567566","COMMISSION,NO_BOND","0","0","0","1","0","0","1285","0","0","0","0"
"6tgtejPHUHR1pECzXqQT8EHZqnKCWZFSqdZXDyBaKe3b","100","0","2.0.18","1","1","0","0.98","0.7121148273160368","0.7226685233938855","0.6452141135898177","0.9487127994919192","0.7814312670373174","COMMISSION,SCORE,NO_BOND","0","0","0","1","0","0","1286","0","0","0","0"
"696fkFqwiLxsDG8Jr5MvU9kvGm9uuMuTPh3rn3ybRNQm","0","0","2.0.18","0.5849375819730513","0.8853102068075387","1","0","0.6728578361773361","0.9834641161439823","0.981794840764064","0.9300859816482903","0.7800640709970212","NO_BOND","0","0","0","1","0","0","1287","0","0","0","0"
"CertusDeBmqN8ZawdkxK5kFGMwBXdudvWHYwtNgNhvLu","5","0","2.0.19","0.7784335059078805","1","0.95","0.7","0.7121148273160368","0.7226685233938855","0.6452141135898177","0.36846935458659513","0.7790327563685483","SCORE,NO_BOND","0","0","0","1","0.1","0","1288","0","0","0","0"
"EdkhvJYa3kWQkFJAPzmGsQyi1D2JA5a7vwWw4hDuwbt","5","0","2.0.19","0.4571640686855465","0.7925561765455369","0.95","0.9","0.9899404716429412","0.9910285485972158","0.9908960333465555","1","0.7787774932918354","NO_BOND","0","0","0","1","0","0","1289","0","0","0","0"
"ALiQdX94fYbGUt8ar6chuAN1nj8g8bKSgJ7qV3W7bPsS","100","0","2.0.18","1","1","0","0.98","0.7121148273160368","0.7226685233938855","0.6452141135898177","0.858828039480521","0.7756322502623886","COMMISSION,SCORE,NO_BOND","0","0","0","1","0","0","1290","0","0","0","0"
"E9W5kU2fnha9yp4RmFZgNNsRUvy6oKnB9ZyR9LC81WaE","100","0","2.0.18","1","1","0","0","0.9255974876489999","0.9262822820374762","0.8991546660074171","0.4078415545172922","0.7755594707895059","COMMISSION,NO_BOND","0","0","0","1","0","0","1291","0","0","0","0"
"GN3CMRBRrYb5D7h7xkSRgQB63emxQEng9KoWB4kuBs2a","5","0","2.0.19","0.436205374375072","0.8812113822777196","0.95","0.9","0.8656153641489388","0.998534024820944","0.9578999111013335","1","0.7747636484614633","NO_BOND","0","0","0","1","0","0","1292","0","0","0","0"
"irKsY8c3sQur1XaYuQ811hzsEQJ5Hq3Yu3AAoXYnp8W","5","0","2.0.19","0.5639228281124009","1","0.95","0","0.8831955492132963","0.9214111132554376","0.7993843386370983","1","0.7741567765763003","NO_BOND","0","0","0","1","0","0","1293","0","0","0","0"
"CqSMzh8DWZeqYVa5M1V1rHU825T19NCjYipM3pkdHncm","0","0","2.0.19","0.45577517618606306","0.8076850198170342","1","0.9","0.9742519037120594","0.9967436622977689","0.8927017266124783","1","0.7738057600552627","","0","0","0","1","0","0","1294","0","0","0","0"
"86Sw9R6ynPmXnHfwUWinXtq1QoF2KHesfQQyZG5r8sXo","5","0","2.0.19","0.42358502203905063","0.9406161216144834","0.95","0.9","0.6728578361773361","0.9999061313611088","0.9999061313611088","1","0.7733909490433987","","0","0","0","1","1e-9","1.066967291","1295","0","0","0","0"
"BhREyEsP3YAtQbTCrKcXgTNTeaq9gdjWji3Nz4d8Q1P2","100","0","2.0.18","0.994229348428586","1","0","0","0.9255974876489999","0.9262822820374762","0.8991546660074171","0.38461514426088195","0.7721994922015395","COMMISSION,NO_BOND","0","0","0","1","0","0","1296","0","0","0","0"
"A3ahHFBFkPkuLMhxLGEnKVVZu2J6Qy8Z7z2zozyXGhw2","100","0","2.0.18","1","1","0","0.98","0.7121148273160368","0.7226685233938855","0.6452141135898177","0.8041332302560713","0.7721035528930692","COMMISSION,SCORE,NO_BOND","0","0","0","1","0","0","1297","0","0","0","0"
"2qNayWrY4rcz6YMduqDG6r6rEBGwQ5a3LkPCJ3uAN2AD","100","0","2.0.19","1","1","0","0","0.8656153641489388","0.8728048698955717","0.6452141135898177","1","0.7719516707207698","COMMISSION,NO_BOND","0","0","0","1","0","0","1298","0","0","0","0"
"72LbWsZFEyB7xrB9ggeoPUrSw2vzPEnsPJJHZo1svkM7","100","0","2.0.19","0.9929760631541196","1","0","0","0.9255974876489999","0.9262822820374762","0.8991546660074171","0.3839959793616726","0.7717552605066014","COMMISSION,NO_BOND","0","0","0","1","0","0","1299","0","0","0","0"
"DNK1bxnRtsg3Xvif2wHbPsVjAJvoP2EQmwsTxtQbjAmh","5","0","2.0.19","0.4770099107757692","1","0.95","0.9","0.6728578361773361","0.9640367518802831","0.7993843386370983","1","0.7708578190419872","NO_BOND","0","0","0","1","0","0","1300","0","0","0","0"
"GHViLgbrJdZDPb6sphRbeuPNM9cmjsFuGWzrTF1sKF5n","100","0","2.0.19","1","1","0","0","0.6728578361773361","0.992589593568172","0.9553787018441494","0.3569261293595076","0.7696403715856387","COMMISSION,NO_BOND","0","0","0","1","0","0","1301","0","0","0","0"
"2mxWiqtwdpE8zgkWxwFaJLn127dbuuHY4D32d8A6UnPL","5","0","2.0.19","0.4875500154712275","0.970476950872086","0.95","0","0.9742519037120594","0.9894652015748715","0.8927017266124783","1","0.7692600396023016","NO_BOND","0","0","0","1","0","0","1302","0","0","0","0"
"KRAKEnMdmT4EfM8ykTFH6yLoCd5vNLcQvJwF66Y2dag","100","0","2.0.19","1","1","0","0","0.9706734438751854","0.9706734438751854","0.9848338941799452","0","0.7675065418095389","COMMISSION,SCORE,NO_BOND","0","0","0","1","0","0","1303","0","0","0","0"
"2uXzxR2EZVaHE3CuaDaUJ8C9Qr54LMfwkY5BtRPAzbPE","100","0","2.0.19","0.9762247579326022","1","0","0","0.9255974876489999","0.9262822820374762","0.8991546660074171","0.384002272379253","0.7663520196620847","COMMISSION,NO_BOND","0","0","0","1","0","0","1304","0","0","0","0"
"HDc84gs3CtqhebHycmoDpc5n2y3CFfd5GqYZkr2XiBMR","100","0","2.0.19","0.9745715715959585","1","0","0","0.9255974876489999","0.9262822820374762","0.8991546660074171","0.38461514426088195","0.7658582738684339","COMMISSION,NO_BOND","0","0","0","1","0","0","1305","0","0","0","0"
"AWFQY2upeyu9YHstZM4gNDvRWS3ircS6EGrSTntg6E9k","5","0","2.0.19","0.4375899045932835","0.9435192577923058","0.95","0.9","0.9400525500296809","0.9477779705949491","0.7993843386370983","1","0.7646968290737732","NO_BOND","0","0","0","1","0","0","1306","0","0","0","0"
"7jPqpHuN5v59dtBom2tjmYEfi6WaM4sFtJeTD6fzhcdS","100","0","2.0.19","0.9986240026110031","1","0","0","0.9400525500296809","0.9477779705949491","0.6452141135898177","0.6907883563114895","0.7636165227398868","COMMISSION,SCORE,NO_BOND","0","0","0","1","0","0","1307","0","0","0","0"
"5nkSzU4oVSDdxZvorYwxz6BQab2VfmHbdA9AnpYVkAL7","0","1231.601542582","2.0.18","0.39768235446536787","0.7548154062338446","1","1","0.9939855840925584","0.9939855840925584","0.9826269806694102","1","0.7629463360955915","","0","0","0","1","0","0","1308","0","0","0","0"
"FuvD3qqrVjuh355sBs1u8bUS3aU8NgknymLskPvtAc6N","100","0","2.0.20","1","1","0","0.92","0.7121148273160368","0.7226685233938855","0.6452141135898177","0.6831632593481585","0.7620201999312682","COMMISSION,SCORE,NO_BOND","0","0","0","1","0","0","1309","0","0","0","0"
"Hr3z7PxvnZ7Wa5HnKoRkBcHU65imwqtKHQPQ7tE8Y5a2","5","0","2.0.19","0.5002887694934732","0.9520967055904177","0.95","0.9","0.8831955492132963","0.9214111132554376","0.6452141135898177","1","0.7601929714657741","NO_BOND","0","0","0","1","0","0","1310","0","0","0","0"
"jUP5hCf2fGJEz8F2j2gACezxFYCNE9zo1eTMsRQjRK9","0","0","2.0.19","0.2867028589685738","1","0.95","0.9","0.978782770911304","0.9842453647794797","0.9945183580082584","1","0.756339795415478","NO_BOND","0","0","0","1","0","0","1311","0","0","0","0"
"7xENfwKCajMB5aVTgmTB6h7d7Su91wTcnfMjoAQCMvKq","100","0","2.0.19","0.9600581553633224","1","0","0","0.9255974876489999","0.9262822820374762","0.8991546660074171","0.27777752426192825","0.7542837770192639","COMMISSION,SCORE,NO_BOND","0","0","0","1","0","0","1312","0","0","0","0"
"Bkskrv38Kn7zJR5mvmbCDGn2M4Jyhzt2ZqwQXV6rYnXa","100","0","2.0.18","1","1","0","0","0.6728578361773361","0.9840596301802241","0.6452141135898177","0.751408232196732","0.7542441123112283","COMMISSION,SCORE,NO_BOND","0","0","0","1","0","0","1313","0","0","0","0"
"6tZcqt31FzJv6DhnNeS8xBCH66gvcL5ACrfqyqxQvgJg","5","0","2.0.19","0.45377300427397727","1","0.95","0","0.6728578361773361","0.9916255447684242","0.9578999111013335","1","0.7523029675420985","NO_BOND","0","0","0","1","0","0","1314","0","0","0","0"
"BHZCk3XnebkC7QKk6az18LBPrqgrL6HRp8bUKX9Mg46v","0","3.28948112","2.0.18","0.3635187589550211","1","1","1","0.7121148273160368","0.7226685233938855","0.9999949529926867","1","0.7492710524624092","","0","0","0","1","0","0","1315","0","0","0","0"
"8uoJXyrWmE8hL5Kx3Z3zjC9S4zV6FSeP5NQEw2DTqkfU","0","0","2.0.18","0.3871759074326826","1","1","0","0.8831955492132963","0.9214111132554376","0.99008592203535","1","0.7479137806664881","NO_BOND","0","0","0","1","0","0","1316","0","0","0","0"
"GREENr9zSeapgunqdMeTg8MCh2cDDn2y3py1mBGUzJYe","5","0","","0.5135944780607267","1","0.95","0","0.6728578361773361","0.9560451816156026","0.7993843386370983","1","0.7477033339470045","","0","0","0","1","1e-9","0","1317","0","0","0","0"
"5eJQDSbgTZSEmH3zSWDEdAKgjavUUn9BkouCFNLz1x93","0","0","2.0.18","0.23664201936426763","1","1","1","0.9742519037120594","0.9999946182707592","0.9578999111013335","1","0.746661532267239","NO_BOND","0","0","0","1","0","0","1318","0","0","0","0"
"EwsDhgfbT6H4FRC7AHdhXNBxfBSbWCbDfknrw6g5Dph6","20","0","2.0.19","0.7758155502353836","1","0","0.8","0.7121148273160368","0.7226685233938855","0.9973245806691169","0.8897010715071698","0.7439035868663992","COMMISSION,NO_BOND","0","0","0","1","0","0","1319","0","0","0","0"
"EXhYxF25PJEHb3v5G1HY8Jn8Jm7bRjJtaxEghGrUuhQw","6","0","2.0.19","0.7179177556932174","1","0.94","0","0.7121148273160368","0.7226685233938855","0.6452141135898177","0.5575215148883115","0.7438889118026386","SCORE,NO_BOND","0","0","0","1","1.000000001","152263.947460369","1320","0","0","0","0"
"FjkSLYmi6BJAJQn1iSLUGrPrBQjMaD4y1DVdnv3yaTsX","100","0","2.0.19","0.9883493244027024","1","0","0","0.7121148273160368","0.7226685233938855","0.8991546660074171","0.491452748605559","0.7437178267768239","COMMISSION,SCORE,NO_BOND","0","0","0","1","0","0","1321","0","0","0","0"
"3oN8bVsrN7FpDx1B4cv4w12EnfNt29Xt7Wbo3D6ovc2C","10","0","1.18.26","0.4333210076296098","0.8642961752845726","0.9","0","0.994033267172025","0.9942972902590204","0.9987794361666361","0.9903895753711857","0.7432866533306125","COMMISSION,NO_BOND","0","0","0","1","0","0","1322","0","0","0","0"
"At2rZHk554qWrjcmdNkCQGp8i4hdKLf52EXMrDmng5ab","100","0","2.0.18","1","1","0","0","0.7121148273160368","0.7226685233938855","0.8991546660074171","0.38399597754203385","0.7405434143202408","COMMISSION,SCORE,NO_BOND","0","0","0","1","0","0","1323","0","0","0","0"
"BU3ZgGBXFJwNTrN6VUJ88k9SJ71SyWfBJTabYqRErm4F","100","0","2.0.18","0.987481176493736","1","0","0","0.9400525500296809","0.9477779705949491","0.6452141135898177","0.38461540008578465","0.7402689687520132","COMMISSION,SCORE,NO_BOND","0","0","0","1","0","0","1324","0","0","0","0"
"12pVREJSt8d5AV4aBzGFf3QZn3qo8DWmwBQu3wQ5RAZ9","5","0","2.0.19","0.32719909101911465","1","0.95","0","0.9964378211968397","0.9964378211968397","0.9964378211968397","1","0.7377871387407323","NO_BOND","0","0","0","1","0","0","1325","0","0","0","0"
"oixpqSNX7CKWHw93ViA8u1CcLzZXDmacKJjV4AvxMZE","100","0","2.0.18","0.9003691065302246","1","0","0","0.9400525500296809","0.9935344424902991","0.7993843386370983","0.3840011403341477","0.7364496492919095","COMMISSION,NO_BOND","0","0","0","1","0","0","1326","0","0","0","0"
"CsnnNsr7aZrRdGCTYv7Mpvgx7TJe1GJxVfS4pmpEKdAf","5","0","2.0.19","0.2943405732165064","0.9236556944703626","0.95","0.95","0.9742519037120594","0.9987815550363255","0.8927017266124783","1","0.7363657930161254","NO_BOND","0","0","0","1","0","0","1327","0","0","0","0"
"3XDZhoRESsx9bU9rdX94qrtLL7YCxhgX3dKmXFRV2vU7","0","47380.334857588","2.0.18","0.3245333398026213","1","1","1","0.8656153641489388","0.8728048698955717","0.7993843386370983","1","0.7352424545341677","","0","0","0","1","0","0","1328","0","0","0","0"
"45W8qw7QurSGkRrsiQpYapifreLouNv7hFbwnnzRjMMR","5","0","2.0.19","0.3374363198096528","0.8854565342358562","0.95","0.9","0.6728578361773361","0.9926511671309333","0.9869649654208764","1","0.7343324162808641","BLACKLIST,NO_BOND","1","0","0","1","0","0","1329","0","0","0","0"
"DfpdmTsSCBPxCDwZwgBMfjjV8mF8xHkGRcXP8dJBVmrq","5","0","2.0.19","0.377743388258143","0.9665888220625023","0.95","0.92","0.6728578361773361","0.9640367518802831","0.7993843386370983","1","0.7342070734012212","","0","0","0","1","95.62049890899999","633.948092092","1330","0","0","0","0"
"eYz2SxqtjoojYR3KVvLU3wBQks62fKcGX2821eChPw2","5","0","2.0.15","0.4846301328902485","1","0.95","0.9","0.7121148273160368","0.7226685233938855","0.6452141135898177","1","0.7325975163895319","SCORE,NO_BOND","0","0","0","1","0","0","1331","0","0","0","0"
"rM9aGauE58jt9RHYwZwsqiVfE4F8Rq429iWFHohwQuf","5","0","2.0.19","0.30377126049717945","1","0.95","0","0.9973349686360685","0.9981220304307233","0.9826269806694102","1","0.7286685985875401","NO_BOND","0","0","0","1","0","0","1332","0","0","0","0"
"AZoCYB4VgoM9DR9f1ZFcBn8xPSbtbqoxZnKJR7tkvEoX","100","0","2.0.19","1","1","0","0","0.8656153641489388","0.8728048698955717","0.7993843386370983","0","0.727328473952677","COMMISSION,SCORE,NO_BOND","0","0","0","1","0","0","1333","0","0","0","0"
"G9x1mqewTeVnXLmv3FamYD5tq1AdS395RHH3MLQPj6TY","100","0","2.0.19","1","1","0","0","0.8656153641489388","0.8728048698955717","0.7993843386370983","0","0.727328473952677","COMMISSION,SCORE,NO_BOND","0","0","0","1","0","0","1334","0","0","0","0"
"EGg6LTZDgV9CgpPZnpTTzmebSSyaH91cQ2eoiDxiJPvm","0","0","2.0.18","0.4249790829289716","0.7925561765455369","1","0.92","0.6728578361773361","0.9560451816156026","0.7993843386370983","1","0.7267667188312025","NO_BOND","0","0","0","1","0","0","1335","0","0","0","0"
"HZKopZYvv8v6un2H6KUNVQCnK5zM9emKKezvqhTBSpEc","100","0","2.0.16","1","1","0","0","0.7121148273160368","0.7226685233938855","0.9826269806694102","0","0.7265401015319798","COMMISSION,SCORE,NO_BOND","0","0","0","1","0","0","1336","0","0","0","0"
"QhyTEHb5JkMBki8Lq1npsaixefUyMXWJtbxK6jNjxnn","100","0","2.0.18","0.7995909690768954","1","0","0","0.6728578361773361","0.9966750434612545","0.7993843386370983","0.9699131277727256","0.7248069065677818","COMMISSION,NO_BOND","0","0","0","1","0","0","1337","0","0","0","0"
"WENuuMXGi8adKogNbQj33Vxgia9oA2erkWAPF4szWN1","0","0","2.0.19","0.2539054592911514","0.9263643621960822","1","1","0.6728578361773361","0.9998733806508353","0.9869649654208764","1","0.7246474864478261","","0","0","0","1","0.07587035","0","1338","0","0","0","0"
"3ZYJxzCeweSoh2Jj7oCgencFs9y27iKmXJeqYapje1cj","100","0","2.0.19","1","1","0","0","0.6728578361773361","0.9640367518802831","0.7993843386370983","0","0.7237213962110941","COMMISSION,SCORE,NO_BOND","0","0","0","1","0","0","1339","0","0","0","0"
"H74qox1GASBWd94FWMyy6GVAbRVLf9SAMgbJ1tzSUAst","100","0","2.0.19","1","1","0","0","0.6728578361773361","0.9640367518802831","0.7993843386370983","0","0.7237213962110941","COMMISSION,SCORE,NO_BOND","0","0","0","1","0","0","1340","0","0","0","0"
"4CtNJvygjgJ3aY77eLV6Ld5V7g2M9bD2t9XYxYFcbMJ8","5","0","2.0.19","0.3750907576458503","0.9057784874806136","0.95","0.903","0.6728578361773361","0.9560451816156026","0.7993843386370983","1","0.7221242188906918","NO_BOND","0","0","0","1","0","0","1341","0","0","0","0"
"9y1fMDRdYaYbCSWEv3sivjns4Sc7eDW8wFQYT1DnCsQa","5","0","2.0.19","0.3479462955124949","1","0.95","0","0.8831955492132963","0.9707507348025519","0.8927017266124783","1","0.7213026827228746","NO_BOND","0","0","0","1","0","0","1342","0","0","0","0"
"CGj63fS6gJXm8KvaUkkL5yAZvH9cjeRgHCgJwcZZEsRd","5","0","2.0.19","0.47289801959682165","0.45635523285056423","0.95","1","0.9742519037120594","0.9967436622977689","0.8927017266124783","1","0.7202957439028509","NO_BOND","0","0","0","1","0","0","1343","0","0","0","0"
"EcLPNfLFgCkbcTuvdeQ85pnQMgAfBDqi2dkoNVPrSyr5","100","0","2.0.19","0.93885971851771","1","0","0","0.7121148273160368","0.7226685233938855","0.6452141135898177","0.8584816065158692","0.7186661960445755","COMMISSION,SCORE,NO_BOND","0","0","0","1","0","0","1344","0","0","0","0"
"HhYEE3dAShc3772wEiy73XDYnLjVxyBL8eAWKyRcF14y","100","0","2.0.18","0.7523205702778353","1","0","0","0.8831955492132963","0.9214111132554376","0.99008592203535","0.5549577434029385","0.7136803005135012","COMMISSION,NO_BOND","0","0","0","1","0","0","1345","0","0","0","0"
"CiTYUYPAPHdcri5yEfsmqVcs54J6j8X1QaiFLgYqMVe","5","0","2.0.18","0.4448175281928865","0.7066163501731294","0.95","0.92","0.6728578361773361","0.9560451816156026","0.7993843386370983","0.9991787885235687","0.7130864897287589","NO_BOND","0","0","0","1","210.87705769299978","6216.360636539001","1346","0","0","0","0"
"HxYHGzR58gyf6c4JAX85eK8GVuaZU2zne4be82Lq9SBQ","100","0","2.0.19","1","1","0","0","0.7121148273160368","0.7226685233938855","0.6452141135898177","0.43009512971189234","0.7107510302773157","COMMISSION,SCORE,NO_BOND","0","0","0","1","0","0","1347","0","0","0","0"
"JDMq8hxZnad2smKLGkFbfg8zVMZHKQcMugD4tMR9u2da","100","0","2.0.18","0.8901431910378867","1","0","0","0.9400525500296809","0.9477779705949491","0.6452141135898177","0.38461538662264616","0.7088696177363756","COMMISSION,SCORE,NO_BOND","0","0","0","1","0","0","1348","0","0","0","0"
"7yXM5mUSAtBuh2TcCABvSJa3LouZ8wcLps5zTEMiwxvj","5","0","2.0.18","0.21294064332029014","0.9763834117154087","0.95","0.9","0.6728578361773361","0.9926511671309333","0.9869649654208764","1","0.708838146039062","NO_BOND","0","0","0","1","0","0","1349","0","0","0","0"
"A8f4eVZPybix5Ep4W8Q6iAPZ83jo5Y2wWXttwF42MH87","5","0","2.0.19","0.30123454807424144","0.9812600281039981","0.95","0","0.8656153641489388","0.9993661262224051","0.8927017266124783","1","0.7048468269250777","NO_BOND","0","0","0","1","0","0","1350","0","0","0","0"
"33hurzEz6aEnzfESL6pnNyR6DCgcKzssT1pwSzDCBTRQ","100","0","2.0.18","0.9878793794844642","1","0","0","0.7121148273160368","0.7226685233938855","0.6452141135898177","0.38461540008578465","0.7039069765867488","COMMISSION,SCORE,NO_BOND","0","0","0","1","0","0","1351","0","0","0","0"
"8mHUDJjzPo2AwJp8SHKmG9rk9ftWTp7UysqYz36cMpJe","100","0","2.0.18","0.9872820480039147","1","0","0","0.7121148273160368","0.7226685233938855","0.6452141135898177","0.38400424243622056","0.7036748594865997","COMMISSION,SCORE,NO_BOND","0","0","0","1","0","0","1352","0","0","0","0"
"DzGHc5pLJACrLNrXQqvhoLW5cyEDQnuRcP4QDEhumkpG","5","0","2.0.19","0.4929013801634223","0.3806612177989648","0.95","1","0.8656153641489388","0.8728048698955717","0.8927017266124783","1","0.6955368430665662","NO_BOND","0","0","0","1","0","0","1353","0","0","0","0"
"7t6MVrT846optKpHkXEKNMUMhMMukCVyjMhjTdd6ARBb","5","0","2.0.19","0.6131225145374237","0.9730042345983154","0","0","0.9742519037120594","0.9894652015748715","0.8927017266124783","1","0.69303073022466","NO_BOND","0","0","0","1","0","0","1354","0","0","0","0"
"3dXXxEaV4fZqw1PL7VezfDkiJV5W4WTtRjh2EHgKSthF","5","7.888005658","2.0.19","0.25163583732882483","0.9560995145628699","0.95","0.9","0.6728578361773361","0.9560451816156026","0.7993843386370983","1","0.6903024038016926","","0","0","0","1","0.942567315","0","1355","0","0","0","0"
"iZADA4YKVRJZJaDUV3j79DzyK4VJkK3DGTfvvqvbC1K","100","0","2.0.18","0.8656892990364973","1","0","0","0.9400525500296809","0.9477779705949491","0.6452141135898177","0.1030753711128154","0.6828173935094867","COMMISSION,SCORE,NO_BOND","0","0","0","1","0","0","1356","0","0","0","0"
"basedoziCpdswZX6J6bJB7EnJwh38i1K2zwLjt4JeAo","5","0","2.0.19","0.4843032719208017","1","0","0.92","0.6728578361773361","0.9884497456957306","0.981794840764064","0.9716671480808151","0.6808973963828313","NO_BOND","0","0","0","1","0","0","1357","0","0","0","0"
"HsCdVYYZAVSKhykpJdrmNKN15ePR8WugGXMbkJb8xdsU","5","0","2.0.19","0.03702116803611482","1","0.95","0.9","0.978782770911304","0.9992728138473728","0.9997782201622321","1","0.6779302756249936","NO_BOND","0","0","0","1","0","0","1358","0","0","0","0"
"ADaCfGqp5drykfme5omgfFsVgyFv2kHJMQCTxcGngrn2","0","0","2.0.19","0.17986299606370326","0.6660135937357453","1","1","0.9995402778881695","0.9995402778881695","0.9578999111013335","1","0.6760644826826433","","0","0","0","1","0","0","1359","0","0","0","0"
"6n8taYki7RscA1XW7xGmevLcqj855oSgDgjPe1dZyHfW","7","0","2.0.19","0.23194623715828264","0.9118876049771105","0.93","0","0.8656153641489388","0.9993930192115521","0.9578999111013335","0.9705880662353613","0.6753581922347409","NO_BOND","0","0","0","1","0","0","1360","0","0","0","0"
"xBLpiTwufjcuFCjbk4aCmFy7HUY5D9xy8L1EX2rBwmC","7","0","2.0.19","0.20883601939742868","1","0.93","0.92","0.7121148273160368","0.7226685233938855","0.9510955433344132","0.8952989065554713","0.6746387550076327","NO_BOND","0","0","0","1","0","0","1361","0","0","0","0"
"GuPnsaM3j4ojKe2KJpcaAWNmhk5n2kaJxc8ZKkowdxrw","5","0","2.0.19","0.027602376926125795","1","0.95","0.9","0.978782770911304","0.9842453647794797","0.9984035931264601","1","0.6732603154170369","NO_BOND","0","0","0","1","0","0","1362","0","0","0","0"
"4DW4nrbGrjXRhhj3CH3AYgocExfqEoCCSMxZ9uzc3NpK","5","0","2.0.19","0.341348855958163","0.42180860936597203","0.95","1","0.9742519037120594","0.9894652015748715","0.8927017266124783","1","0.6715841266132302","NO_BOND","0","0","0","1","0","0","1363","0","0","0","0"
"BrPtQfUipB1yV2kMXPeQsEKERy4uZAX21t2ZMb2Ee48M","5","0","","0.05473838138730955","0.9057784874806136","0.95","0.9","1","0.9999994549864216","1","1","0.6699162779430783","","0","0","0","1","0.016996421","2001081.60587682","1364","0","0","0","0"
"LunarE7WQyxpPwKo2hkEZZquu6UDWMNjvf3JyzGmdfp","0","0","2.0.19","2.1752297953126188e-7","1","1","0.9","0.9985088499863423","0.9998186525261141","0.9578999111013335","1","0.6680753379737469","NO_BOND","0","0","0","1","0","0","1365","0","0","0","0"
"FKCcfoLt2pq7boiNqRGucVq5LE1K5Dt4HALCx2WbEQkv","5","0","2.0.19","0.09692449110288791","0.9165615647125257","0.95","0.9","0.6728578361773361","0.9976803423195538","0.9947255525312383","1","0.6632529562590256","NO_BOND","0","0","0","1","0","0","1366","0","0","0","0"
"CjspxRz7DTACphbx9J7ijypCvvVg3PHFo9rwmfajECfL","5","0","2.0.19","0.10017343003524473","0.8693856018229105","0.95","0.9","0.9742519037120594","0.9967436622977689","0.8927017266124783","1","0.6628817422656239","","0","0","0","1","0","0","1367","0","0","0","0"
"7obieMdVPKKcwEhhKizSkpdLaW1HMZh2ENrUDUhdGvVr","0","0","2.0.18","0.00003543062846476472","1","1","1","0.9742519037120594","0.9967436622977689","0.8927017266124783","1","0.6616095486145803","NO_BOND","0","0","0","1","0","0","1368","0","0","0","0"
"CxFH1pqJnEmyaE4wEwqdqMKpQMpkmdaMxhS7SzpHokA8","100","0","2.0.18","0.668847005425292","1","0","0","0.9828666057562943","0.9828666057562943","0.6452141135898177","0.46598309701798457","0.6488911526267623","COMMISSION,SCORE,NO_BOND","0","0","0","1","0","0","1369","0","0","0","0"
"6xL2wVoBKjJkkvPYstjT6yrNHTaxMezmPhq3dqLA4q3i","5","0","2.0.19","0.13862648831999538","0.9845418342180582","0.95","0","0.6728578361773361","0.9916255447684242","0.9578999111013335","1","0.6481495485598556","NO_BOND","0","0","0","1","0","0","1370","0","0","0","0"
"6oscGUEkXE8fyWoC4czRKbM1cuLkJNtgRsX1Un6w88Vf","5","0","2.0.19","0.0001966361078145929","1","0.95","1","0.9985088499863423","0.9988744028944051","0.7993843386370983","0.9985703149629136","0.6451340404583311","NO_BOND","0","0","0","1","0","0","1371","0","0","0","0"
"VALiDsfZKafvvQM5CMHhJd6PeVx9UpeDEC4Zk3WYikz","5","0","2.0.19","0.0000038706189668267205","1","0.95","0.9","0.6728578361773361","0.996342184058184","0.9869649654208764","0.9810115224391242","0.6430901237832466","NO_BOND","0","0","0","1","0","0","1372","0","0","0","0"
"5rfnWdpv3W3CQjmVDDurDYpkuGNsM2KwSZQnporFPRBo","5","0","2.0.19","0.17201104685816695","0.8936475255947125","0.95","0","0.6728578361773361","0.9620262925484746","0.9578999111013335","1","0.6413939448696987","NO_BOND","0","0","0","1","0","0","1373","0","0","0","0"
"5DnWqsJceNamPNNUpMnVr1XQ8anSxcj9TXRD5Rn52prJ","0","0","2.0.19","0.06360105021282371","1","1","1","0.7121148273160368","0.7226685233938855","0.8991546660074171","1","0.6395117545474721","NO_BOND","0","0","0","1","0","0","1374","0","0","0","0"
"CpfvLiiPALdzZTP3fUrALg2TXwEDSAknRh1sn5JCt9Sr","7","0","2.0.18","0.004054091344015233","0.9435192577923058","0.93","0.5","0.9742519037120594","0.9998686097048597","0.9920893467473748","1","0.6393007169654799","NO_BOND","0","0","0","1","0","0","1375","0","0","0","0"
"SANDhe6azby4EMLJd8N77QTk5K92n2tCi4NXba7iwuc","5","0","2.0.19","0.0015117770212219517","1","0.95","0.9","0.9828666057562943","0.9828666057562943","0.7993843386370983","1","0.6392941339852285","NO_BOND","0","0","0","1","0","0","1376","0","0","0","0"
"8TnaCtjPu6Md3BYs9vBv5YtSrDkm5vANRZL7Kd7amgf9","5","0","2.0.19","0.18690524655945717","0.8284559336712929","0.95","0","0.6728578361773361","0.9932777564546058","0.9578999111013335","1","0.6387080877443504","NO_BOND","0","0","0","1","0","0","1377","0","0","0","0"
"ARK2Lvris4VzGVuY2je4sC6EzsNJhkDiik1ZAoL6KKgZ","0","0","2.0.19","1.3188123692153708e-35","1","1","0","0.9450199616641256","0.9992297933621771","0.9994525298766355","1","0.635746432997462","NO_BOND","0","0","0","1","0","0","1378","0","0","0","0"
"5daP6pZoPSak6UEKuRg2HHjvTPpqqwB113oNamGNKuuZ","0","0","2.0.19","4.391190991352407e-30","1","1","0","0.9985088499863423","0.9998186525261141","0.9578999111013335","1","0.6338926871598826","NO_BOND","0","0","0","1","0","0","1379","0","0","0","0"
"5nH6sYJNSa71DCBQHgRCsX1dh5W1bWrUPeYieo9xyZ7f","5","0","2.0.19","0.04834158960222375","1","0.95","0","0.8831955492132963","0.9214111132554376","0.9999546647583275","1","0.6337202901047888","NO_BOND","0","0","0","1","2e-9","0","1380","0","0","0","0"
"4Nx9YfQSPe7Xv9Fwzg7T2Sy5wJGagKTkunpJwkMyciNx","0","0","2.0.18","0.028349754315283138","1","1","0","0.8831955492132963","0.9214111132554376","0.996260244725467","1","0.6329600954918582","NO_BOND","0","0","0","1","0","0","1381","0","0","0","0"
"4qdXKJc1hQcwBVx4hdPFCG6p7fEXKbgp5P1HkcZn9Atc","5","0","2.0.19","0.07672324425590508","0.9362614173477496","0.95","0","0.9450199616641256","0.9961267510255337","0.8927017266124783","1","0.6299753745855665","NO_BOND","0","0","0","1","0","0","1382","0","0","0","0"
"GqcuMuWq4gKeCuCrD8iAjXTozCET2EP6qJXmZDFsSTWK","8","0","2.0.19","0.000003927615394655881","1","0.92","0.92","0.9400525500296809","0.9477779705949491","0.7993843386370983","0.9915955826341123","0.6291679615424121","COMMISSION,NO_BOND","0","0","0","1","0","0","1383","0","0","0","0"
"DLQCQrfALqY7HbSSFd1Je4eLkuNXHkgnFdmrvZ8rmSAR","10","0","2.0.19","0.000004147294491876893","1","0.9","0","0.9984566485363041","0.999998971673005","0.9999986890643864","1","0.6270092400417447","COMMISSION,NO_BOND","0","0","0","1","0","0","1384","0","0","0","0"
"2vbLoZSGABNa1tX3XxvXK8dgn1LiNSN447AcSYLKGg8r","10","0","2.0.19","1.4038476935491424e-8","1","0.9","0","0.9984566485363041","0.9999997173919626","0.9999986890643864","1","0.6270079788997036","COMMISSION,NO_BOND","0","0","0","1","0","0","1385","0","0","0","0"
"F1wBgGku883aGGCQYMQFR4PmdJ7faej3qKSk8xGCycP7","0","0","2.0.18","0.003008605700951395","1","1","0","0.8831955492132963","0.9214111132554376","0.996260244725467","1","0.624785531422719","NO_BOND","0","0","0","1","0","0","1386","0","0","0","0"
"8ty86LdqsnSW4fpbZRFaR1EfgB3eUknJVz8BKY5izoWy","20","0","2.0.16","0.39611992858453915","0.8714551884963581","0","0","0.9997972663471231","0.9998547363385389","0.9998547363385389","1","0.6231307392061677","COMMISSION,NO_BOND","0","0","0","1","0","0","1387","0","0","0","0"
"8r4Fu6M8brgnL456RJfwxk8kN4iw1LgczfuXeuG1g4px","1","0","2.0.19","0.09307192235959344","0.8107094674190422","0.99","0","0.8656153641489388","0.998534024820944","0.9973547234111352","0.8965418838457867","0.621870194347999","NO_BOND","0","0","0","1","0","0","1388","0","0","0","0"
"SoLiDFg9qMi7tFEo4tiLxEVE7mteRyGZkBHJn2YYyjP","5","0","2.0.19","0.08263614785255319","0.8582981635400976","0.95","0","0.9742519037120594","0.9987815550363255","0.8927017266124783","1","0.6214508927486784","NO_BOND","0","0","0","1","0","0","1389","0","0","0","0"
"EJHf5N9is5spAF5Kz384tTvTV3CwTka6qzUoZrYm53SV","5","0","2.0.19","0.003890298788390718","1","0.95","0.9","0.6728578361773361","0.9966750434612545","0.7993843386370983","1","0.621397133715185","NO_BOND","0","0","0","1","0","0","1390","0","0","0","0"
"F5Q9F429Ff7PMvVvSqmR57q5A921MMDBHzX7WuQVLHkw","5","0","2.0.19","0.1604350187086075","0.7548154062338446","0.95","0","0.6728578361773361","0.9620262925484746","0.9869649654208764","1","0.619017794514158","NO_BOND","0","0","0","1","0","0","1391","0","0","0","0"
"nxtHdSDmUZ8dWTC7KuPp8ZLxVVxhim4RCL4pmaQnLFA","0","0","2.0.19","0.2314286343221","1","0","0.9","0.9943941819391231","0.9951127345422154","0.9578999111013335","1","0.6186991146816525","NO_BOND","0","0","0","1","0","0","1392","0","0","0","0"
"7MYfub39nekhbLxcuDgAW9AXk4txK4vFLt52WzxFGrKy","0","0","2.0.19","2.4939234205377694e-13","1","1","0","0.8656153641489388","0.8728048698955717","0.9999999969244208","1","0.6184595266349926","NO_BOND","0","0","0","1","0","0","1393","0","0","0","0"
"vskzrzSd6owQiNb2YA52ZM4YtRzmsSyp6dJbjx2zTVN","0","0","2.0.19","2.785339210271398e-23","1","1","0","0.6728578361773361","0.9976803423195538","0.9947255525312383","1","0.6174277067560737","","0","0","0","1","0","0","1394","0","0","0","0"
"A5bb5dNaqnVZBWxRNRW8UjsYZrybGkZM6snxGMaSxDg1","0","2913.084844732","2.0.18","0.0002267395847975988","1","1","0","0.6728578361773361","0.9926511671309333","0.9869649654208764","1","0.6160127881057726","","0","0","0","1","0","0","1395","0","0","0","0"
"BjREhubbyR597w8tK9NUCLY74Zct2VuhvrNhyLinVc2e","10","0","2.0.21","0.15448035503659147","0.764117708775459","0.9","0","0.6728578361773361","0.9998632855210613","0.9826269806694102","1","0.6155337272851195","COMMISSION,NO_BOND","0","0","0","1","0","0","1396","0","0","0","0"
"36MVUhntTiTY7nsLyoCdRj4wbs2rvw2nPEZiM5XCkJLb","0","908.118341729","2.0.18","0.001531765140750373","1","1","0","0.6728578361773361","0.9640367518802831","0.9999660012820413","1","0.6153421801461675","","0","0","0","1","0","0","1397","0","0","0","0"
"845yWKspevkXJP3aUrXHsYPJAwmhmeFFzRGA93LC1Yfp","10","0","2.0.19","0.21615001705068718","0.6538897807077004","0.9","0","0.6728578361773361","0.9620262925484746","0.9995952654236262","0.9852308370690279","0.6152234309638076","COMMISSION,NO_BOND","0","0","0","1","0","0","1398","0","0","0","0"
"AGXZemZbyZjz5NBhufcob2pf8AXnr9HaGFUGNCfooWrB","5","0","2.0.19","0.2336407708228369","0.5994122343621707","0.95","0","0.8831955492132963","0.9214111132554376","0.8927017266124783","1","0.6150442007961949","NO_BOND","0","0","0","1","0","0","1399","0","0","0","0"
"GTi71VkpXq9CFSt6heWiAkwndPQertmtXwrRJAwLG2uj","10","0","2.0.18","5.312047727204547e-30","1","0.9","0","0.9973349686360685","0.9981220304307233","0.8991546660074171","1","0.613741764277225","COMMISSION,NO_BOND","0","0","0","1","0","0","1400","0","0","0","0"
"BbEcnQJRYUpnABxwQeHK2DQ9yCEdMAfJFxzZeNM4e4vS","0","2869.53855683","2.0.18","0.000037136477137147424","1","1","0","0.6728578361773361","0.9640367518802831","0.9869649654208764","1","0.6131824888532386","","0","0","0","1","0","0","1401","0","0","0","0"
"axyQeKp44XqUnvC1jVHoeuAJ3j8wVnGeWtddeAcNYcF","5","0","2.0.19","4.66819303448036e-12","1","0.95","0","0.6728578361773361","0.9884497456957306","0.981794840764064","1","0.608700460404671","NO_BOND","0","0","0","1","0","0","1402","0","0","0","0"
"EsnouLyTd4WcFyBtdL6XFWnVRnzuZj7ZPfYpawdsiW1n","5","0","2.0.19","0.10232764966146615","0.937012228428221","0.95","0","0.9828666057562943","0.9828666057562943","0.6452141135898177","1","0.6075805523192422","NO_BOND","0","0","0","1","0","0","1403","0","0","0","0"
"PineDoC593nrX16W8ZLWfF5Evb6otv7fRfZMLjPAHe3","5","0","2.0.18","7.442304122400026e-13","1","0.95","0","0.9999058841276676","0.9999058841276676","0.7993843386370983","1","0.6073721540385217","NO_BOND","0","0","0","1","0","0","1404","0","0","0","0"
"EWRHPjhZmYj4oqgo4MyjuqoWzuPhCcRvTtdGDjuLWeMq","0","0","2.0.16","0.038888477145376805","0.8449426189184829","1","0","0.8831955492132963","0.9707507348025519","0.8927017266124783","1","0.6027628411396885","NO_BOND","0","0","0","1","0","0","1405","0","0","0","0"
"GLCrZmxWYcrGMA5uRa8mmNnQurGBL2p9zrKk9DKugSZX","10","0","2.2.0","0.2153218340889766","0.4948128702074511","0.9","0","0.9400525500296809","0.9477779705949491","0.9826269806694102","0.9464489188920246","0.6004666923946104","COMMISSION,NO_BOND","0","0","0","1","0","0","1406","0","0","0","0"
"HjQugFHAUm7XbaZhmjnGioNUccdMUnFmwFTJgepm5q3n","7","0","2.0.19","0.08112534739105802","0.7848001284094476","0.93","0.2","0.6728578361773361","0.9620262925484746","0.9578999111013335","0.9753167975647741","0.5980574163062192","NO_BOND","0","0","0","1","0","0","1407","0","0","0","0"
"2zxo26eJJSryYa5fdMRoWWvPTx8aoeqZHe6L4767sCaN","10","0","2.0.21","0.05865870713265478","0.7135364387054314","0.9","0","0.9939855840925584","0.9939855840925584","0.9826269806694102","1","0.5966143583223915","COMMISSION,NO_BOND","0","0","0","1","0","0","1408","0","0","0","0"
"2zTwGrCrmXNvuhmasxZerKd8ep43Rr2MMoxgs8xS8gWb","5","0","2.0.18","0.16806301597056988","0.5032102708225631","0.95","0","0.6728578361773361","0.9980493036870545","0.9947255525312383","1","0.585384429269655","NO_BOND","0","0","0","1","0","0","1409","0","0","0","0"
"Hgv6JZhwTDyNywaANyzQqfX9ScMSdFzqKtGubFbf77AJ","100","0","2.0.15","0.19756175571012796","1","0","0","0.9400525500296809","0.9477779705949491","0.9973547234111352","1","0.5705959826641944","COMMISSION,NO_BOND","0","0","0","1","0","0","1410","0","0","0","0"
"HdP3326wLHUqtzNvVfxFWtfp5EA8njHdfwnWfPoCBjWa","5","0","2.0.19","0.00014254151664318344","0.7076394433442293","0.95","0","0.9742519037120594","0.9967436622977689","0.8927017266124783","1","0.5703430429888683","","0","0","0","1","0","0","1411","0","0","0","0"
"DCkFCCEQCuRTcJ3y4rTnWyXnQsi5abfCFXPZZ7pjPJqG","5","0","2.0.19","0.0019486461381223203","0.4676573712535777","0.95","0.95","0.9742519037120594","0.9967436622977689","0.8927017266124783","1","0.5683004844650468","NO_BOND","0","0","0","1","0","0","1412","0","0","0","0"
"ducZeBYuxQeeHStH1QtNRJV7tKixfKSo7RMR2TeP1Y1","100","0","2.0.18","0.23639663784474998","0.9668422057377336","0","0","0.8831955492132963","0.9707507348025519","0.8927017266124783","1","0.5628266973038815","COMMISSION,NO_BOND","0","0","0","1","0","0","1413","0","0","0","0"
"Csp2hDVRX4cRitFEswJJcoH9ju4rcPUSsqU9pkh5JBQU","5","0","2.0.19","0.00028547448516689675","0.49817816811433746","0.95","0.95","0.9999058841276676","0.9999058841276676","0.7993843386370983","1","0.5626068503422609","NO_BOND","0","0","0","1","0","0","1414","0","0","0","0"
"3Rv2AfJuaunDHePFPGiDkN828nwzsbcZ5nM8jNdW2i2a","5","0","","0.00005119336404182341","0.5321448613948605","0.95","0","1","0.9999994549864216","1","1","0.5578291808249672","","0","0","0","1","0","0","1415","0","0","0","0"
"E3yhPs5PPN4RZh8FbJo2eqtdrAYKCK9H7pcSD1vCNCP4","5","0","2.0.19","0.00017392717428796805","0.41843027954267475","0.95","0.95","0.9450199616641256","0.9753748972900845","0.8927017266124783","1","0.5558342642291829","NO_BOND","0","0","0","1","0","0","1416","0","0","0","0"
"5PyiGb6dNrCaKTkMfovKRQPYgH5zizcsvXp9YUAVWqbo","5","0","2.0.19","0.00038916858106180204","0.3904217618450921","0.95","0.9","0.9450199616641256","0.9760708980753455","0.8927017266124783","1","0.5495545167432349","","0","0","0","1","0","0","1417","0","0","0","0"
"BeLBaGs8dVP1bcA2zhv1RHmEPFY9PfmSR2mFgoqKkiaz","5","0","2.0.19","0.0005606897074430062","0.5661115546753835","0.95","0","0.9742519037120594","0.9998686097048597","0.8927017266124783","1","0.5479532649496761","NO_BOND","0","0","0","1","0","0","1418","0","0","0","0"
"4T799AaK9YT7zBtVqYZEnCY5ihUF5XaEYemwr5EnozoQ","100","0","0.101.20016","0.11851154699716802","1","0","0","0.8656153641489388","0.998534024820944","0.9973547234111352","1","0.5452053924637719","COMMISSION,NO_BOND","0","0","0","1","0","0","1419","0","0","0","0"
"EsSodfiCfuM4ANfpPAunwj3wo8RaoRrZR9yY79CoXoUV","5","0","2.0.19","0.00012829453867201448","1","0","0.9","0.9742519037120594","0.9946009434037487","0.8927017266124783","1","0.5343244028861934","NO_BOND","0","0","0","1","0","0","1420","0","0","0","0"
"6zzAPhyFZgS6rdknHNZLcsoooZ744GtVmTDyfvRmN37Q","10","0","2.0.18","0.0135700214130771","0.44929488466300277","0.9","0","0.6728578361773361","0.9976803423195538","0.9826269806694102","1","0.5190896535302181","COMMISSION,NO_BOND","0","0","0","1","0","0","1421","0","0","0","0"
"8rdvwkMEXZEF19RD7AMsETVUXq6WDVYVXXmwnV49WsZX","100","0","","0.0000015376189575065206","1","0","0","1","0.9999994549864216","1","1","0.5161294755209304","COMMISSION,NO_BOND","0","0","0","1","0","0","1422","0","0","0","0"
"8dk8UAi3d6K49fCPiwXyPynhYjQX6wxVA8mdSNzTGVts","5","0","2.0.19","0.00331813230569078","0.3774077031169223","0.95","0","0.9450199616641256","0.9760708980753455","0.8927017266124783","1","0.5142177213756683","NO_BOND","0","0","0","1","0","0","1423","0","0","0","0"
"EjyNztuWsaiVFnEB3M6NSut6p6e8UHsUdE8BkmRLMHWp","5","0","2.0.18","0.000004015425195189489","1","0","0","0.9985088499863423","0.9988744028944051","0.9578999111013335","1","0.5104929260423609","NO_BOND","0","0","0","1","0","0","1424","0","0","0","0"
"vsxurakbU9y5XddhpnvbgPoZzA46osJmfXj2AXCn94c","5","0","2.0.19","2.2142709522454946e-9","1","0","0","0.9742519037120594","0.9957784992903463","0.9578999111013335","1","0.5086270636078453","NO_BOND","0","0","0","1","0","0","1425","0","0","0","0"
"4GWXbzZFntDor4S25siX1tSWFv7Q6hHsHcKGzHQJK7QB","100","0","2.0.18","0.00005273344968312609","1","0","0","0.6728578361773361","0.9999872671376494","0.9973245806691169","1","0.494693649385191","COMMISSION,NO_BOND","0","0","0","1","0","0","1426","0","0","0","0"
"jag77EXci8uf5uGmKE5izaYvxBCS5H9U2rxWYh8BUUf","0","0","2.0.19","0.000035812186504783936","1","0","0","0.9985088499863423","0.9988744028944051","0.7993843386370983","1","0.49004956080868844","NO_BOND","0","0","0","1","0","0","1427","0","0","0","0"
"35GTQ7n9cRhg8RqSZ6AhjY2bhkH37hbSgA9G1nyJmUEb","100","0","2.0.19","2.2609950279990322e-23","1","0","0","0.6728578361773361","0.9999999974387822","0.8927017266124783","1","0.48117814745551396","COMMISSION,NO_BOND","0","0","0","1","0","0","1428","0","0","0","0"
"2Y2opv8Kq8zFATg6ipqb2AjgCf18tkv1CLMLXQGif2NH","7","0","2.0.18","0.00028323871624883374","0.20594747937328606","0.93","0","0.6728578361773361","0.9834641161439823","0.981794840764064","1","0.47777016670554173","NO_BOND","0","0","0","1","0","0","1429","0","0","0","0"
"AZcKUCnvQfdL3BWgX5KUDDRd769WR1AtFE7SV3Q4Pzeg","100","0","0.202.20016","0.004184892336737527","0.7548154062338446","0","0","0.6728578361773361","0.9999897290167961","0.9999897290167961","1","0.45682483000028523","COMMISSION,NO_BOND","0","0","0","1","0","0","1430","0","0","0","0"
"Gr432yJ6wqeyh1p87fVCxcdf8RsWsGtfAdEVLYrajBAm","90","0","2.1.4","1.7526784874124508e-7","0.6175762414640547","0","0","0.6728578361773361","0.9834641161439823","0.981794840764064","1","0.4293925917368269","COMMISSION,NO_BOND","0","0","0","1","0","0","1431","0","0","0","0"
