{
  "staked_sol": 6741324.071346113,
  "staked_usd": 1234745867.399086,
  "msol_directed_stake_sol": 1348264.8142692228,
  "msol_directed_stake_msol": 1280149.166976225,
  "liquidity_sol": 20483.991892172,
  "liquidity_usd": 3751862.9973896695,
  "total_sol": 10439225.30300288,
  "total_usd": 1912056172.543109,
  "self_staked_sol": 1214034.725192254,
  "self_staked_usd": 222363491.7926137,
  "standard_staked_sol": 5527289.346153859,
  "standard_staked_usd": 1012382375.6064723,
  "total_virtual_staked_sol": 6659449.437916964,
  "total_virtual_staked_usd": 1219749649.415566,
  "marinade_native_stake_sol": 3677417.239764596,
  "marinade_native_stake_usd": 673558442.1466335
}