{
  "staked_sol": 6291682.932618633,
  "staked_usd": 1082167995.2395234,
  "msol_directed_stake_sol": 1258336.5865237266,
  "msol_directed_stake_msol": 938692.8312727424,
  "liquidity_sol": 20692.53308503,
  "liquidity_usd": 3559110.85871176,
  "total_sol": 10387839.590429628,
  "total_usd": 1786705983.8894734,
  "self_staked_sol": 1214034.725192254,
  "self_staked_usd": 208813689.24381903,
  "standard_staked_sol": 5077648.207426379,
  "standard_staked_usd": 873354305.9957044,
  "total_virtual_staked_sol": 6255909.873406754,
  "total_virtual_staked_usd": 1076015037.4084473,
  "marinade_native_stake_sol": 4075464.124725964,
  "marinade_native_stake_usd": 700978877.7912381
}