{
  "staked_sol": 4997108.323725093,
  "staked_usd": 636118748.3646479,
  "msol_directed_stake_sol": 999421.6647450187,
  "msol_directed_stake_msol": 524033.69692998205,
  "liquidity_sol": 16386.976039288,
  "liquidity_usd": 2086018.9558233838,
  "total_sol": 7524939.900782418,
  "total_usd": 957905060.508399,
  "self_staked_sol": 1214034.725192254,
  "self_staked_usd": 154543427.88487464,
  "standard_staked_sol": 3783073.598532839,
  "standard_staked_usd": 481575320.4797732,
  "total_virtual_staked_sol": 4958128.641645866,
  "total_virtual_staked_usd": 631156737.3435608,
  "marinade_native_stake_sol": 2511444.601018037,
  "marinade_native_stake_usd": 319700293.1879277
}