{
  "staked_sol": 5358392.947291279,
  "staked_usd": 928827088.2249304,
  "msol_directed_stake_sol": 1071678.5894582558,
  "msol_directed_stake_msol": 693064.1755291326,
  "liquidity_sol": 17631.71241201,
  "liquidity_usd": 3056291.7391762496,
  "total_sol": 7923341.826860065,
  "total_usd": 1373436884.9849825,
  "self_staked_sol": 1214034.725192254,
  "self_staked_usd": 210441516.6816577,
  "standard_staked_sol": 4144358.222099025,
  "standard_staked_usd": 718385571.5432726,
  "total_virtual_staked_sol": 5299262.609211989,
  "total_virtual_staked_usd": 918577399.5059075,
  "marinade_native_stake_sol": 2547317.167156776,
  "marinade_native_stake_usd": 441553505.020876
}