{
  "staked_sol": 6289475.819401768,
  "staked_usd": 1174993412.47134,
  "msol_directed_stake_sol": 1257895.1638803536,
  "msol_directed_stake_msol": 933890.0345102819,
  "liquidity_sol": 21405.375452004,
  "liquidity_usd": 3998930.255840099,
  "total_sol": 10140068.924080588,
  "total_usd": 1894357261.2277415,
  "self_staked_sol": 1214034.725192254,
  "self_staked_usd": 226804720.3889296,
  "standard_staked_sol": 5075441.094209514,
  "standard_staked_usd": 948188692.0824103,
  "total_virtual_staked_sol": 6259612.807496294,
  "total_virtual_staked_usd": 1169414435.2603548,
  "marinade_native_stake_sol": 3829187.729226816,
  "marinade_native_stake_usd": 715364918.5005615
}