{
  "staked_sol": 5059393.917670603,
  "staked_usd": 709643664.6193316,
  "msol_directed_stake_sol": 1011878.7835341207,
  "msol_directed_stake_msol": 530794.3269408217,
  "liquidity_sol": 16347.542441039,
  "liquidity_usd": 2292948.5456471746,
  "total_sol": 7587856.26914129,
  "total_usd": 1064292327.7097496,
  "self_staked_sol": 1214034.725192254,
  "self_staked_usd": 170283647.68189716,
  "standard_staked_sol": 3845359.192478349,
  "standard_staked_usd": 539360016.9374346,
  "total_virtual_staked_sol": 5026719.101380899,
  "total_virtual_staked_usd": 705060610.4531786,
  "marinade_native_stake_sol": 2512114.809029648,
  "marinade_native_stake_usd": 352355714.54477066
}