{
  "staked_sol": 5523453.03380128,
  "staked_usd": 1209623880.752794,
  "msol_directed_stake_sol": 1104690.606760256,
  "msol_directed_stake_msol": 429804.8038730471,
  "liquidity_sol": 14042.980118921,
  "liquidity_usd": 3075381.288630813,
  "total_sol": 8604314.971658483,
  "total_usd": 1884325765.7020488,
  "self_staked_sol": 1214034.725192254,
  "self_staked_usd": 265870893.92612368,
  "standard_staked_sol": 4309418.308609026,
  "standard_staked_usd": 943752986.8266703,
  "total_virtual_staked_sol": 5487823.351501687,
  "total_virtual_staked_usd": 1201821059.8888388,
  "marinade_native_stake_sol": 3066818.957738283,
  "marinade_native_stake_usd": 671626503.6606241
}