{
  "staked_sol": 6266332.421906278,
  "staked_usd": 1194095598.270997,
  "msol_directed_stake_sol": 1253266.4843812555,
  "msol_directed_stake_msol": 901686.103977113,
  "liquidity_sol": 20955.606408362,
  "liquidity_usd": 3993244.482824984,
  "total_sol": 10114396.348600527,
  "total_usd": 1927372399.9720442,
  "self_staked_sol": 1214034.725192254,
  "self_staked_usd": 231343220.22756743,
  "standard_staked_sol": 5052297.696714024,
  "standard_staked_usd": 962752378.0434297,
  "total_virtual_staked_sol": 6236032.185799087,
  "total_virtual_staked_usd": 1188321666.0685365,
  "marinade_native_stake_sol": 3827108.320285888,
  "marinade_native_stake_usd": 729283557.2182223
}