{
  "rewards_mev": [
    [
      711,
      44346.055789981
    ],
    [
      710,
      49826.942482446
    ],
    [
      709,
      43919.55967458
    ],
    [
      708,
      27781.891984378
    ],
    [
      707,
      38964.814802529
    ],
    [
      706,
      46772.845571711
    ],
    [
      705,
      44294.049077162
    ],
    [
      704,
      51147.094107423
    ],
    [
      703,
      64331.102356244
    ],
    [
      702,
      61117.999272417
    ],
    [
      701,
      73820.625651296
    ],
    [
      700,
      116070.354050243
    ],
    [
      699,
      111012.321412413
    ],
    [
      698,
      89822.343909259
    ]
  ],
  "rewards_inflation_est": [
    [
      712,
      156563.65514984788
    ],
    [
      711,
      156665.94995180963
    ],
    [
      710,
      156769.08617651908
    ],
    [
      709,
      156872.86579749116
    ],
    [
      708,
      156976.5649252196
    ],
    [
      707,
      157078.59983257108
    ],
    [
      706,
      157181.89641086682
    ],
    [
      705,
      157283.71537922838
    ],
    [
      704,
      157283.71537922838
    ],
    [
      703,
      157283.71537922838
    ],
    [
      702,
      157600.5245862347
    ],
    [
      701,
      157707.06867299526
    ],
    [
      700,
      157816.0040291104
    ],
    [
      699,
      157929.99970926202
    ]
  ]
}