{
  "staked_sol": 5618642.825066236,
  "staked_usd": 1247001684.8987384,
  "msol_directed_stake_sol": 1123728.5650132473,
  "msol_directed_stake_msol": 253638.84242515228,
  "liquidity_sol": 13948.80236479,
  "liquidity_usd": 3095797.4359239656,
  "total_sol": 8729523.862643776,
  "total_usd": 1937430675.6991987,
  "self_staked_sol": 1214034.725192254,
  "self_staked_usd": 269442887.717724,
  "standard_staked_sol": 4404608.099873982,
  "standard_staked_usd": 977558797.1810145,
  "total_virtual_staked_sol": 5587339.117874071,
  "total_virtual_staked_usd": 1240054139.5879638,
  "marinade_native_stake_sol": 3096932.23521275,
  "marinade_native_stake_usd": 687333193.3645363
}