{
  "staked_sol": 5475934.382429863,
  "staked_usd": 930409401.5206178,
  "msol_directed_stake_sol": 1095186.8764859727,
  "msol_directed_stake_msol": 893911.0035967213,
  "liquidity_sol": 18805.847569928,
  "liquidity_usd": 3195278.862136508,
  "total_sol": 8250938.316047399,
  "total_usd": 1401906970.4795756,
  "self_staked_sol": 1214034.725192254,
  "self_staked_usd": 206275174.82964292,
  "standard_staked_sol": 4261899.657237609,
  "standard_staked_usd": 724134226.6909748,
  "total_virtual_staked_sol": 5415377.606565217,
  "total_virtual_staked_usd": 920120272.8248787,
  "marinade_native_stake_sol": 2756198.086047608,
  "marinade_native_stake_usd": 468302290.0968212
}