{
  "staked_sol": 5169039.130245901,
  "staked_usd": 740895444.1725239,
  "msol_directed_stake_sol": 1033807.8260491802,
  "msol_directed_stake_msol": 586265.901783753,
  "liquidity_sol": 17591.338355642,
  "liquidity_usd": 2521424.6044936627,
  "total_sol": 7671886.785531211,
  "total_usd": 1099636861.7811298,
  "self_staked_sol": 1214034.725192254,
  "self_staked_usd": 174011605.30959135,
  "standard_staked_sol": 3955004.405053647,
  "standard_staked_usd": 566883838.8629326,
  "total_virtual_staked_sol": 5090101.109057489,
  "total_virtual_staked_usd": 729580996.9809225,
  "marinade_native_stake_sol": 2485256.316929668,
  "marinade_native_stake_usd": 356219993.0041123
}