{
  "staked_sol": 5460381.75057521,
  "staked_usd": 748848291.5519577,
  "msol_directed_stake_sol": 1092076.350115042,
  "msol_directed_stake_msol": 713874.8427553686,
  "liquidity_sol": 18349.36532558,
  "liquidity_usd": 2516470.7346104174,
  "total_sol": 8035329.8726543,
  "total_usd": 1101982118.1110115,
  "self_staked_sol": 1214034.725192254,
  "self_staked_usd": 166495287.57750317,
  "standard_staked_sol": 4246347.025382956,
  "standard_staked_usd": 582353003.9744544,
  "total_virtual_staked_sol": 5405968.336593281,
  "total_virtual_staked_usd": 741385920.978035,
  "marinade_native_stake_sol": 2556598.75675351,
  "marinade_native_stake_usd": 350617355.8244433
}