{
  "staked_sol": 5009789.457945506,
  "staked_usd": 650070241.8383152,
  "msol_directed_stake_sol": 1001957.8915891013,
  "msol_directed_stake_msol": 524745.2052462079,
  "liquidity_sol": 16390.771175559,
  "liquidity_usd": 2126866.3426789516,
  "total_sol": 7541646.657465313,
  "total_usd": 978604012.7299349,
  "self_staked_sol": 1214034.725192254,
  "self_staked_usd": 157533136.6778619,
  "standard_staked_sol": 3795754.732753252,
  "standard_staked_usd": 492537105.1604534,
  "total_virtual_staked_sol": 4966284.900727637,
  "total_virtual_staked_usd": 644425090.8256644,
  "marinade_native_stake_sol": 2515466.428344248,
  "marinade_native_stake_usd": 326406904.5489407
}