{
  "staked_sol": 6159319.473022467,
  "staked_usd": 897913027.9997171,
  "msol_directed_stake_sol": 1231863.8946044936,
  "msol_directed_stake_msol": 981239.9351727401,
  "liquidity_sol": 19535.802839993,
  "liquidity_usd": 2847952.920658578,
  "total_sol": 10159413.157090915,
  "total_usd": 1481051513.9763062,
  "self_staked_sol": 1214034.725192254,
  "self_staked_usd": 176983447.76054528,
  "standard_staked_sol": 4945284.747830213,
  "standard_staked_usd": 720929580.2391717,
  "total_virtual_staked_sol": 6114641.01536079,
  "total_virtual_staked_usd": 891399748.5081977,
  "marinade_native_stake_sol": 3980557.881228456,
  "marinade_native_stake_usd": 580290533.0559306
}