{
  "staked_sol": 5524868.539038936,
  "staked_usd": 1242731501.3422692,
  "msol_directed_stake_sol": 1104973.7078077872,
  "msol_directed_stake_msol": 429726.5159571189,
  "liquidity_sol": 14040.860155138,
  "liquidity_usd": 3158268.6714509213,
  "total_sol": 8612357.09884267,
  "total_usd": 1937213056.1865435,
  "self_staked_sol": 1214034.725192254,
  "self_staked_usd": 273077845.3929085,
  "standard_staked_sol": 4310833.813846682,
  "standard_staked_usd": 969653655.9493607,
  "total_virtual_staked_sol": 5468840.866865109,
  "total_virtual_staked_usd": 1230128965.6139884,
  "marinade_native_stake_sol": 3073447.699648595,
  "marinade_native_stake_usd": 691323286.1728232
}