{
  "staked_sol": 6486121.74803381,
  "staked_usd": 1222102638.9711056,
  "msol_directed_stake_sol": 1297224.3496067622,
  "msol_directed_stake_msol": 938090.9077719195,
  "liquidity_sol": 20834.579204937,
  "liquidity_usd": 3925611.5159917437,
  "total_sol": 10508435.805935452,
  "total_usd": 1979979351.1099582,
  "self_staked_sol": 1214034.725192254,
  "self_staked_usd": 228746098.06850645,
  "standard_staked_sol": 5272087.022841556,
  "standard_staked_usd": 993356540.902599,
  "total_virtual_staked_sol": 6296958.954764914,
  "total_virtual_staked_usd": 1186460947.7063458,
  "marinade_native_stake_sol": 4001479.478696706,
  "marinade_native_stake_usd": 753951100.6228613
}