{
  "staked_sol": 6482241.982097488,
  "staked_usd": 1247866404.0280495,
  "msol_directed_stake_sol": 1296448.3964194977,
  "msol_directed_stake_msol": 923692.8340144084,
  "liquidity_sol": 20958.771941743,
  "liquidity_usd": 4034676.1888892236,
  "total_sol": 10382663.154147685,
  "total_usd": 1998718432.63224,
  "self_staked_sol": 1214034.725192254,
  "self_staked_usd": 233708206.36977193,
  "standard_staked_sol": 5268207.256905234,
  "standard_staked_usd": 1014158197.6582776,
  "total_virtual_staked_sol": 6451629.970785449,
  "total_virtual_staked_usd": 1241973427.4033694,
  "marinade_native_stake_sol": 3879462.400108454,
  "marinade_native_stake_usd": 746817352.4153016
}