{
  "staked_sol": 6112550.578174948,
  "staked_usd": 881804905.7483122,
  "msol_directed_stake_sol": 1222510.1156349897,
  "msol_directed_stake_msol": 954866.6303979346,
  "liquidity_sol": 20716.497766308,
  "liquidity_usd": 2988590.2990284422,
  "total_sol": 10260160.819836084,
  "total_usd": 1480144831.3576858,
  "self_staked_sol": 1214034.725192254,
  "self_staked_usd": 175138309.7337037,
  "standard_staked_sol": 4898515.852982694,
  "standard_staked_usd": 706666596.0146086,
  "total_virtual_staked_sol": 6072024.68293278,
  "total_virtual_staked_usd": 875958584.6786785,
  "marinade_native_stake_sol": 4126893.743894828,
  "marinade_native_stake_usd": 595351335.3103453
}