{
  "staked_sol": 5526170.130858097,
  "staked_usd": 954428249.9633409,
  "msol_directed_stake_sol": 1105234.0261716195,
  "msol_directed_stake_msol": 889739.1887149656,
  "liquidity_sol": 18902.244324042,
  "liquidity_usd": 3264618.26968283,
  "total_sol": 8325169.978494713,
  "total_usd": 1437845239.120107,
  "self_staked_sol": 1214034.725192254,
  "self_staked_usd": 209676685.7918009,
  "standard_staked_sol": 4312135.405665843,
  "standard_staked_usd": 744751564.1715399,
  "total_virtual_staked_sol": 5454367.273904879,
  "total_virtual_staked_usd": 942027134.2753613,
  "marinade_native_stake_sol": 2780097.603312574,
  "marinade_native_stake_usd": 480152370.8870832
}